canonical_smiles,cytotoxic_label
C1(=O)C2(C3(C4(C1(C5(C2(C3(C(C45Cl)(Cl)Cl)Cl)Cl)Cl)Cl)Cl)Cl)Cl,0.723737
C1=CC=NC(=C1)C2=CC=CC=N2,0.21821988
CC1=C2CCC3=C2C(=CC4=C3C=CC5=CC=CC=C54)C=C1,0.7635462
CC(C)C1=CC2=C(C=C1)OC3=NC(=C(C=C3C2=O)C(=O)O)N,0.58068293
CC(C)(C#N)C1=CC(=CC(=C1)CN2C=NC=N2)C(C)(C)C#N,0.6823589
CN1CCC=C(C1)C(=O)OC,0.19099438
COC1=CC=C(C=C1)CCN2CCC(CC2)NC3=NC4=CC=CC=C4N3CC5=CC=C(C=C5)F,0.85590017
CN1C(=O)COC2=C(C=C(C=C21)Cl)C(=O)NC3CN4CCC3CC4,0.15348616
CN1C=NC(=C1SC2=NC=NC3=C2NC=N3)[N+](=O)[O-],0.81505966
C1=CSC(=C1)CNC2=CC(=C(C=C2C3=NNN=N3)S(=O)(=O)N)Cl,0.41917554
CN(C)CCCOC1(CCCCCC1)CC2=CC=CC=C2,0.49845228
CC(C)N1C(=O)C2=CC=CC=C2NS1(=O)=O,0.19154412
CCN(CC)C(=O)C1CN2CCC3=CC(=C(C=C3C2CC1OC(=O)C)OC)OC,0.2218737
C1=CC=C(C=C1)CSCC2=NS(=O)(=O)C3=CC(=C(C=C3N2)Cl)S(=O)(=O)N,0.22901441
CC(C)COCC(CN(CC1=CC=CC=C1)C2=CC=CC=C2)N3CCCC3,0.61862314
C1=CC=C(C=C1)C2=CC(=O)C3=C(O2)C=CC4=CC=CC=C43,0.8341193
CC(C)NCC(COC1=CC=C(C=C1)CCOCC2CC2)O,0.5512753
CC(CS(=O)(=O)C1=CC=C(C=C1)F)(C(=O)NC2=CC(=C(C=C2)C#N)C(F)(F)F)O,0.53024966
C1=CC=C(C=C1)C2=CC=C(C=C2)C(C3=CC=CC=C3)N4C=CN=C4,0.70324284
CC1=C(C(=O)C(=C(C1=O)C)C(CCCCCC(=O)O)C2=CC=CC=C2)C,0.73040485
CCCCC1C(=O)NC(=O)N(C1=O)C2CCCCC2,0.24083166
CC(C)(C)NCC(COC1=CC=CC=C1OCC2CCCO2)O,0.21322176
C1CCC2(C1)CC(=O)N(C(=O)C2)CCCCN3CCN(CC3)C4=NC=CC=N4,0.2841617
CCN(CC(C)O)C1=NN=C(C=C1)NNC(=O)OCC,0.17821671
CCOC1=NC2=CC=CC(=C2N1CC3=CC=C(C=C3)C4=CC=CC=C4C5=NNN=N5)C(=O)OC(C)OC(=O)OC6CCCCC6,0.70969784
CCOC1=NC2=CC=CC(=C2N1CC3=CC=C(C=C3)C4=CC=CC=C4C5=NNN=N5)C(=O)O,0.53043014
C1=CC=C2C(=C1)C=CC3=CC=CC=C3N2C(=O)N,0.42712355
CN1C(S(=O)(=O)CCC1=O)C2=CC=C(C=C2)Cl,0.21338692
C1=CC=C2C(=C1)C(=O)NC2(C3=CC(=C(C=C3)Cl)S(=O)(=O)N)O,0.14644325
CC1(C2CCC(O1)(CC2)C)C,0.16961655
CCN1C2=CC3=C(C=C2C(=O)C(=N1)C(=O)O)OCO3,0.10561073
C1CC1C2=CC=CC=C2OCC3=NCCN3,0.41633403
COC1CN(CCC1NC(=O)C2=CC(=C(C=C2OC)N)Cl)CCCOC3=CC=C(C=C3)F,0.36974356
C1CCN(CC1)C2(CCN(CC2)CCCN3C4=CC=CC=C4CCC5=C3C=C(C=C5)Cl)C(=O)N,0.8828286
C1=CC=C(C=C1)C(C2=CC=CC=C2)(C3=CC=CC=C3Cl)N4C=CN=C4,0.7343177
CC(=O)OC1=CC=C(C=C1)C(=C2CCCCC2)C3=CC=C(C=C3)OC(=O)C,0.90257144
C1CCC(C1)CC2NC3=CC(=C(C=C3S(=O)(=O)N2)S(=O)(=O)N)Cl,0.057902325
C1C2CC(C1C=C2)C3NC4=CC(=C(C=C4S(=O)(=O)N3)S(=O)(=O)N)Cl,0.05062541
CN1CCC(=C2C3=CC=CC=C3C=CC4=CC=CC=C42)CC1,0.7473613
C1CCN(CC1)CCCC(C2=CC=CC=C2)(C3=CC=CC=C3)O,0.61580276
COC1=CC(=CC(=C1OC)OC)C(=O)OCCCN2CCCN(CC2)CCCOC(=O)C3=CC(=C(C(=C3)OC)OC)OC,0.3170374
C1CCN(CC1)C2=NC(=NC3=C2N=C(N=C3N4CCCCC4)N(CCO)CCO)N(CCO)CCO,0.66337085
C1=CC=[N+](C(=C1)SSC2=CC=CC=[N+]2[O-])[O-],0.90312016
C1CN(CCC1N2C3=C(C=C(C=C3)Cl)NC2=O)CCCN4C5=CC=CC=C5NC4=O,0.80848354
C1CN(CC=C1N2C3=CC=CC=C3NC2=O)CCCC(=O)C4=CC=C(C=C4)F,0.7421445
CC(C)(C)C1=CC=C(C=C1)C(=O)CCCN2CCC(CC2)OC(C3=CC=CC=C3)C4=CC=CC=C4,0.75445616
CCOC1=C(C=NN(C1=O)C)N2CCOCC2,0.15588595
CCN1C=C(C(=O)C2=CC(=C(N=C21)N3CCNCC3)F)C(=O)O,0.13074994
CC1=CC(=NC(=N1)N2C(=CC(=N2)C)OC)OC,0.2842483
CCOC(=O)C1=CC=C(C=C1)NC(=O)CN2CCCCC2,0.106732
CCC1=C2C(=CC=C1)C3=C(N2)C(OCC3)(CC)CC(=O)O,0.25020233
CCN1C(C2=CC=CC=C2C1=O)NC3=CC=C(C=C3)OCCN4CCCCC4,0.7151299
COC(=O)NC1=NC2=C(N1)C=C(C=C2)SC3=CC=CC=C3,0.99585503
C1CN(CCC12C(=O)NCN2C3=CC=CC=C3)CCCC(C4=CC=C(C=C4)F)C5=CC=C(C=C5)F,0.86493397
CC1=NC2=C(N1)C(=O)N(C(=O)N2CC3=CC=CO3)C,0.1524294
C1=COC(=C1)CNC2=CC(=C(C=C2C(=O)O)S(=O)(=O)N)Cl,0.15780443
C1C(COC1(CN2C=NC=N2)C3=C(C=C(C=C3)Cl)Cl)Br,0.5773424
CC1=CC=C(C=C1)S(=O)(=O)NC(=O)NN2CC3CCCC3C2,0.07365783
CCC1=C(CN(C1=O)C(=O)NCCC2=CC=C(C=C2)S(=O)(=O)NC(=O)NC3CCC(CC3)C)C,0.08061573
CC1=CN=C(C=N1)C(=O)NCCC2=CC=C(C=C2)S(=O)(=O)NC(=O)NC3CCCCC3,0.09678682
COC1=C(C=C(C=C1)Cl)C(=O)NCCC2=CC=C(C=C2)S(=O)(=O)NC(=O)NC3CCCCC3,0.13993032
CC1=CC2=C(C(=C(C(=C2C(C)C)O)O)C=O)C(=C1C3=C(C4=C(C=C3C)C(=C(C(=C4C=O)O)O)C(C)C)O)O,0.87840676
CCCCC(CC)CN1CC(CN(C1)CC(CC)CCCC)(C)N,0.43663365
CC1(C(=O)NC(=O)N(C1=O)C)C2=CCCCC2,0.11784078
CN1CCCN(CC1)C(C2=CC=CC=C2)C3=CC=C(C=C3)Cl,0.6177544
CC(C)C1=NN2C=CC=CC2=C1C(=O)C(C)C,0.43758455
CC1CC2=CC=CC=C2N1NC(=O)C3=CC(=C(C=C3)Cl)S(=O)(=O)N,0.2066794
CC(=O)N(CC(CN(C1=C(C(=C(C(=C1I)C(=O)NCC(CO)O)I)C(=O)NCC(CO)O)I)C(=O)C)O)C2=C(C(=C(C(=C2I)C(=O)NCC(CO)O)I)C(=O)NCC(CO)O)I,4.70882e-06
CCCCC1=NC2(CCCC2)C(=O)N1CC3=CC=C(C=C3)C4=CC=CC=C4C5=NNN=N5,0.55786765
CC1=C(C(C(=C(N1)C)C(=O)OC(C)C)C2=CC=CC3=NON=C32)C(=O)OC,0.9348252
C1CN(CCC1C(=O)C2=CC=C(C=C2)F)CCN3C(=O)C4=CC=CC=C4NC3=O,0.5200614
CN1CCC(=C2C3=C(C(=O)CC4=CC=CC=C42)SC=C3)CC1,0.5064426
CC1=CC(=O)C2=C(C3=C(C(=C2O1)OC)OC=C3)OC,0.46697503
C1=COC(=C1)CNC2=NC=NC3=C2NC=N3,0.49253756
C1=CC(=C(C(=C1)Cl)Cl)C2=C(N=C(N=N2)N)N,0.7286527
CC(=CCC1=C(C2=CC=CC=C2C(=O)C1=O)O)C,0.61108714
CC1=C(C=NO1)C(=O)NC2=CC=C(C=C2)C(F)(F)F,0.50129
C1=CC(=CC=C1C#N)C(C2=CC=C(C=C2)C#N)N3C=NC=N3,0.7282559
CC1=C(C(=CC=C1)C)NC(=O)CN2CCN(CC2)CCCC(C3=CC=C(C=C3)F)C4=CC=C(C=C4)F,0.69888014
C1=CC=C(C=C1)N2C3=CC=CC=C3C(C2=O)(CC4=CC=NC=C4)CC5=CC=NC=C5,0.7684923
CN(C1=NC(=CC=C1)OC)C(=S)OC2=CC3=C(CCCC3)C=C2,0.6705698
CN(C)C(=O)C(CCN1CCC(CC1)(C2=CC=C(C=C2)Cl)O)(C3=CC=CC=C3)C4=CC=CC=C4,0.7311428
CCCCC1=NC(=C(N1CC2=CC=C(C=C2)C3=CC=CC=C3C4=NNN=N4)CO)Cl,0.50709224
CC(C1=CC=C(C=C1)CC2CCCC2=O)C(=O)O,0.18010934
CC1(CCC2CC(CC1N2C)OC(=O)C(C3=CC=CS3)(C4=CC=CS4)O)C,0.22319853
COC(=O)NC1=NC2=C(N1)C=C(C=C2)C(=O)C3=CC=CC=C3,0.98412687
CC1(CCCO1)CN(C)S(=O)(=O)C2=CC(=C(C=C2)Cl)S(=O)(=O)N,0.118005425
C1N2CN3CN1CN(C2)C3,0.6129309
COC(=O)NC1=NC2=C(N1)C=C(C=C2)C(=O)C3=CC=CS3,0.9876859
CC1=CC2=C(C=C1S(=O)(=O)N)S(=O)(=O)CCC2,0.14728817
CC1NC2=CC(=C(C=C2C(=O)N1C3=CC=CC=C3C)S(=O)(=O)N)Cl,0.22791128
CC(C)(C1=CN=CC=C1)C(=O)C2=CN=CC=C2,0.37346193
C1CCN(CC1)C2=NC(=N)N(C(=C2)N)O,0.53495723
C1COCCN1CCNC(=O)C2=CC=C(C=C2)Cl,0.33190277
C1CCN2C(C1)NC(=O)C23CCN(CC3)CCCN4C5=CC=CC=C5CCC6=C4C=C(C=C6)Cl,0.8650435
CC1CCC2=C3N1C=C(C(=O)C3=CC(=C2N4CCC(CC4)O)F)C(=O)O,0.22283189
COC1=CC=CC=C1N2CCN(CC2)CC(COC3=CC=CC4=CC=CC=C43)O,0.44792315
CCN1C=C(C(=O)C2=C1N=C(C=C2)C)C(=O)O,0.13153204
CC1=C2C(=NC=C1)N(C3=C(C=CC=N3)C(=O)N2)C4CC4,0.56736475
C1=CC=C(C=C1)CNC(=O)CCNNC(=O)C2=CC=NC=C2,0.09610441
C1=CC(=CN=C1)C(=O)OCC(COC(=O)C2=CN=CC=C2)(COC(=O)C3=CN=CC=C3)COC(=O)C4=CN=CC=C4,0.73387706
CC1=C(C(=O)N(N1C)C2=CC=CC=C2)NC(=O)C3=CN=CC=C3,0.0483212
CC1COC2=C3N1C=C(C(=O)C3=CC(=C2N4CCN(CC4)C)F)C(=O)O,0.12040574
C1=CC=C(C=C1)C2=C(OC(=N2)CCC(=O)O)C3=CC=CC=C3,0.20370743
C1CN(CCN1CCCN2C3=CC=CC=C3NC2=O)C(C4=CC=CC=C4)C5=CC=CC=C5,0.4894512
CC(C)(CC1=CC=CC=C1)N(C)C(=O)CN(CCO)CC(=O)N(C)C(C)(C)CC2=CC=CC=C2,0.16206837
C1=CC=C(C=C1)C2C(=O)N=C(O2)N,0.17162828
C1=CC=C(C(=C1)C(=O)NC2=CC=C(C=C2)S(=O)(=O)NC3=NC=CS3)C(=O)O,0.023518924
CC1=NC(=C(C(=N1)Cl)NC2=NCCN2)OC,0.12143357
CCN1C=C(C(=O)C2=CN=C(N=C21)N3CCNCC3)C(=O)O,0.16813034
CC1=C(C(=O)N2C=CC=CC2=N1)CCN3CCC(CC3)C(=O)C4=CC=C(C=C4)F,0.5570929
CN1CCN(CC1)CC(=O)N2C3=CC=CC=C3C(=O)NC4=C2N=CC=C4,0.11925757
C1CCN(C1)C2=C(C(=CC(=C2)C(=O)O)S(=O)(=O)N)OC3=CC=CC=C3,0.38007995
C1CN(CCN1CC2=CC3=C(C=C2)OCO3)C4=NC=CC=N4,0.31072608
CCN1C=C(C(=O)C2=CN=C(N=C21)N3CCCC3)C(=O)O,0.2239534
CC(C1=CC2=C(C=C1)OC3=C(C2)C=CC=N3)C(=O)O,0.33317643
COC1=C(C=C2C(=C1)C(=NC(=N2)N3CCN(CC3)C(=O)C4=CC=CO4)N)OC,0.2244303
C1CCN(CC1)CCC(C2=CC=CC=C2)(C3=CC=CC=C3)O,0.622948
CCC1(C(=O)NCNC1=O)C2=CC=CC=C2,0.027542925
CC(C)(C)C1=CC(=CC(=C1O)C(C)(C)C)SC(C)(C)SC2=CC(=C(C(=C2)C(C)(C)C)O)C(C)(C)C,0.80535716
CCC1(C(=O)C=CNC1=O)CC,0.21079108
C1=CC=C2C(=C1)C(=CC(=O)N2)CC(C(=O)O)NC(=O)C3=CC=C(C=C3)Cl,0.19805034
CC1=C(C(=O)N2C=CSC2=N1)CCN3CCC(=C(C4=CC=C(C=C4)F)C5=CC=C(C=C5)F)CC3,0.9190223
COC1=C(C=C(C=C1)C2CC(=O)NC2)OC3CCCC3,0.2758177
C1=CC=C2C(=C1)C(=O)NS2(=O)=O,0.029313248
C[N+]1=C2C(=C3C=CC4=C(C3=C1)OCO4)C=CC5=CC6=C(C=C52)OCO6,0.8228761
CC(C)(C(=O)OCCCOC(=O)C(C)(C)OC1=CC=C(C=C1)Cl)OC2=CC=C(C=C2)Cl,0.7985004
C1CN(CCC12C(=O)NCN2C3=CC=CC=C3)CCCC(=O)C4=CC=C(C=C4)F,0.53143984
C1=CC=C(C=C1)C(=O)NS(=O)(=O)C2=CC=C(C=C2)N,0.06280167
CCN1C=CC(=NC1=O)NS(=O)(=O)C2=CC=C(C=C2)N,0.058068614
C1=CC=C(C=C1)N2C(=CC=N2)NS(=O)(=O)C3=CC=C(C=C3)N,0.11952116
C1=CC=NC(=C1)NS(=O)(=O)C2=CC=C(C=C2)N,0.035022665
C1=CC=C2C(=C1)N=CC(=N2)NS(=O)(=O)C3=CC=C(C=C3)N,0.14665502
C1=CC=C(C=C1)N2C(=O)C(C(=O)N2C3=CC=CC=C3)CCS(=O)C4=CC=CC=C4,0.10964807
C1CCS(=O)(=O)N(C1)C2=CC=C(C=C2)S(=O)(=O)N,0.17849842
CC1=C(C=C(C=C1)C(=O)NC2=C3C(=CC(=CC3=C(C=C2)S(=O)(=O)O)S(=O)(=O)O)S(=O)(=O)O)NC(=O)C4=CC(=CC=C4)NC(=O)NC5=CC=CC(=C5)C(=O)NC6=C(C=CC(=C6)C(=O)NC7=C8C(=CC(=CC8=C(C=C7)S(=O)(=O)O)S(=O)(=O)O)S(=O)(=O)O)C,0.48721904
C=CCN1CCC2=C(CC1)SC(=N2)N,0.4384435
CCOC(=O)C1=CN=C(C=C1)C#CC2=CC3=C(C=C2)SCCC3(C)C,0.795384
C1=CC(=CC=C1OC2=C(C=C(C=N2)Cl)Cl)OC3=C(C=C(C=N3)Cl)Cl,0.8391298
CC1=C2C(=CS1)C(=O)NC3=CC=CC=C3N2C(=O)CN4CCN(CC4)C,0.082093924
CN1C(=O)N2C=NC(=C2N=N1)C(=O)N,0.17753713
C1CC(=O)NC(=O)C1N2C(=O)C3=CC=CC=C3C2=O,0.036329616
CCOC(=O)C1=C(SC2=C1CCN(C2)CC3=CC=CC=C3)N,0.50030863
C1=CC(=C(C=C1Cl)Cl)C(CN2C=CN=C2)OCC3=C(SC=C3)Cl,0.89357734
C1CN=C(N1)NC2=C(C=CC3=NSN=C32)Cl,0.24419864
CC1=CC=C(C=C1)S(=O)(=O)NC(=O)NN2CCCCCC2,0.08544021
CC1=CC(=CC=C1)N(C)C(=S)OC2=CC3=C(C=C2)C4CCC3C4,0.7016962
CC1=CC(=CC=C1)N(C)C(=S)OC2=CC3=CC=CC=C3C=C2,0.7330669
CCN(CC)C1=CC(=NC2=NC=NN12)C,0.32171386
C1=CC=C(C=C1)C2=NC3=C(N=C(N=C3N=C2N)N)N,0.71648306
CC1=C(C2=C(CCC(O2)(C)COC3=CC=C(C=C3)CC4C(=O)NC(=O)S4)C(=C1O)C)C,0.50922805
CCN(CC1=CC=NC=C1)C(=O)C(CO)C2=CC=CC=C2,0.119077556
CC(C)NC1=C(N=CC=C1)N2CCN(CC2)C(=O)C3=CC4=C(N3)C=CC(=C4)NS(=O)(=O)C,0.09578267
CC1=C(C(=CC=C1)NC2=CC(=NC(=N2)SCC(=O)O)Cl)C,0.59902
CC1=C(C(=CC=C1)C)NC2=NCCCS2,0.38809803
CC1=CC=CC=C1S(=O)(=O)NC(=O)C2=CC(=C(C=C2)CC3=CN(C4=C3C=C(C=C4)NC(=O)OC5CCCC5)C)OC,0.62592787
CCN(C1=CC=CC(=C1)C2=CC=NC3=C(C=NN23)C#N)C(=O)C,0.4683199
CC(C1=CC2=C(C=C1)SC3=CC=CC=C3C(=O)C2)C(=O)O,0.3670407
COC1=C(C=CC(=C1)C2=NNC(=O)C=C2)OC(F)F,0.47210553
C1=CC=C2C(=C1)C(=NO2)CS(=O)(=O)N,0.17100771
CN(C)CCOC1=CC2=CC=CC=C2SC3=C1C=C(C=C3)Cl,0.8317385
COC1=C(C=C2C(=C1)CC(C2=O)CC3CCN(CC3)CC4=CC=CC=C4)OC.Cl,0.5364157
CC1=C(C(=O)C2=C(C1=O)N3CC4C(C3(C2COC(=O)N)OC)N4)N,0.020040689
CC1=CC=C(C=C1)N(CC2=NCCN2)C3=CC(=CC=C3)O,0.43042102
CC(=O)SC1CC2=CC(=O)CCC2(C3C1C4CCC5(C4(CC3)C)CCC(=O)O5)C,0.65442324
CC12CCC(CC1CCC3C2CCC4(C3CCC4=O)C)O,0.5184082
C1=CC=C2C(=C1)C=CC3=CC4=C(C=CC5=CC=CC=C54)C=C32,0.8235946
CCC1C(COC1=O)CC2=CN=CN2C,0.17944051
CC12CCN(C1N(C3=C2C=C(C=C3)OC(=O)NC)C)C,0.31664348
C1C2C(C(C(O2)N3C=NC4=C(N=CN=C43)N)O)OP(=O)(O1)O,0.21302244
C1=CC2=C(C=C1Cl)N=C(O2)N,0.521862
C[N+]1(CCC(=C(C2=CC=CC=C2)C3=CC=CC=C3)CC1)C.COS(=O)(=O)[O-],0.73609495
CC1CC(C(=O)C(C1)C(CC2CC(=O)NC(=O)C2)O)C,0.1708356
C[N+]1(CC2=C(C1)C(=C(C(=C2Cl)Cl)Cl)Cl)CC[N+](C)(C)C.[Cl-].[Cl-],0.6488671
CCC1NC2=CC(=C(C=C2C(=O)N1)S(=O)(=O)N)Cl,0.056885567
CC1CN1,0.10205746
CC12C(C=CC3(C1C(C45C3CCC(C4)(C(=C)C5)O)C(=O)O)OC2=O)O,0.2786486
C1C=CCS1(=O)=O,0.2418748
CCN(CC)CCOC1=CC=C(C=C1)C(CC2=CC=C(C=C2)Cl)(C3=CC=C(C=C3)C)O,0.88052374
CC(C)(C1=CC=CC=C1)OOC(C)(C)C2=CC=CC=C2,0.6254753
C1C2C3CC4C(C3C1C5C2O5)O4,0.06217985
CC(CCC(=O)O)C1CCC2C1(C(=O)CC3C2C(=O)CC4C3(CCC(=O)C4)C)C,0.29228225
C1=CC2=C3C(=CC=C4C3=C1C(=O)OC4=O)C(=O)OC2=O,0.12757905
C1=CC2=C3C(=C1)C(=O)OC(=O)C3=CC=C2,0.11770643
C1=CC=C(C=C1)C(C2=CC=CC=C2)C(=O)C3C(=O)C4=CC=CC=C4C3=O,0.611975
C1=CC2=C3C(=C1)C(=O)C(=O)C3=CC=C2,0.4671354
CC(=C)C1CC2=C(O1)C=CC3=C2OC4COC5=CC(=C(C=C5C4C3=O)OC)OC,0.41490135
C1=CC=C(C=C1)C2=CC=CC=C2C3=CC=CC=C3,0.8309106
C1CCC(CC1)OC(=O)C2=CC=CC=C2C(=O)OC3CCCCC3,0.44593045
C1=CC=C(C=C1)OC(=O)C2=CC=CC=C2C(=O)OC3=CC=CC=C3,0.34128746
C1=CC=C(C=C1)C(=O)OC2=CC=CC3=C2N=CC=C3,0.6613243
C1=C2C(=CC3=C1C(=O)OC3=O)C(=O)OC2=O,0.24492206
C1CCC(CC1)C2CCCCC2=O,0.28943154
CN(C)CCN(CC1=CSC=C1)C2=CC=CC=N2,0.20109244
C1=CC=C(C=C1)C2=CC=C(C=C2)C3=CC=CC=C3,0.7546506
C1=CC=C2C=C(C=CC2=C1)NC3=CC=C(C=C3)NC4=CC5=CC=CC=C5C=C4,0.94482607
C1=CC=C(C=C1)C(=O)OC(=O)C2=CC=CC=C2,0.34647685
C1CCN(CC1)C(=S)SSC(=S)N2CCCCC2,0.88145
CC(CN=CC1=CC=CC=C1O)N=CC2=CC=CC=C2O,0.7271952
C1C=CC2=CC=CC=C21,0.4402111
C1COCCN1SSC2=NC3=CC=CC=C3S2,0.7997582
CC1C(=O)OC(C(=O)O1)C,0.2378017
CC1=CCC(=CC1)C(C)C,0.29687816
C1CCC(=NO)CC1,0.1586422
C1=CC=C(C=C1)OP(OC2=CC=CC=C2)OC3=CC=CC=C3,0.23545103
C1C(O1)COC2=CC(=CC=C2)OCC3CO3,0.08906547
C1=CC=C(C=C1)CCOC(=O)CC2=CC=CC=C2,0.53930527
C1COCCN1SC2=NC3=CC=CC=C3S2,0.6708998
C1COCCN1SSN2CCOCC2,0.38608885
C1=CC=C(C=C1)COCC2=CC=CC=C2,0.51544744
C1=CC(=O)OC1=O,0.3533315
C1CC(=O)OC(=O)C1,0.18135008
C1CCCCCCCC(=O)OCCCCCCC1,0.07825566
CC[N+](CC)(CCNC(=O)C(=O)NCC[N+](CC)(CC)CC1=CC=CC=C1Cl)CC2=CC=CC=C2Cl.[Cl-].[Cl-],0.04202194
C1=CC=C2C(=C1)C=NNC2=O,0.33695912
C1=CC=C2C(=C1)N=C(S2)SSC3=NC4=CC=CC=C4S3,0.88941693
CCN1CCCC(C1)OC(=O)C(C2=CC=CC=C2)C3=CC=CC=C3.Cl,0.38628107
C1=CC=C2C(=C1)C(=O)C3=CC(=C4C(=C3C2=O)NC5=C(C=C6C(=C5N4)C(=O)C7=CC=CC=C7C6=O)Cl)Cl,0.9202707
C1=CC=C2C(=C1)C=CC=C2NC(=O)C3=CC=CC=C3C(=O)O,0.27255523
C1=CC=C(C=C1)NN=NC2=CC=CC=C2,0.74003345
C1=CC=C(C=C1)N=NC2=C(N=C(C=C2)N)N.Cl,0.71642214
CCCC1=NC=C(C(=N1)N)C[N+]2=CC=CC=C2C.Cl.[Cl-],0.3591499
C1=CC(=CC=C1C(=N)N)OCCCCCOC2=CC=C(C=C2)C(=N)N.C(CS(=O)(=O)O)O.C(CS(=O)(=O)O)O,0.4443463
CC12CCC3C(C1CCC2(C#C)O)CCC4=C3C=CC(=C4)OC5CCCC5,0.87823534
COC1=NC=CN=C1NS(=O)(=O)C2=CC=C(C=C2)N,0.10464374
C1=CC2=C3C(=C1)C4=CC=CC5=C4C6=C(C=C5)C=CC(=C36)C=C2,0.9564519
C1=CC=C2C(=C1)C3=CC=CC4=C3C5=C(C=CC=C25)C=C4,0.94802725
C1=CC=C2C(=C1)C3=C4C2=CC5=CC=CC6=C5C4=C(C=C6)C=C3,0.8855274
C1C2=CC=CC3=C2C4=C(C=CC=C41)C=C3,0.90440756
C1=CC=C2C3=C4C(=CC=C3)C5=CC=CC=C5C4=CC2=C1,0.8383066
C1=CC2=C3C(=C1)C=CC3=CC=C2,0.84249175
C1=CC=C2C=C3C4=CC=CC=C4C5=CC=CC=C5C3=CC2=C1,0.8626431
C1=CC=C2C(=C1)C=CC3=C2C=CC4=CC=CC=C43,0.867707
C1=CC=C2C(=C1)OC3=CC=CC=C3S2,0.8513669
C1CN2CCN1CC2,0.3915795
COC(=O)C(C1CCCCN1)C2=CC=CC=C2.Cl,0.13352498
CN1C(=O)CCC(=N1)C(=O)N,0.17531562
CC12CCC3C(C1CCC2OC(=O)CCC4CCCC4)CCC5=C3C=CC(=C5)O,0.7242047
CC1C(=O)OC2CCN3C2C(=CC3)COC(=O)C(C1(C)O)(C)O,0.3169882
CC1=CC(=NC(=O)N1)C.C1=CC(=CC=C1NC(=O)NC2=CC=C(C=C2)[N+](=O)[O-])[N+](=O)[O-],0.8107221
C1CS1,0.18175586
CN1CCC2=CC3=C(C4=C2C1CC5=CC=C(C=C5)OC6=C(C=CC(=C6)CC7C8=CC(=C(C=C8CCN7C)OC)O4)OC)OCO3,0.5641623
C1=CC=C(C=C1)C2=C(N=C(S2)N)N,0.36230764
C1CCCCCCCC(=O)CCCCCC1,0.05635361
C1COC1,0.08219156
CN1CN(C(=S)SC1)C,0.75356704
CC1CCCCN1CCCOC(=O)C2=CC=C(C=C2)OC3CCCCC3,0.60624427
C1=CC=C(C=C1)CSCC2=CC=CC=C2,0.5059518
C1CCC(CC1)N=C=NC2CCCCC2,0.5940179
C[Si]1(O[Si](O[Si](O[Si](O[Si](O1)(C)C)(C)C)(C)C)(C)C)C,0.1463118
C[Si]1(O[Si](O[Si](O1)(C)C)(C)C)C,0.14631183
C1=CC(=O)NC1=O,0.25451437
C1=CN=CC=C1C2=CC=NC=C2,0.2653136
C(C1C(C(C(C(O1)OC2C(OC(C2O)(CO)O)CO)O)O)O)O,0.116061814
C1CN(CC2=CC=CC=C21)C(=N)N.C1CN(CC2=CC=CC=C21)C(=N)N.OS(=O)(=O)O,0.100066535
C1=NN=CN1N,0.19283317
CC1=CCC(=C(C)C)CC1,0.30050287
C1=CC=C(C=C1)[Hg]C2=CC=CC=C2,0.9997602
CC1=CCC(=O)O1,0.20807521
C1=CC=C(C=C1)[Sb](C2=CC=CC=C2)C3=CC=CC=C3,0.9999193
C1C(=O)CC2=CC=CC=C21,0.19792214
COC1=C(C2=C[N+]3=C(C=C2C=C1)C4=CC5=C(C=C4CC3)OCO5)OC.[Cl-],0.6793415
COC1=CC(=CC(=C1OC)OC)C(=O)N2CCOCC2,0.10703119
C1=CC=C(C=C1)P(=O)(C2=CC=CC=C2)C3=CC=CC=C3,0.7359727
C1=CC=C(C=C1)SSC2=CC=CC=C2,0.73578405
CCN(CC)CCN1C2=C(C=C(C=C2)[N+](=O)[O-])N=C1CC3=CC=C(C=C3)OCC,0.8351337
C1=CC=C2C(=C1)C(=CC=C2S(=O)(=O)[O-])N=NC3=C4C=CC(=CC4=CC(=C3O)S(=O)(=O)[O-])S(=O)(=O)[O-].[Na+].[Na+].[Na+],0.6184678
CC1(C(=O)C(C1=O)(C)C)C,0.29451138
C1=CC=C(C=C1)N2C(=O)C=CC2=O,0.22355814
CCOP(=O)(N=C1SCCS1)OCC,0.51883286
C1CCCCCC(=O)NCCCCC1,0.064329125
CC12CCC(=O)C=C1C=CC3C2CCC4(C3CCC45CCC(=O)O5)C,0.8300359
CCNC1=CC2=C(C=C1C)C(=C3C=C(C(=[NH+]CC)C=C3O2)C)C4=CC=CC=C4C(=O)OCC.[Cl-],0.7912578
C1=CC=C(C(=C1)C2=NN=CO2)O,0.26812822
C1C2C(COS(=O)(=O)O1)C3(C(=C(C2(C3(Cl)Cl)Cl)Cl)Cl)Cl,0.561686
CC1=CC=C(C=C1)S(=O)(=O)NC(=O)NC2CCCCCCC2,0.09291847
C1COS(=O)(=O)O1,0.28089106
C1COS(=O)(=O)C1,0.14170514
C1CCC(=NO)C1,0.10188415
C1(=C(SSC1=O)Cl)Cl,0.34183702
CC12CCC3C(C1CCC2(C)O)CCC4C3(CC5=NON=C5C4)C,0.5515712
CC[N+]1=C2C=C(C=CC2=C3C=CC(=CC3=C1C4=CC=CC=C4)N)N.[Br-],0.87792397
C1=CN(C=C1)CC2=CC=CO2,0.16846308
CC1(C(N2C(S1)C(C2=O)NC(=O)CC3=CC=CC=C3)C(=O)O)C.CC1(C(N2C(S1)C(C2=O)NC(=O)CC3=CC=CC=C3)C(=O)O)C.C1=CC=C(C=C1)CNCCNCC2=CC=CC=C2,0.00017088972
CC1CCN(CC1)CCCC(=O)C2=CC=C(C=C2)F,0.5050182
CC1=NC2=CC=CC=C2C1(C)C,0.6310895
CC12CCC(CC1CCC3C2CC(C4(C3(CCC4C5=CC(=O)OC5)O)C)O)O,0.6245363
C1CNCCC1C(C2=CC=CC=C2)(C3=CC=CC=C3)O,0.18506277
C1=CC=C2C(=C1)C(=O)NC(=O)O2,0.23499532
C1CN(CCC1N2C3=CC=CC=C3NC2=O)CCCC(C4=CC=C(C=C4)F)C5=CC=C(C=C5)F,0.91063
C1CN(CCC1N2C3=CC=CC=C3NC2=O)CCCC(=O)C4=CC=C(C=C4)F,0.7900567
CCOP(=S)(C1=CC=CC=C1)OC2=CC=C(C=C2)[N+](=O)[O-],0.7822302
C1=C(OC(=C1)[N+](=O)[O-])C2=NNC(=O)O2,0.66546243
C1CCC(CC1)N2CC3=CC(=C(C=C3C2=O)S(=O)(=O)N)Cl,0.23340562
CC1CC2C3CCC4=CC(=O)C=CC4(C3(C(CC2(C1(C(=O)COC(=O)C5=CC=NC=C5)O)C)O)F)C,0.22729255
C12(C3(C4(C5(C3(C(C1(C5(C2(C4(Cl)Cl)Cl)Cl)Cl)(Cl)Cl)Cl)Cl)Cl)Cl)Cl,0.7093024
C1CC2C(O2)CC1COC(=O)C3CCC4C(C3)O4,0.018213492
CC1=CC2=C(C=C1)N=C3C(=N2)SC(=O)S3,0.5107503
C1C(O1)CN2C(=O)N(C(=O)N(C2=O)CC3CO3)CC4CO4,0.3139359
CN(C)C1=CC=C(C=C1)C(=N)C2=CC=C(C=C2)N(C)C.Cl,0.88253284
CC(=O)OC1CC2C3CCC4=C(C3CCC2(C1OC(=O)C)C)C=CC(=C4)OC(=O)C5=CC=CC=C5,0.54628116
C1CN=C(N1)CN(CC2=CC=CC=C2)C3=CC=CC=C3.Cl,0.32037202
C1CCC(CC1)SSC2CCCCC2,0.561906
CCOC1=NC(=NS1)C(Cl)(Cl)Cl,0.582453
C1(=C(C(=O)C1=O)O)O,0.4641932
C1=CC(=CC(=C1)N2C(=O)C=CC2=O)N3C(=O)C=CC3=O,0.25581163
CC1C(=O)CCO1,0.13195722
C1=CC=C2C(=C1)C(=O)C3=C(C2=O)SC(=C(S3)C#N)C#N,0.82238096
C1=CC=C2C(=C1)C(=NC2=N)N,0.24777614
C[N+]12CCC(CC1)C(C2)OC(=O)C(C3=CC=CC=C3)(C4=CC=CC=C4)O.[Br-],0.31559733
CC[N+](CC)(CC1=CC=CC=C1)CC(=O)NC2=C(C=CC=C2C)C.C1=CC=C(C=C1)C(=O)[O-],0.08943744
CN(C1=CC=C(C=C1)OC(=O)C2=CC=CO2)C(=O)C(Cl)Cl,0.7261516
C1=CSC(=C1)C(=O)NC2=NC=C(S2)[N+](=O)[O-],0.26134643
C1=CC(=S)N(C=C1)[O-].[Na+],0.5256412
C1=CC=C(C=C1)C(=O)OCC(COC(=O)C2=CC=CC=C2)(COC(=O)C3=CC=CC=C3)COC(=O)C4=CC=CC=C4,0.7443555
C1CCC(CC1)N(C2CCCCC2)SC3=NC4=CC=CC=C4S3,0.8610208
C1CC(CC=C1)C2=CC=CC=C2,0.22534998
CC1=C(SCCO1)C(=O)NC2=CC=CC=C2,0.564348
CC1=C(S(=O)(=O)CCO1)C(=O)NC2=CC=CC=C2,0.14726622
C1=CC2=C(C=C1[N+](=O)[O-])C=NN2,0.52977216
CC1=CC=C(C=C1)C(C)OC(=O)C2(CCC(C2(C)C)C(=O)O)C.C(CO)NCCO,0.26666278
C1=CC(=O)NNC1=O,0.42166802
CN(C)CCOC(=O)C(C1=CC=CC=C1)C2(CCCC2)O.Cl,0.28522718
C1=CC2=C(C=CC(=C2)SSC3=CC4=C(C=C3)C=C(C=C4)O)C=C1O,0.87610346
CN(C)CCC=C1C2=CC=CC=C2C=CC3=CC=CC=C31.Cl,0.82458735
C1COCCN1CCN2C=NC=C2[N+](=O)[O-],0.13861756
C1CCCCCOCCCCOC(=O)CCCC1,0.09211899
C1=CSC(=C1)SSC2=CC=CS2,0.77832127
CNC(=O)OC1=CC=CC=C1C2OCCO2,0.0841548
C[N+]1(CCC2=CC(=C3C=C2C1CC4=CC=C(C=C4)OC5=C6C(CC7=CC(=C(C=C7)OC)O3)[N+](CCC6=CC(=C5OC)OC)(C)C)OC)C.[I-].[I-],0.76794934
C1=CC=C(C=C1)CN(CC2=CC=CC=C2)CC3=CC=CC=C3,0.84093606
CC1=C(C(=CC=C1)C)NC(=O)CN2CCCC2,0.10599034
CC1=CC(=O)NO1,0.044233177
C1=CN2C3C(C(C(O3)CO)O)OC2=NC1=N,0.17095396
CC1(C2CCC1(C(=O)C2=O)C)C,0.37632564
COC1=CC=C(C=C1)C(C2CC2)(C3=CN=CN=C3)O,0.8483823
CCOC(=O)C1=CN2C(=CC(=N2)OP(=S)(OCC)OCC)N=C1C,0.73327273
C1=CC=[N+](C(=C1)[S-])[O-].C1=CC=[N+](C(=C1)[S-])[O-].[Zn+2],0.8457978
CC1=CCC2C(C1)C2(C)C,0.66390026
COC1=CC(=CC(=C1OC)OC)C(=O)N2CCCCCCC2,0.26675466
CC(CC1=CC=CC=C1)N(C)CC2=CC=CO2,0.1014191
C1C2=CC=CC=C2N(C1=O)C3=C(C=CC=C3Cl)Cl,0.6190181
CN1CCC(=C2C3=C(CCC4=CC=CC=C42)SC=C3)CC1,0.57945704
CN1CCC(CC1)N(CC2=CC=CS2)C3=CC=CC=C3,0.54885125
C1=CC=C(C=C1)P(=O)(CC(=O)NN)C2=CC=CC=C2,0.33083004
CC1=C(C(=C(C2=C1OC(CC2)(C)CCCC(C)CCCC(C)CCCC(C)C)C)OC(=O)C3=CN=CC=C3)C,0.46399873
CCOP(=O)(SC1=CC=CC=C1)SC2=CC=CC=C2,0.6670367
CC12CCC3C(C1CCC2(C#C)O)CCC4=CC5=C(CC34C)C=NO5,0.8808445
CNC1=C2CCCCC2=NN1C,0.20752494
CN1CC(CC2C1CC3=CN(C4=CC=CC2=C34)C)CNC(=O)OCC5=CC=CC=C5,0.19788837
C1=CC(=CN=C1)C(C2=CC=C(C=C2)Cl)(C3=CC=C(C=C3)Cl)O,0.8851851
C1CCC(CC1)SN2C(=O)C3=CC=CC=C3C2=O,0.71373993
C1=CC=C(C=C1)C2=NC(=C(S2)CC(=O)O)C3=CC=C(C=C3)Cl,0.30685258
CCOP(=S)(OCC)OC1=NOC(=C1)C2=CC=CC=C2,0.5830497
CC(C)OC1=C(C=C(C(=C1)N2C(=O)OC(=N2)C(C)(C)C)Cl)Cl,0.80368835
CC1C(C(C(C(O1)OC2C(C(C(OC2OC3=CC(=C(C(=C3)O)C(=O)CCC4=CC(=C(C=C4)OC)O)O)CO)O)O)O)O)O,0.61612767
CC1=NC=C(C=C1)CCN2C3=C(CN(CC3)C)C4=C2C=CC(=C4)Cl,0.82997626
CC1(C2=C(C=CC(=C2)Br)NC(=O)O1)C,0.4274997
CC(C1=NCCN1)OC2=C(C=CC=C2Cl)Cl,0.29937664
C1=CC=C(C=C1)NNC2=CC=CC=C2,0.7453482
CC(C)CCOCC(CN1CCOCC1)OC(=O)C2=CC(=C(C(=C2)OC)OC)OC,0.33331296
C1=CC(=CC=C1OC2=C(C=C(C=C2)NC(=O)C3=C(C(=CC(=C3)I)I)O)Cl)Cl,0.8140593
CC1C(=NC(O1)C)C,0.19237569
COC1=C(C=CC(=C1)C2C(OC3=C(O2)C=C(C=C3)C4C(C(=O)C5=C(C=C(C=C5O4)O)O)O)CO)O,0.75538754
C1=CC=C(C=C1)CNC(=O)CN2C=CN=C2[N+](=O)[O-],0.061833322
C1=CC=C(C=C1)CCNC2=CC=CC=C2C(=O)O,0.24318294
CC1=C(C2=C(N1CC(=O)O)C=C(C=C2)OC)C(=O)C3=CC=C(C=C3)Cl,0.39565244
CC1=CC(=NN=C1NCCN2CCOCC2)C3=CC=CC=C3.Cl.Cl,0.4039325
COC1=CC2=C(C=C1)N=C(S2)NC(=O)NC3=CC=CC=C3,0.8551695
CCCN(CC1CC1)C2=C(C=C(C=C2[N+](=O)[O-])C(F)(F)F)[N+](=O)[O-],0.79575384
CN(CCCN1C2=CC=CC=C2CCC3=CC=CC=C31)CC(=O)C4=CC=C(C=C4)Cl.Cl,0.86980623
C1CN(CCC1(C2=CC(=C(C=C2)Cl)C(F)(F)F)O)CCCC(C3=CC=C(C=C3)F)C4=CC=C(C=C4)F,0.93981695
C1CC(CCC1CN)C(=O)OC2=CC=C(C=C2)CCC(=O)O.Cl,0.13876082
CN1CC(CC2(C1CC3=CN(C4=CC=CC2=C34)C)OC)COC(=O)C5=CC(=CN=C5)Br,0.20029682
CC1=CC(=CC=C1)N(C)C(=S)OC2=CC3=C(CCC3)C=C2,0.6857559
C1CC(C(C(C1)(COC(=O)C2=CN=CC=C2)COC(=O)C3=CN=CC=C3)O)(COC(=O)C4=CN=CC=C4)COC(=O)C5=CN=CC=C5,0.31805715
C1C2=CC=CC=C2N(C3=CC=CC=C3C1=O)C(=O)N,0.30447182
CC1=C(OC(=C1C(=O)NC2=CC=CC=C2)C)C,0.27046117
CCOC(=O)NC1=CC2=C(C=C1)SC3=CC=CC=C3N2C(=O)CCN4CCOCC4.Cl,0.88880646
CC1=CC=C(C=C1)C(=O)OC2=C(C=C(C=C2)C(CNC(C)(C)C)O)OC(=O)C3=CC=C(C=C3)C,0.37410003
C1=C(C(=C(C(=C1I)NC(=O)CCOCCOCCOCCOCCC(=O)NC2=C(C=C(C(=C2I)C(=O)O)I)I)I)C(=O)O)I,0.01542784
COC(=O)NC1=NC2=C(N1)C=C(C=C2)C(=O)C3CC3,0.99001604
CN(C)C1CSSSC1.C(=O)(C(=O)O)O,0.45901728
CC12CC1(C(=O)N(C2=O)C3=CC(=CC(=C3)Cl)Cl)C,0.61365426
C1CN(CC1C2=CC=CC=C2)CCC(=O)C3=CC4=C(C=C3)OCCO4,0.49994373
CC1=CC(=C(C=C1)N=CN(C)C=NC2=C(C=C(C=C2)C)C)C,0.41272885
C1CCC2=NC=CN=C2C1,0.2532411
CC(=O)NC1=CC=C(C=C1)OCCOCCOC2=CC=C(C=C2)NC(=O)C,0.47527432
C1=CC=C2C(=C1)C(=O)C3=CC=CC=C3N2CC(=O)O,0.31598198
C1CN(CCC1NC(=O)C2=CC=CC=C2)CCC3=CNC4=CC=CC=C43.Cl,0.5048394
C(NC(=O)NC1C(=O)NC(=O)N1CO)NC(=O)NC2C(=O)NC(=O)N2CO,0.003248248
CC1=NN=C(C(=O)N1N)C2=CC=CC=C2,0.16529308
CC1=CC(=O)N(C(=C1)C2CCCCC2)O.C(CO)N,0.38332134
CC1=C2C(=CC=C1)SC3=NN=CN23,0.42521352
CC(C)(C(=O)O)OC1=CC=C(C=C1)CCNC(=O)C2=CC=C(C=C2)Cl,0.48651487
CC1=CC(=C(N1C2=CC=C(C=C2)Cl)C)CC(=O)O,0.24567744
CN1C(=CC(=[N+]1C)C2=CC=CC=C2)C3=CC=CC=C3.COS(=O)(=O)[O-],0.23005646
C1CC2CN(CCN2C1)CCC(=O)N3C4=CC=CC=C4SC5=C3C=C(C=C5)Cl,0.8432706
CC1(C(=O)N(C(=O)O1)C2=CC(=CC(=C2)Cl)Cl)C=C,0.70377064
CN1C(=NC(=O)N(C1=O)C2CCCCC2)N(C)C,0.52957076
C1=CC=C(C=C1)NC(=O)NC2=CN=NS2,0.19953537
CC(C)(C)NCC(COC1=CC=CC2=C1CCC(=O)N2)O.Cl,0.19769336
CC1=CN(C(=O)C=C1)C2=CC=CC=C2,0.2462836
C1=CC(=CN=C1)CNC(=O)NC2=CC=C(C=C2)[N+](=O)[O-],0.7582105
COC(=O)NC1=NC2=C(N1)C=C(C=C2)S(=O)C3=CC=CC=C3,0.9909999
C1CCCCCC(=O)OCCOC(=O)CCCC1,0.108854905
C1C2=CC=CC=C2C(=O)C3=C(O1)C=CC(=C3)CC(=O)O,0.21907753
CCCCCCCCSC(=O)OC1=CC(=NN=C1C2=CC=CC=C2)Cl,0.64928925
C1=CC(=C(C(=C1)Cl)CN2C=NC3=C(N=CN=C32)N)F,0.6716529
CC(=O)OC1=CC=CC=C1C(=O)NC2=NC=C(S2)[N+](=O)[O-],0.4379036
C1CCC(CC1)C2CCC(=O)CC2,0.35454714
CC1=CC(=CC=C1)NC2=C(C=NC=C2)S(=O)(=O)NC(=O)NC(C)C,0.20446645
CC(C)(C)C1=NNC(=O)N(C1=O)N,0.6192161
CC1=NC=C2N1C3=C(C=C(C=C3)Cl)C(=NC2)C4=CC=CC=C4F.Cl,0.4311297
C1CNCC(C1C2=CC=C(C=C2)F)COC3=CC4=C(C=C3)OCO4,0.5345359
COC1=C(C=C2C(=C1)C(=NC(=N2)N3CCN(CC3)C(=O)C4CCCO4)N)OC.Cl,0.17107543
C1=CC(=C(C(=C1)Cl)SC(CCC2=CC=C(C=C2)Cl)CN3C=CN=C3)Cl.[N+](=O)(O)[O-],0.84183383
C1=CC=C2C(=C1)C(OC2=O)OC(=O)C3=C(N=CC=C3)NC4=CC=CC(=C4)C(F)(F)F,0.8179954
C1(=C(SN=C1Cl)C(=O)O)Cl,0.13544226
COC1=CC=CC=C1N2CCN(CC2)CC(COC3=CC(=C(C(=C3)OC)OC)OC)O,0.27093467
CC(C)N1C(=NC(C)(C)C)SCN(C1=O)C2=CC=CC=C2,0.6862518
CN1C2=C(C(=O)N(C1=O)C)N(C=N2)CC3OCCO3,0.12713702
CC(C)(CC1=CNC2=CC=CC=C21)NCC(COC3=CC=CC=C3C#N)O,0.22157376
CC1(C(=O)C=C(O1)C(=O)O)C2=CC=CC=C2,0.19834377
C1=CC=C(C=C1)SC2=CC=C(C=C2)COC(CN3C=CN=C3)C4=C(C=C(C=C4)Cl)Cl,0.9028004
CC1CN(CC(N1)C)CCCN2C3=CC=CC=C3C4=CC=CC=C42.Cl.Cl,0.7339424
CN1C2=C(C3=C(C=C2)N=CC=C3)N=C1N,0.69481516
CCOC(=O)C(C)OC1=CC=C(C=C1)OC2=CN=C3C=C(C=CC3=N2)Cl,0.80803996
CC1=C(C2=CC=CC=C2N1CCC(=O)O)CN3C=CN=C3,0.20052652
CC1=C(NC(=O)N1)C(=O)C2=CC=C(C=C2)SC,0.52182925
CC1=C(C(=CC=C1)C)N(C(=O)COC)N2CCOC2=O,0.34040266
C1=CC(=CC=C1CCNS(=O)(=O)C2=CC=C(C=C2)Cl)CC(=O)O,0.57430017
CN1CCCC(CC1)N2C(=O)C3=CC=CC=C3C(=N2)CC4=CC=C(C=C4)Cl.Cl,0.6974435
CC1CN(CCC1(C2=CC=CC=C2)C(=O)O)C3CCC(CC3)(C#N)C4=CC=C(C=C4)F.Cl,0.36050415
C1CN=C(N1)C2COC3=CC=CC=C3O2,0.1491436
CC(C)C1(C(=O)NC(=N1)C2=NC3=CC=CC=C3C=C2C(=O)O)C,0.049878854
CC1=CC(=C(C=C1)C(=O)OC)C2=NC(C(=O)N2)(C)C(C)C,0.09815859
CC1(CON(C1=O)CC2=CC=CC=C2Cl)C,0.524036
CCC1=NN(C(=O)N1CCOC2=CC=CC=C2)CCCN3CCN(CC3)C4=CC(=CC=C4)Cl.Cl,0.5911455
COC1=CC(=NC(=N1)NC(=O)NS(=O)(=O)CC2=CC=CC=C2C(=O)OC)OC,0.13165677
CC#CC1(CCC2C1(CC(C3=C4CCC(=O)C=C4CCC23)C5=CC=C(C=C5)N(C)C)C)O,0.94749635
CCCN1CCCC2C1CC3=C(C2)NN=C3.Cl,0.24310282
C1=CC=C(C=C1)CCCCOCCCCCCNCC(C2=CC(=C(C=C2)O)CO)O.C1=CC=C2C(=C1)C=CC(=C2O)C(=O)O,0.52081454
CC1=C(C(=CC=C1)C)NC(=O)CN2CCN(CC2)CC(COC3=CC=CC=C3OC)O,0.10661586
C1CN(CCN1CCCCN2C(=O)C3=CC=CC=C3S2(=O)=O)C4=NC=CC=N4,0.18773298
CCCN1CCCC2C1CC3=CN=C(N=C3C2)N,0.27800775
CCCN(CCC1=CC=CS1)C2CCC3=C(C2)C=CC=C3O,0.51264995
C1CC(N2C=NC=C2C1)C3=CC=C(C=C3)C#N.Cl,0.47062334
C1CN(CCC1C2=CN(C3=C2C=C(C=C3)Cl)C4=CC=C(C=C4)F)CCN5CCNC5=O,0.72361445
COC1=C(C=C(C=C1)C2=CC3=C(C=C2)C=C(C=C3)C(=O)O)C45CC6CC(C4)CC(C6)C5,0.5425333
CC12CCC3C(C1CCC2=O)CC(=C)C4=CC(=O)C=CC34C,0.72627133
CC(=O)SCC(CC1=CC=CC=C1)C(=O)NCC(=O)OCC2=CC=CC=C2,0.2277403
CN1CCN(CC1)C2=C(C=C3C4=C2OCN(N4C=C(C3=O)C(=O)O)C)F,0.11854515
CC(C)C1C2=C(CCC1(CCN(C)CCCC3=NC4=CC=CC=C4N3)OC(=O)COC)C=C(C=C2)F.Cl.Cl,0.63414395
C1=CSC(=C1)C(=O)C2=C(N(C3=C2C=C(C=C3)Cl)C(=O)N)O,0.35632777
CC(CN1CCN(CCN(CCN(CC1)CC(=O)[O-])CC(=O)[O-])CC(=O)[O-])O.[Gd+3],0.28528985
CC1=C(N=CN1)CN2CCC3=C(C2=O)C4=CC=CC=C4N3C.Cl,0.24090785
CN(C1CCC2(CCCO2)CC1N3CCCC3)C(=O)CC4=C5C=COC5=CC=C4,0.25440767
C1CC(=O)NC2=C1C=CC(=C2)OCCCCN3CCN(CC3)C4=C(C(=CC=C4)Cl)Cl,0.59591633
C1CN(CCN1CCCC(=O)NC2C3=CC=CC=C3CSC4=CC=CC=C24)C5=CC=C(C=C5)F,0.63776994
CC(C)C1=C(C(=C(N1CCC(CC(CC(=O)[O-])O)O)C2=CC=C(C=C2)F)C3=CC=CC=C3)C(=O)NC4=CC=CC=C4.CC(C)C1=C(C(=C(N1CCC(CC(CC(=O)[O-])O)O)C2=CC=C(C=C2)F)C3=CC=CC=C3)C(=O)NC4=CC=CC=C4.[Ca+2],0.74568444
CC(C)C1=C(C(=C(N1CCC(CC(CC(=O)O)O)O)C2=CC=C(C=C2)F)C3=CC=CC=C3)C(=O)NC4=CC=CC=C4,0.7329457
CNCCC(C1=CC=CS1)OC2=CC=CC3=CC=CC=C32.Cl,0.6655206
C1CN(CCN1CCC2=C(C=C3C(=C2)CC(=O)N3)Cl)C4=NSC5=CC=CC=C54,0.49381137
CN(C)CCC1=CNC2=C1C=C(C=C2)CC3COC(=O)N3,0.13899194
CC1=C(N=C(O1)C2=CC=CC=C2)CCC(=O)C3=CC=C(C=C3)CC4C(=O)NC(=O)S4,0.29364002
CNS(=O)(=O)CCC1=CC2=C(C=C1)NC=C2C3CCN(CC3)C.Cl,0.16989748
CC(C)(C)NC(=O)C1CC2CCCCC2CN1CC(C(CC3=CC=CC=C3)NC(=O)C(CC(=O)N)NC(=O)C4=NC5=CC=CC=C5C=C4)O.CS(=O)(=O)O,0.054361127
CCCCS(=O)(=O)NC(CC1=CC=C(C=C1)OCCCCC2CCNCC2)C(=O)O.O.Cl,0.266056
CC1CN1P(=O)(N2CC2C)N3CC3C,0.015101644
C1CCCCCC(=O)OCCOC(=O)CCCCC1,0.10030236
CC1CCC2(O1)C(=CCCC2(C)C)C,0.47761977
CC1=CC=CC=C1N=NC2=CC(=C(C=C2)N=NC3=C(C=CC4=CC=CC=C43)O)C,0.7088122
C12C(NC(=O)N1)NC(=O)N2,4.62356e-05
CC1=CC(=O)CC(C1=O)(C)C,0.58768827
C1C=CCC2C1CC=C2,0.3192274
C1C(O1)CN(CC2CO2)C3=CC=C(C=C3)OCC4CO4,0.2028582
C1CN(CCN1CCCN2C(=O)N3C=CC=CC3=N2)C4=CC(=CC=C4)Cl.Cl,0.5915548
COC1=C(C=C2C(=C1)C(=NC(=N2)N3CCN(CC3)C(=O)C4COC5=CC=CC=C5O4)N)OC.CS(=O)(=O)O,0.2730703
C1CC1C#CC2(C3=C(C=CC(=C3)Cl)NC(=O)O2)C(F)(F)F,0.86472285
CCN1CC(C(C1=O)(C2=CC=CC=C2)C3=CC=CC=C3)CCN4CCOCC4.Cl,0.34954473
CN1CCCC(C1)CC2C3=CC=CC=C3SC4=CC=CC=C24.Cl,0.8452015
CC1CC(=O)C2(C(O1)OC3C(C(C(C(C3O2)NC)O)NC)O)O.Cl.Cl,0.08058653
CC(C1=CC(=CC=C1)OC2=CC=CC=C2)C(=O)[O-].CC(C1=CC(=CC=C1)OC2=CC=CC=C2)C(=O)[O-].O.O.[Ca+2],0.35555124
CCC(=O)N(C1=CC=CC=C1)C2(CCN(CC2)CCN3C(=O)N(N=N3)CC)COC.Cl,0.4965997
CC[N+](CC)(CC1=CC=CC=C1)CC(=O)NC2=C(C=CC=C2C)C.C1=CC=C2C(=C1)C(=NS2(=O)=O)[O-],0.10204892
CC(C)(C)C1=CC(=CC(=C1O)C(C)(C)C)CCC(=O)OCC(COC(=O)CCC2=CC(=C(C(=C2)C(C)(C)C)O)C(C)(C)C)(COC(=O)CCC3=CC(=C(C(=C3)C(C)(C)C)O)C(C)(C)C)COC(=O)CCC4=CC(=C(C(=C4)C(C)(C)C)O)C(C)(C)C,0.7594455
C1=CC=C2C(=C1)C3=C(N2)C=NC=C3,0.7460416
C1=CC=C(C=C1)C2=C(C2=O)C3=CC=CC=C3,0.65232265
C1C(C(OC2=CC(=CC(=C21)O)O)C3=CC(=C(C(=C3)O)O)O)OC(=O)C4=CC(=C(C(=C4)O)O)O,0.855434
C1=CSC(=C1)C2=CC=C(S2)C3=CC=CS3,0.41683134
C1=NN(C(=O)N=C1N)C2C(C(C(O2)CO)O)O,0.28494066
C1CCNC(C1)C(C2=CC(=NC3=C2C=CC=C3C(F)(F)F)C(F)(F)F)O.Cl,0.6740943
CC1(COC(C(C1NC)O)OC2C(CC(C(C2O)OC3C(CC=C(O3)CN)N)N)N)O,0.16609092
CCC1(CCCCN(C1)C)C2=CC(=CC=C2)O.Cl,0.37490904
CC1CCCC(N1CCCC(C2=CC=CC=C2)(C3=CC=CC=N3)O)C,0.5041202
CC1CCC2C13CCC(C(C3)C2(C)C)(C)O,0.539946
C1COCCN1CCCNC(=O)C2=CC=C(C=C2)Cl,0.48160663
CC1=CC2=C(C=C1)NC3C2CN(CC3)C,0.2890353
C1=CC=C2C(=C1)C(=CN2)CCNC(=O)C3=CN=CC=C3,0.4152916
CCCCN1CCCC1C(=O)NC2=C(C=C(C=C2C)C)C,0.18614997
CC1=C(N(C2=C1C=C(C=C2)C(=O)OCCN(C)C)CC3=CC=CC=C3)C,0.48373815
C1CNCCC1SC2=NC(=CC=C2)Cl,0.44823083
CC1=NN=C2N1C3=C(C=C(S3)CCC(=O)N4CCOCC4)C(=NC2)C5=CC=CC=C5Cl,0.24310967
CC(C1C2N(C1=O)C(=C(S2)C3CCCO3)C(=O)O)O,0.03618258
CC1(C2=CC=CN2C3=CC=CC=C3CO1)CN4CCC(CC4)N5C6=CC=CC=C6NC5=O,0.6407395
CC1=C(C(C(=C(N1)N)C(=O)OC2CN(C2)C(C3=CC=CC=C3)C4=CC=CC=C4)C5=CC(=CC=C5)[N+](=O)[O-])C(=O)OC(C)C,0.75045323
CC1COC2=C3N1C=C(C(=O)C3=CC(=C2C4(CC4)N)F)C(=O)O,0.25170562
CNC1CCCN(C1)C2=C(C=C3C(=C2OC)N(C=C(C3=O)C(=O)O)C4CC4)F,0.14518508
C1CCC(CC1)C(CCN2CCCCC2)(C3=CC=CC=C3)O.Cl,0.5599672
CN1CCC(CC1)OC(C2=CC=CC=C2)C3=CC=CC=C3.Cl,0.4688771
C[Si]1(N[Si](N[Si](N1)(C)C)(C)C)C,0.08578924
CC[N+]1(CCC(C1)OC(=O)C(C2=CC=CC=C2)(C3=CC=CC=C3)O)CC.[Br-],0.17592694
CCOC1=CC(=C(C=C1N2CCOCC2)OCC)[N+](=O)[O-],0.671505
C1=CC=C(C=C1)CNS(=O)(=O)C2=CC=C(C=C2)N,0.28150213
C1=CC=C(C=C1)OC(=O)C2=C(C3=CC=CC=C3C=C2)O,0.72170365
C1=CC=C(C=C1)C(=O)NC2=CC=CC=C2SSC3=CC=CC=C3NC(=O)C4=CC=CC=C4,0.7874554
C1CCOC2(C1)CCCCO2,0.12649079
CCN(CCN1C(=NC2=C1C(=O)N(C(=O)N2C)C)CC3=CC=CC=C3)CCO.Cl,0.4376399
CC1=C(C(=O)N2CCSC2=N1)CCN3CCC(CC3)C(=O)C4=CC=C(C=C4)F,0.52542746
C1CN(CCC12CNC(=O)O2)CCC3=CC=CC=C3.Cl,0.3545926
C1=CC=C(C=C1)N2C=C(C(=N2)C3=CC=C(C=C3)Cl)CC(=O)O,0.2454611
C1CC1C(C2CC2)NC3=NCCO3,0.56775165
CN1CCN2C3=C(C=C(C=C3)OC)C4=C2C1=NCC4,0.31482172
CC(C)(C)NCC(COC1=CC=C(C=C1)NC(=O)NC2CCCCC2)O,0.49335083
CC1CCC2C(C(=O)OC3C24C1CCC(O3)(OO4)C)C,0.35700518
C1CCC(CC1)NC(=O)CN2CCNCC2,0.08932896
CCNC1CN(S(=O)(=O)C2=C1C=C(S2)S(=O)(=O)N)CCCOC,0.056699425
CCN1CCCC1CNC(=O)C(C2=CC=CC=C2)(C3=CC=CC=C3)O,0.1123356
C1=C(C=C(C(=C1S(=O)C2=C(C(=CC(=C2)Cl)Cl)O)O)Cl)Cl,0.92922163
C1CCN(C1)CC#CC(C2=CC=CC=C2)(C3=CC=CC=C3)O,0.69727224
C1=CC=C(C=C1)SCCSC2=CC=CC=C2,0.68393224
C1=CC=C(C=C1)[Si](C2=CC=CC=C2)(C3=CC=CC=C3)O,0.6001419
C1CCN(CC1)CN2CCCCC2,0.42898342
C1COCCN1CNC(=O)C2=NC=CN=C2,0.11338296
C1CCN(CC1)C(=S)SSSSSSC(=S)N2CCCCC2,0.84467936
C1=CC=C(C=C1)C[P+](C2=CC=CC=C2)(C3=CC=CC=C3)C4=CC=CC=C4.[Cl-],0.9225506
CCC12CCCN3C1C4=C(CC3)C5=CC=CC=C5N4C(=O)C2,0.4884802
CCOC1=CC=C(C=C1)C(C)(C)COCC2=CC(=CC=C2)OC3=CC=CC=C3,0.88272583
CC1=C(C(=CC=C1)C)NC(=O)CN2CCCCCC2,0.13365263
C1C2CN(CC1CN(C2)C(=O)C3=CC=C(C=C3)N)CC4=CC=CC=C4,0.41750646
CC1=C(OC(=N1)C2=CC=C(C=C2)Cl)COC(C)(C)C(=O)O,0.2903716
CN1CC2CC1CN2C3=C(C=C4C(=C3)N(C=C(C4=O)C(=O)O)C5CC5)F,0.09789548
CS(=O)(=O)O.C1CCC2(C1)CC(=O)N(C(=O)C2)CCNCC3COC4=CC=CC=C4O3,0.20343019
CC(=O)C1=CC(=C(C=C1)OCCCN2CCC(CC2)C3=NOC4=C3C=CC(=C4)F)OC,0.7288168
CCN(CC)CCCN(C1CC2=CC=CC=C2C1)C3=CC=CC=C3.Cl,0.65057105
CCOC1=CC=CC=C1OCC2CNCCO2.Cl,0.11002976
C1=CC(=CC(=C1)Cl)C(C2=CC3=C(C=C2)N=CN3)N4C=CN=C4.Cl,0.7711833
COP(=O)(OC)SCN1C2=C(C=C(C=N2)Cl)OC1=O,0.7203666
CC1=C(C2=CC3=NC(=CC4=NC(=CC5=C(C(=C(N5)C=C1N2)C=C)C)C(=C4CCC(=O)[O-])C)C(=C3C)CCC(=O)[O-])C=C.[Na+].[Na+],0.44784653
C[N+]1(CCCCC1)CCC(C2=CC=CC=C2)(C3=CC=CC=C3)C(=O)N.[Br-],0.3707213
CCCC1=CC(=C(C=C1)OCC(=O)N2CCN(CC2)C(=O)COC3=C(C=C(C=C3)CCC)OC)OC,0.032456383
C1=CC=C(C=C1)CN=CC2=CC=CC=C2O,0.7707133
C1COCCN1CCCC2=CC=C(C=C2)COC3=CC=CC=C3,0.6991174
C1C2=C(C=CC(=C2)N)N=C3N1C(=O)C4=CC=CC=C43,0.38109225
CC(C)(C)C1CCC(CC1)CC2=C(C3=CC=CC=C3C(=O)C2=O)O,0.59371513
C1CCN(C1)NC(=O)NS(=O)(=O)C2=CC=C(C=C2)Cl,0.084995076
CC1=C(N=CN1)C2=CC=C(C=C2)Cl,0.4558498
CC(CSC(=O)C)C(=O)N1CCCC1C(=O)NC(CC2=CC=CC=C2)C(=O)O,0.030253803
CCC1(CC2=CC=CC=C2O1)C3=NCCN3,0.1723743
C1CCC(CC1)C(=O)N2CC3C4=CC=CC=C4CCCN3C(=O)C2,0.0926964
C1C(C(OC2=CC(=CC(=C21)O)O)C3=CC(=C(C=C3)O)O)O,0.82113755
CCNC(=O)N1CCN(CC1)CCCC(C2=CC=C(C=C2)F)C3=CC=C(C=C3)F.Cl,0.7987208
CCOC(CN1CCN(CC1)CC(C)C(=O)C2=CC=CC=C2)C3=CC=CC=C3.Cl.Cl,0.29610768
CCCN(CCOC1=C(C=C(C=C1Cl)Cl)Cl)C(=O)N2C=CN=C2,0.46581426
C1=CC=C(C(=C1)C2=NN=C(N=N2)C3=CC=CC=C3Cl)Cl,0.6710044
CC1=NC(=NC(=N1)OC)NC(=O)NS(=O)(=O)C2=C(SC=C2)C(=O)OC,0.04878633
C[Si](CN1C=NC=N1)(C2=CC=C(C=C2)F)C3=CC=C(C=C3)F,0.93531996
CCCCOC1=CC=C(C=C1)OCCCN2CCOCC2.Cl,0.6707681
C1=CC=C(C=C1)COP(=O)(O)OCC2=CC=CC=C2,0.22355242
C1=CC2=C(C=C1OC3=CC4=C(C=C3)C(=O)OC4=O)C(=O)OC2=O,0.1372343
C1CCC(CC1)(C#N)N=NC2(CCCCC2)C#N,0.4455919
CCC1=C2CN3C(=CC4=C(C3=O)COC(=O)C4(CC)O)C2=NC5=C1C=C(C=C5)OC(=O)N6CCC(CC6)N7CCCCC7.Cl,0.50160456
COC1=C(C=C2C(=C1)CCC2=O)OC,0.23685238
CC[NH+]=C1C=CC(=C(C2=CC=C(C=C2)N(CC)CC)C3=CC=C(C=C3)N(CC)CC)C4=CC=CC=C14.[Cl-],0.91988117
C1=CC2=C(C=C1C3=CC4=C(C=C3)C(=O)OC4=O)C(=O)OC2=O,0.0477057
C1=CC2=C(C=C1C(=O)C3=CC4=C(C=C3)C(=O)OC4=O)C(=O)OC2=O,0.062157873
C1=CC=C2C(=C1)N=NN2O,0.48056445
CC(C)(C1=CC=CC=C1)C2=CC(=C(C=C2)O)C(C)(C)C3=CC=CC=C3,0.96648073
CC1(COP(OC1)OC2=CC=CC=C2)C,0.31915197
C1=CC=C2C(=C1)C(=O)NC3=C(O2)C=CC(=C3)Cl,0.5552577
C1=CC=C2C(=C1)C3=CC=CC=C3C2(C4=CC=C(C=C4)O)C5=CC=C(C=C5)O,0.9693049
C1COS(=O)O1,0.32491797
CN1CCCC1CC2=CNC3=C2C=C(C=C3)CCS(=O)(=O)C4=CC=CC=C4,0.342014
C12(C3(C(C(C(C1(C(C(C(C2(F)F)(F)F)(F)F)(F)F)F)(F)F)(F)F)(C(C(C(C3(F)F)(F)F)(F)F)(F)F)F)F)F,0.009535888
C1CC(C1)C(=O)C2=CC=CC=C2,0.20967896
CC1=CC(=C2C=C(C=CC2=N1)NC(=O)NC3=CC4=C(C=C(N=C4C=C3)C)N)N.Cl.Cl,0.752748
C1(=C(C1(Cl)Cl)Cl)Cl,0.48754898
C1COCCN1CCOCCN2CCOCC2,0.46466509
C1CCC2=NCCCN2CC1,0.2794488
C1CCC(CC1)N2CCCC2=O,0.33928716
C[N+]1(CCOCC1)[O-],0.27239558
C1=CC=C(C=C1)COC(=O)C(=O)OCC2=CC=CC=C2,0.52472806
CC1=CC2=C(C=C1C(=C)C3=CC=C(C=C3)C(=O)O)C(CCC2(C)C)(C)C,0.7241836
CCC12COCN1COC2,0.23853174
CC1=NC=C(C(=C1O)CO)CSSCC2=CN=C(C(=C2CO)O)C.Cl.Cl,0.14848149
CC(C)(C1=CC=CC=C1)C2=CC=C(C=C2)NC3=CC=C(C=C3)C(C)(C)C4=CC=CC=C4,0.9544579
C1CC=CCCC=C1,0.13496651
CC(C)(C1=CC=C(C=C1)OC2=CC=C(C=C2)N)C3=CC=C(C=C3)OC4=CC=C(C=C4)N,0.9640045
C1=CC(=CC=C1CC2=CC=C(C=C2)N3C(=O)C=CC3=O)N4C(=O)C=CC4=O,0.6172514
C1CN2C(=CC=C2C(=O)C3=CC=CC=C3)C1C(=O)O.C(C(CO)(CO)N)O,0.096383415
CS(=O)(=O)C1=C(C=CC(=C1)C(F)(F)F)C(=O)C2=C(ON=C2)C3CC3,0.35902238
C1=CC=C(C=C1)C[N+]2=CC=CC3=CC=CC=C32.[Cl-],0.8223416
C[Si](NC1CCCCC1)(NC2CCCCC2)NC3CCCCC3,0.48720568
C1CCC2C(C1)C(=O)OC2=O,0.2214566
CC(C)(C)C(CCC1=CC=C(C=C1)Cl)(CN2C=NC=N2)O,0.63803816
C1=CC=C(C=C1)C(CCC2=CC=C(C=C2)Cl)(CN3C=NC=N3)C#N,0.8684923
CC1COC(O1)(CN2C=NC=N2)C3=C(C=C(C=C3)OC4=CC=C(C=C4)Cl)Cl,0.8159962
CCC1=NN(C(=C1Cl)C(=O)NCC2=CC=C(C=C2)C(C)(C)C)C,0.52001256
CC1=CC(=NC(=N1)NC2=CC=CC=C2)C3CC3,0.7218833
C1=CC(=C2C(=C1)OC(O2)(F)F)C3=CNC=C3C#N,0.33724323
CSC(=O)C1=C2C(=CC=C1)N=NS2,0.3409035
C1=CN=CC=C1CCCC2=CC=NC=C2,0.672603
CC1C(CC(C(O1)OC2C(C(C(C(C2O)O)O)O)O)N)N=C(C(=O)O)N.Cl,0.29123166
CC(C)(C)C1=CC(=CC(=C1O)C(C)(C)C)CCC(=O)NCCCCCCNC(=O)CCC2=CC(=C(C(=C2)C(C)(C)C)O)C(C)(C)C,0.72698903
C1CCC(=O)N(CC1)SSN2CCCCCC2=O,0.6632974
CC1=C(SC=C1)C(=CCCN2CCCC(C2)C(=O)O)C3=C(C=CS3)C.Cl,0.27934983
CC1CCC2(C(C3C(O2)CC4C3(C(=O)CC5C4CCC6C5(CCC(C6)O)C)C)C)OC1,0.39548707
C1C(O1)CN(CC2CO2)C3=CC=C(C=C3)CC4=CC=C(C=C4)N(CC5CO5)CC6CO6,0.53161514
CC1(C2=C(C=C(C=C2)OC)C(=O)N(C1=O)CCC3=CC=C(C=C3)S(=O)(=O)NC(=O)NC4CCCCC4)C,0.19951218
CC1=CC(=CC(=C1O)C(C)(C)C)CCC(=O)OCCOCCOCCOC(=O)CCC2=CC(=C(C(=C2)C)O)C(C)(C)C,0.7607616
CC(C)(C)C(C(N1C=NC=N1)OC2=CC=C(C=C2)C3=CC=CC=C3)O,0.7735414
C1C(C(C(=O)N1C2=CC=CC(=C2)C(F)(F)F)Cl)CCl,0.46537542
C1CCC(C1)N(CC2=CC=C(C=C2)Cl)C(=O)NC3=CC=CC=C3,0.63245326
CCCOCC(=NC1=C(C=C(C=C1)Cl)C(F)(F)F)N2C=CN=C2,0.7504033
C1=CC=C(C(=C1)C(CN2C=NC=N2)(C3=CC=C(C=C3)F)O)F,0.7498484
C1=CC(=CC(=C1)OC2=C(C=CC=N2)C(=O)NC3=C(C=C(C=C3)F)F)C(F)(F)F,0.72950333
CC(C)(C)C1=CC=C(C=C1)CSC2=C(C(=O)N(N=C2)C(C)(C)C)Cl,0.8984003
CCC(C)SP(=O)(N1CCSC1=O)OCC,0.6076938
CC1=NC2=NC(=NN2C=C1)S(=O)(=O)NC3=C(C=CC=C3F)F,0.5602187
C1=CC(=C(C(=C1)F)C(=O)NC(=O)NC2=C(C=C(C=C2)OC3=C(C=C(C=C3)C(F)(F)F)Cl)F)F,0.7870534
CC(C)CC1=C(C(=NC(=C1C(=O)OC)C(F)F)C(F)(F)F)C2=NCCS2,0.5887821
C1CC(CCC1=O)(C#N)C2=CC=C(C=C2)F,0.4940519
CC1C(OCCN1)C2=CC=CC=C2.Cl,0.09867172
CC(C)(C(=O)C1=CC=C(C=C1)SC)N2CCOCC2,0.3355342
CC(CSC(=O)C1=CC=CC=C1)C(=O)N2CC(CC2C(=O)O)SC3=CC=CC=C3,0.21426424
CCOC(=O)C1CC(=O)C(=C(C2CC2)O)C(=O)C1,0.34860775
C#CCN1C(=O)COC2=CC(=C(C=C21)N3C(=O)C4=C(C3=O)CCCC4)F,0.320049
C1CN1CCC(=O)OCC(CO)(COC(=O)CCN2CC2)COC(=O)CCN3CC3,0.33629498
CC1=C(C(=CC=C1)C)OCC(=O)NC(CC2=CC=CC=C2)C(CC(CC3=CC=CC=C3)NC(=O)C(C(C)C)N4CCCNC4=O)O,0.091131
CC(=O)C1=CCC2C1(CCC3C2CC=C4C3(CCC(C4)OC(=O)C)C)C,0.67170435
CC1=CC(=O)C2CC1C2(C)C,0.66092783
C1C(NCS1)C(=O)O,0.093577616
CC1=CC(=C(C(=C1CN2C(=O)N(C(=O)N(C2=O)CC3=C(C(=C(C=C3C)C(C)(C)C)O)C)CC4=C(C(=C(C=C4C)C(C)(C)C)O)C)C)O)C(C)(C)C,0.8487885
C1=CC=C(C=C1)NC(=O)NC2=CC(=NC=C2)Cl,0.8316796
CC1(C(C(C2=C(O1)C=CC(=C2)C#N)N3CCCC3=O)O)C,0.44046924
COC(=O)CSC1=C(C=C(C(=C1)N=C2N3CCCCN3C(=O)S2)F)Cl,0.5143294
CC1=CC=C(C=C1)S(=O)(=O)O.C1CN(CC1N)C2=C(C=C3C(=O)C(=CN(C3=N2)C4=C(C=C(C=C4)F)F)C(=O)O)F,0.31334525
CC(C)(C1=CC=C(C=C1)OC2=CC3=C(C=C2)C(=O)OC3=O)C4=CC=C(C=C4)OC5=CC6=C(C=C5)C(=O)OC6=O,0.8436088
C1CC2=C(C=C3C=CC4=C5C3=C2C=CC5=CC=C4)C(=O)C1,0.86190856
CCCC1CCOC(S1)C,0.2327357
CC12CCC3C(C1CCC2OC(=O)CCC4CCCCC4)CCC5=CC(=O)CCC35,0.68866634
CC(CNC1CCCCC1)OC(=O)C2=CC=CC=C2.Cl,0.2112895
CC1CC(CC(N1C)(C)C)OC(=O)C(C2=CC=CC=C2)O.Cl,0.2454812
CC(CC1=CC=CC=C1)NCCN2C=NC3=C2C(=O)N(C(=O)N3C)C.Cl,0.17446822
C1CC2C(C1)C3CC2CC3(C4=CC=C(C=C4)O)C5=CC=C(C=C5)O,0.96734923
CC1C2CC(C1(C)C)CC2C3CCCC(C3)O,0.41295412
CC(C1C2CC(=C(N2C1=O)C(=O)O)SCCN=CN)O,0.079921626
CC(C)(C)C1=CC=C(C=C1)S(=O)(=O)NC2=C(C(=NC(=N2)C3=NC=CC=N3)OCCO)OC4=CC=CC=C4OC,0.7284712
C1CN(CCN1CCCC2=CC=CC=C2)CCOC(C3=CC=C(C=C3)F)C4=CC=C(C=C4)F.Cl.Cl,0.81289923
CCN(CC)CC1CCCCN1CC(=O)N2C3=CC=CC=C3C(=O)NC4=C2N=CC=C4,0.17253955
CN1CCC2=C3C1CC4=C(C3=CC=C2)C(=C(C=C4)O)O.CN1CCC2=C3C1CC4=C(C3=CC=C2)C(=C(C=C4)O)O.O.Cl.Cl,0.66935414
CC(C)(C)OC(=O)C1=C2C3CCCN3C(=O)C4=C(N2C=N1)C=CC=C4Br,0.39760104
CC1CC2=C(CC1(C)C(=O)C)C(CCC2)(C)C,0.60398453
CC(C)C1N(CCO1)CCOC(=O)NCCCCCCNC(=O)OCCN2CCOC2C(C)C,0.2611557
CN1CC(=O)N2C(C1=O)CC3=C(C2C4=CC5=C(C=C4)OCO5)NC6=CC=CC=C36,0.25637794
CC(C)(C1=CC=CC=C1)C2=CC(=C(C(=C2)N3N=C4C=CC=CC4=N3)O)C(C)(C)C5=CC=CC=C5,0.8773168
C1CSC(=NC#N)N1CC2=CN=C(C=C2)Cl,0.5730841
CC1=C(C=C(C(=O)N1)C#N)C2=CN3C=CN=C3C=C2.Cl,0.45205396
CC(=O)CC(=O)NC1=CC2=C(C=C1)NC(=O)N2,0.21528554
CCCC1C(=CC(=CN1C2=CC=CC=C2)CC)CC,0.5867448
CC1C2=NN=C(N2C3=C(C=C(S3)CCC4=CC=C(C=C4)CC(C)C)C(=N1)C5=CC=CC=C5Cl)C,0.63565624
C1CC1(C(CC2=CC=CC=C2Cl)(CN3C=NC=N3)O)Cl,0.7179107
CCOC1=CC(=C(C=C1C(=O)NCC2CN(CCO2)CC3=CC=C(C=C3)F)Cl)N.C(C(=O)O)C(CC(=O)O)(C(=O)O)O,0.31295925
CC1=CC2=C(C=C1)OCC(=O)CO2,0.17204405
COC(=O)C1=CC=CC=C1C(=O)C2=CC=C(C=C2)OCCN3CCCCC3.Cl,0.46121454
CC1=C(C(C(=C(N1)C)C(=O)OCCC2=CC=C(C=C2)N3CCN(CC3)C(C4=CC=CC=C4)C5=CC=CC=C5)C6=CC(=CC=C6)[N+](=O)[O-])C(=O)OC,0.80063903
C1=CC=C2C(=C1)C=C(N2CC(=O)O)C(=O)NC3=NC(=CS3)C4=CC=CC=C4Cl,0.3118731
CN1C(=CC(=O)N(C1=O)C)NCCN(CCCC2=CC=C(C=C2)[N+](=O)[O-])CCO.Cl,0.7075268
CC1=CC(=O)C(C(=O)O1)C(=O)C,0.2782763
CC1=C(C=C(C=C1)NC(=O)C2=CC=C(C=C2)CN3CCN(CC3)C)NC4=NC=CC(=N4)C5=CN=CC=C5.CS(=O)(=O)O,0.62273824
CN(C)CCC1=CNC2=C1C=C(C=C2)CS(=O)(=O)N3CCCC3,0.16509412
CC1=NC=C(C=C1)C2=C(C=C(C=N2)Cl)C3=CC=C(C=C3)S(=O)(=O)C,0.39637303
COC1=C(C=C2C(=C1)N=CN=C2NC3=CC(=C(C=C3)F)Cl)OCCCN4CCOCC4,0.8651777
C1CC2=C(CC1NS(=O)(=O)C3=CC=C(C=C3)F)C4=CC=CC=C4N2CCC(=O)O,0.18266243
CC1N2C3=CC(=C(C=C3C(=O)C(=C2S1)C(=O)O)F)N4CCNCC4,0.14323564
CCN1CCN(CC1)C2=NC3=C(CCCCCC3)C(=C2)C4=CC=C(C=C4)F,0.5711474
C1CN(CC=C1C2=CC(=CC=C2)C(F)(F)F)CCC3=CC4=CC=CC=C4C=C3.Cl,0.80304754
C1=CC(=C(C(=C1)F)CN2C=C(N=N2)C(=O)N)F,0.18074559
C1CN(CCC1C=C(C2=CC=CC=C2)C3=CC=CC=C3)C(=O)CCCCCCCCC4=CN=CC=C4,0.82693696
CCCCCCCCCCCCCCCCCCNC(=O)OC1CCN(CC1)C(=O)OCC(COC(=O)N(CC2=CC=CC=[N+]2CC)C(=O)C3=CC=CC=C3OC)OC.[Cl-],0.51887065
C1CN(CCC1N)C2=NC(=CC=C2)Cl.Cl,0.41752923
CCN1C=CN=C1CC2COC3=CC=CC=C3O2,0.24937263
C1CCC2(C1)CC(=O)NC(=O)C2,0.19537036
C1=CC=C(C(=C1)C(=O)O)O.C1=CC2=C(C(=C1)O)N=CC=C2,0.33049145
CN(C)CCCC1(C2=C(CO1)C=C(C=C2)C#N)C3=CC=C(C=C3)F.C(=O)(C(=O)O)O,0.64786613
CC1=C2C(C(=O)C3(C(CC4C(C3C(C(C2(C)C)(CC1OC(=O)C(C(C5=CC=CC=C5)NC(=O)OC(C)(C)C)O)O)OC(=O)C6=CC=CC=C6)(CO4)OC(=O)C)O)C)O,0.42012614
C1=CC(=CC=C1C2C(C(=O)N2C3=CC=C(C=C3)F)CCC(C4=CC=C(C=C4)F)O)O,0.82573736
C1C(OC(O1)CO)N2C=CC(=NC2=O)N,0.2656094
C1=CC=NC(=C1)C(=O)[O-].C1=CC=NC(=C1)C(=O)[O-].C1=CC=NC(=C1)C(=O)[O-].[Cr+3],0.10264765
CC1=C(N(C2=C1C=C(C=C2)O)CC3=CC=C(C=C3)OCCN4CCCCCC4)C5=CC=C(C=C5)O.CC(=O)O,0.85831285
COC1=CC=CC2=C3C(=C(C=C21)[N+](=O)[O-])C(=CC4=C3OCO4)C(=O)[O-].[Na+],0.7333907
CN1CCOC(C2=CC=CC=C2C1)C3=CC=CC=C3.Cl,0.25580648
C=CC(=O)NC1=C(C=C2C(=C1)C(=NC=N2)NC3=CC(=C(C=C3)F)Cl)OCCCN4CCOCC4,0.90806586
CC(C1=CC=CC2=CC=CC=C21)NCCCC3=CC(=CC=C3)C(F)(F)F.Cl,0.62548435
C1C2C3=CC=CC=C3CC4=CC=CC=C4N2C(=N1)N.Cl,0.505356
CC1C2=C(CN1)C=C(C=C2)C3=C(C4=C(C=C3)C(=O)C(=CN4C5CC5)C(=O)O)OC(F)F.CS(=O)(=O)O.O,0.33183268
C1=CC(=CC=C1CCOC2C(C(C(C(O2)CO)O)O)O)O,0.5405347
CN1CCN(CC1)C2=NN=C3C(=C2)N(C4=CC=CC=C4O3)C,0.58202577
C[N+]1(CC(CC(=C(C2=CC=CS2)C3=CC=CS3)C1)OC)C.[Br-],0.68144375
C1CN(CCN1CC2=CC3=C(C=C2)OCO3)C(=O)COC4=CC=C(C=C4)Cl.Cl,0.10166699
CC1(CC(CC(N1)(C)C)OC(=O)CCCCCCCCC(=O)OC2CC(NC(C2)(C)C)(C)C)C,0.16137409
CC1(OCC(O1)COC(=O)CCC2=CC=C(C=C2)OCC(CNCCNC(=O)N3CCOCC3)O)C.Cl,0.11208078
CC1=CC(=C(C(=C1)C)C(=O)P(=O)(C2=CC=CC=C2)C(=O)C3=C(C=C(C=C3C)C)C)C,0.70855486
CC1=CC(=C(C(=C1)C)C(=O)P(=O)(C2=CC=CC=C2)C3=CC=CC=C3)C,0.64215714
CC[N+]1(CCCCC1)CCOC(=O)C(C2=CC=CC=C2)(C3=CC=CC=C3)O.[Br-],0.28049406
C[N+]1(CCCCC1)CC2COC(O2)(C3CCCCC3)C4=CC=CC=C4.[I-],0.63521147
CCN1CCC2=C(CC1)OC(=N2)N.Cl.Cl,0.23262273
C1=CC=C2C=C3C(=CC2=C1)C(=NC3=N)N,0.4499325
CC1=C(C2=C(C=C1)N=C(S2)C3=CC=C(C=C3)N)S(=O)(=O)O,0.52971894
CN1CCN(CC1)C2=C(C=C3C4=C2SCCN4C=C(C3=O)C(=O)O)F.Cl,0.12604013
CCC(C)(C)C(=O)OC1=C(C(=O)OC12CCCCC2)C3=C(C=C(C=C3)Cl)Cl,0.7108908
CC1(C2CC(=O)C3(C(C24COC(=O)CC4O1)CCC5(C36C(O6)C(=O)OC5C7=COC=C7)C)C)C,0.37619707
CC1=C2CCC(C(=O)N2C3=CC=CC=C13)CC4=C(NC=N4)C.Cl,0.3540767
C(C1C(C(C(C(O1)OC2C(C(C(C(O2)CO)O)O)O)O)O)O)O.O.O,0.10023327
CCOC(=O)COC1=C(C=C(C(=C1)C2=NN(C(=C2Cl)OC(F)F)C)F)Cl,0.38513127
CC1=NC2(C(O1)CC3C2(CC(C4C3CCC5=CC(=O)C=CC45C)O)C)C(=O)COC(=O)C,0.45950273
CCC1CC2CC3C1N(C2)CCC4=C3NC5=C4C=C(C=C5)OC.Cl,0.6050913
CC(CC1=CC(=CC=C1)C(F)(F)F)NCCOC(=O)C2=CC=CC=C2.Cl,0.18188037
C1CCN(CC1)C(=O)C2CCC(=O)N2,0.0662697
CC(CN1CCCC1)C(=O)C2=CC=C(C=C2)C(F)(F)F,0.49208912
C1CCNC(C1)C2=CN=CC=C2,0.109613396
CC1=C(N=C(O1)C2=CC=CC=C2)CCOC3=CC=C(C=C3)CN(CC(=O)O)C(=O)OC4=CC=C(C=C4)OC,0.28930578
C1CCC(CC1)C(CCN2CCCC2)(C3=CC=CC=C3)O.Cl,0.5049246
CC(C(C1=CC=CC=C1)O)N(C)CCOC(C2=CC=CC=C2)C3=CC=CC=C3,0.34067464
C1COCCN1C2=CC3=C(C=C2C(F)(F)F)NC(=O)C(=O)N3CP(=O)(O)O,0.33568794
CCC1=CC(=CC(=C1C2=C(N3CCOCCN3C2=O)OC(=O)C(C)(C)C)CC)C,0.3924348
C1=CC=C(C(=C1)C2=CC=C(C=C2)Cl)NC(=O)C3=C(N=CC=C3)Cl,0.7774986
CC1(C(=O)N(C(=O)O1)NC2=CC=CC=C2)C3=CC=C(C=C3)OC4=CC=CC=C4,0.5354657
C1COCCN1S(=O)(=O)C2=CC=C(C=C2)NC(=O)C3=C(C=CC(=C3)Cl)NS(=O)(=O)C4=CC=C(S4)Cl,0.31751606
CC1=CC2=C(C=C1CC(=O)C3=C(C=CS3)S(=O)(=O)NC4=C(C(=NO4)C)Cl)OCO2,0.16959505
CC(C)C(=O)OCC1=CC(=CC=C1)OC(=O)C2C(SC3N2C(=O)C3NC(=O)CC4=CC=CC=C4)(C)C,0.00027252332
C1CC(=O)NC(=O)C1N2CC3=C(C2=O)C=CC=C3N,0.10228866
CC1=CC(=O)OC2=C1C=CC(=C2)OC3C(C(C(CS3)O)O)O,0.5179933
CNC(=O)C1=CN(N=C1)C2=NC(=C3C(=N2)N(C=N3)C4C(C(C(O4)CO)O)O)N,0.5640812
CC1C2CCC3(C=CC(=O)C(=C3C2OC1=O)C)C,0.6527956
CC12CCC3C(=CCC4=C3C=CC(=C4)O)C1CCC2=O,0.8103165
C1CCCCCCCOC(=O)CCCCCC1,0.082738295
CC1CCC2=C(C1)OC=C2C,0.17507665
CC1=C(C(C(=C(N1)C)C(=O)OCCCN2CCC(CC2)(C3=CC=CC=C3)C4=CC=CC=C4)C5=CC(=CC=C5)[N+](=O)[O-])C(=O)OC.Cl,0.89811933
B(C(CC(C)C)NC(=O)C(CC1=CC=CC=C1)NC(=O)C2=NC=CN=C2)(O)O,0.05311108
CC(C)C1=NC(=CS1)CN(C)C(=O)NC(C(C)C)C(=O)NC(CC2=CC=CC=C2)CC(C(CC3=CC=CC=C3)NC(=O)OCC4=CN=CS4)O,0.0973141
CC1=CC=C(C=C1)S(=O)(=O)O.CNC(=O)C1=NC=CC(=C1)OC2=CC=C(C=C2)NC(=O)NC3=CC(=C(C=C3)Cl)C(F)(F)F,0.7481152
CC1C(C(C(C(O1)OC2CC(C3(C4C(CCC3(C2)O)C5(CCC(C5(CC4O)C)C6=CC(=O)OC6)O)CO)O)O)O)O,0.4886075
C1=CC(=CC=C1O)OC2C(C(C(C(O2)CO)O)O)O,0.3483987
CC1CC(=O)C=C(C12C(=O)C3=C(O2)C(=C(C=C3OC)OC)Cl)OC,0.59801173
CN1C(=NN=N1)SCC2=C(N3C(C(C3=O)(NC(=O)C(C4=CC=C(C=C4)O)C(=O)[O-])OC)OC2)C(=O)[O-].[Na+].[Na+],0.008358813
CCCOC(C1=CC=CC=C1)(C2=CC=CC=C2)C(=O)OC3CCN(CC3)C.Cl,0.35612825
CC1CCC(=C(C)C)C(=O)C1,0.45281905
CC1CC2C(C(C3(O2)CCC4C5CC=C6CC(CCC6(C5CC4=C3C)C)O)C)NC1,0.64259446
CCCCCOC(=O)COC1=C(C=C(C(=C1)N2C(=O)C3=C(C2=O)CCCC3)F)Cl,0.2824049
C[N+]1=C2C=C(C=CC2=CC3=C1C=C(C=C3)N)N.C1=CC(=CC2=NC3=C(C=CC(=C3)N)C=C21)N.[Cl-],0.80171263
CN1C2=CC=CC=C2C(=NC(C1=O)NC(=O)C3=CC4=CC=CC=C4N3)C5=CC=CC=C5,0.42169592
CC1=CC=CN2C1=NC=C(C2=O)C3=NN=N[N-]3.[K+],0.44800928
CC12CCC(=O)C=C1CC(C3C24C(O4)CC5(C3CCC56CCC(=O)O6)C)C(=O)OC,0.5358923
CCOC(=O)C(CCC1=CC=CC=C1)NC2CSC(CN(C2=O)CC(=O)O)C3=CC=CS3.Cl,0.14938784
CN1C2=CC=CC=C2C(=O)N(C3=CC=CC=C31)CCN(C)C.Cl,0.5609277
C1CN(CC1C(C2=CC=CC=C2)(C3=CC=CC=C3)C(=O)N)CCC4=CC5=C(C=C4)OCC5.Br,0.45406374
CC1C(C(C(C(O1)OC2C(OC(C(C2O)O)OC3C(OC(C(C3O)O)O)CO)CO)O)O)NC4C=C(C(C(C4O)O)O)CO,0.1146953
C1CC2C(=O)NC(CSSCCC(=O)NC(C(=O)NCC(=O)NC(C(=O)NC(C(=O)N2C1)CC3=CNC4=CC=CC=C43)CC(=O)O)CCCCN=C(N)N)C(=O)N,0.023175767
CN1C2CCC1CC(C2)O,0.18153462
CC(=O)N1CCN(CC1)C2=CC=C(C=C2)OCC3COC(O3)(CN4C=CN=C4)C5=C(C=C(C=C5)Cl)Cl,0.34981138
CC1C(C(=O)NC(C(=O)N2CCCC2C(=O)N(CC(=O)N(C(C(=O)O1)C(C)C)C)C)C(C)C)NC(=O)C3=C4C(=C(C=C3)C)OC5=C(C(=O)C(=C(C5=N4)C(=O)NC6C(OC(=O)C(N(C(=O)CN(C(=O)C7CCCN7C(=O)C(NC6=O)C(C)C)C)C)C(C)C)C)N)C,0.028327579
CCC(C(C)O)N1C(=O)N(C=N1)C2=CC=C(C=C2)N3CCN(CC3)C4=CC=C(C=C4)OCC5CC(OC5)(CN6C=NC=N6)C7=C(C=C(C=C7)F)F,0.52547365
C1=CC2=C(C(=C1)O)N=CC=C2.C1=CC2=C(C(=C1)O)N=CC=C2.OS(=O)(=O)O,0.5846138
C1(=O)[N-]C(=O)N(C(=O)N1Cl)Cl.[Na+],0.25982535
CC1=C(C=CO1)SSC2=C(OC=C2)C,0.14290448
C1=NN=NN1CC(=O)O,0.187979
C1CN(CCN1)C(=O)C2=CC=CO2,0.064487696
CC1(C2CCC3(C(C2(CCC1OC(=O)CCC(=O)[O-])C)C(=O)C=C4C3(CCC5(C4CC(CC5)(C)C(=O)[O-])C)C)C)C.[Na+].[Na+],0.42885423
CC1=CN=C(C(=C1OC)C)CS(=O)C2=NC3=C(N2)C=CC(=N3)OC,0.7929121
C1CCN(CC1)C(=O)C=CC=CC2=CC3=C(C=C2)OCO3,0.6105666
C1CCN2CC3CC(C2C1)CN4C3CCCC4,0.27461812
CC12CCC3C(C1CCC2O)CCC45C3(CC(=C(C4O5)O)C#N)C,0.47867188
C[N+]1(C2CCC1CC(C2)OC(=O)C(C3=CC=CC=C3)(C4=CC=CC=C4)O)CCF.[Br-],0.3170421
CN1C2CCC1CC(C2)OC(=O)C3=CNC4=CC=CC=C43,0.498813
CN(C)CCC=C1C2=CC=CC=C2SC3=C1C=C(C=C3)Cl,0.8686196
CN1CCN(CC1)C(=O)C2CCCCC2,0.12235126
CN1C2CCC1CC(C2)OC(=O)C3=CC(=CC(=C3)Cl)Cl,0.4390387
C1=NC(=S)C2=C(N1)N(C=N2)C3C(C(C(O3)CO)O)O,0.65263444
CC(C)(C)C1=NNC(=S)N(C1=O)N,0.73768
CCC(C(C1=C2C=CC(=O)NC2=C(C=C1)O)O)NC(C)C,0.40304974
CC(=O)OC1C2C(C(C(=O)O2)OC(=O)C)OC1=O,0.011959368
C1=CC=C2C(=C1)NC(=S)N2,0.5475527
C1CCC(CC1)NC(=S)NC2CCCCC2,0.5578876
COC1=CC=C(C=C1)C(=O)N2CCN(CC2)CC(=O)N3CCOCC3,0.056292806
CN1C(CCC1=O)C2=CN=CC=C2,0.12750867
CC=C1C2CC3=C(C1(CC(=C2)C)N)C=CC(=O)N3,0.721244
CC1(CCCC2(C1CCC3(C2CC(=O)O3)C)C)C,0.5269665
CN1CCN(CC1)C(=O)OC2C3=NC=CN=C3C(=O)N2C4=NC=C(C=C4)Cl,0.21231191
CC1=CCC(C1(C)C)CC=O,0.4651307
COC1=C(C=CC(=C1)C=C2CCCC(=CC3=CC(=C(C=C3)O)OC)C2=O)O,0.8021052
C1=CNC(=S)N=C1,0.42004737
C1=CC=C(C=C1)C=CCOC(=O)C=CC2=CC=CC=C2,0.7028662
CCOC=C1C(=O)OC(=N1)C2=CC=CC=C2,0.4570954
CC1(CCCC2(C3C1C(C2=C)CC3)C)C,0.47052103
C1CNC(=S)N1,0.12036955
CN1C(=S)N=NN1,0.4379001
C1(=NC(=S)NN1)N,0.5349822
C1(C2C(C(C(=O)O2)O)OC1O)O,0.13637327
CN(C)C1=CC=C(C=C1)C(=C2C=CC(=[N+](C)C)C=C2)C3=CC=CC=C3.CN(C)C1=CC=C(C=C1)C(=C2C=CC(=[N+](C)C)C=C2)C3=CC=CC=C3.C(=O)(C(=O)O)O.C(=O)(C(=O)[O-])O.C(=O)(C(=O)[O-])O,0.89785874
C1C(CC(=O)NC1=O)C2=CC=C(C=C2)Cl,0.093707636
C1=CC=C(C=C1)CNCCNCC2=CC=CC=C2.Cl.Cl,0.23237747
CN1CCCC1C2=CN=CC=C2.CN1CCCC1C2=CN=CC=C2.OS(=O)(=O)O,0.16817567
CC1=CC2=C(C=C1)N3CCNC4C3=C2CCC4.CS(=O)(=O)O,0.25016862
CC1CCCC(CCCCCC2=C(C(=CC(=C2)O)O)C(=O)O1)O,0.37688208
C1CN(CCN1)C2=C3C(=CC=C2)OCCO3.Cl,0.21419872
CC1=NC=C(C(=N1)N)CN(C=O)C(=C(CCOP(=O)(O)O)SC(=O)C2=CC=CC=C2)C,0.2629984
CC1C2=CC=CC=C2CN1NC(=O)C3=CC(=C(C=C3)Cl)S(=O)(=O)N,0.16927093
CC12CCCC=C1C(=O)OC2=O,0.26267833
CCOC(=O)C1=NN(C(=N1)C(Cl)(Cl)Cl)C2=C(C=C(C=C2)Cl)Cl,0.8140002
COC=C(C1=CC=CC=C1OC2=NC=NC(=C2)OC3=CC=CC=C3C#N)C(=O)OC,0.67171067
CCOC(=O)CN1C2=C(C=CC=C2Cl)SC1=O,0.34914267
CN1CC2C(C1)C3=C(C=CC(=C3)Cl)OC4=CC=CC=C24,0.5269509
CC(C)OC1=CC=C(C=C1)NC(=O)N2CCN(CC2)C3=NC=NC4=CC(=C(C=C43)OC)OCCCN5CCCCC5,0.4786884
CN(CCCN1CCC2=CC(=C(C=C2CC1=O)OC)OC)CCC3=CC(=C(C=C3)OC)OC.Cl,0.24860843
COC1C(CC2CN3CCC4=C(C3CC2C1C(=O)OC)NC5=C4C=CC(=C5)OC)OC(=O)COC6=CC=C(C=C6)OC,0.29607943
COCCCN1CCC(CC1)NC(=O)C2=CC(=C(C3=C2OCC3)N)Cl,0.33735338
CC1C(OC(=N1)N)C2=CC=CC=C2,0.27520025
CC1=CC(=C(C(=C1)C)N=C2C=C3C4=CC(=C(C=C4CCN3C(=O)N2C)OC)OC)C.Cl,0.46673584
CC1=C(C(=CC=C1)Cl)NC(=O)C2=CN=C(S2)NC3=CC(=NC(=N3)C)N4CCN(CC4)CCO,0.48452878
CN1CCC(CC1)COC2=C(C=C3C(=C2)N=CN=C3NC4=C(C=C(C=C4)Br)F)OC,0.74868995
CC1=CC=C(C=C1)S(=O)(=O)NC(=O)NC2CCCC2,0.06208093
COC1=C2CCCCC(C2=NC=C1)S(=O)C3=NC4=CC=CC=C4N3,0.71913654
C1=CC=C(C(=C1)C2C(O2)(CN3C=NC=N3)C4=CC=C(C=C4)F)Cl,0.76246804
C1=CC=C2C(=C1)C(=O)[N-]C2=O.[K+],0.029146
C1=CC(=CC=C1OC2=C3C(=CC(=CC3=NC=C2)Cl)Cl)F,0.8878218
C1CCC2(CC1)N(CCO2)C(=O)C(Cl)Cl,0.35222787
CC(=O)C1=CC=C(C=C1)C2=CC=C(C=C2)C(=O)NCCCCN3CCN(CC3)C4=CC=CC=C4OC,0.30861586
C1C(O1)COC2=CC=C(C=C2)C(C3=CC=C(C=C3)OCC4CO4)C5=CC=C(C=C5)OCC6CO6,0.8971492
C1=NC=N[N-]1.[Na+],0.22746705
C1=CC=C(C=C1)COC(=O)C=CC2=CC=CC=C2,0.75839454
C1CN(CCN1CCOCCO)C2=NC3=CC=CC=C3SC4=CC=CC=C42.C1CN(CCN1CCOCCO)C2=NC3=CC=CC=C3SC4=CC=CC=C42.C(=CC(=O)O)C(=O)O,0.53366387
CC12CCC3C(C1CCC2(C)O)CCC4C3(CC(=CO)C(=O)C4)C,0.5387041
CC(C1=CC=CC=C1)(C2=CC=C(C=C2)Cl)OCCC3CCCN3C.C(=CC(=O)O)C(=O)O,0.61691934
CC(C)(C)C(C)(C1CC23CCC1(C4C25CCN(C3CC6=C5C(=C(C=C6)O)O4)CC7CC7)OC)O.Cl,0.59195197
CN(CC=CC1=CC=CC=C1)CC2=CC=CC3=CC=CC=C32.Cl,0.65977234
CC1=CCCC(=C)C2CC(C2CC1)(C)C,0.3714717
COC1=CC(=O)OC(C1)C=CC2=CC=CC=C2,0.62071204
COC1=CC=C(C=C1)C=CC2=CC(=CC(=O)O2)OC,0.73038703
CC1CCCC(=O)CCCC=CC2=C(C(=CC(=C2)O)O)C(=O)O1,0.31031758
CC1C(C(C(C(O1)OCC2C(C(C(C(O2)OC3=CC(=C4C(=C3)OC(=CC4=O)C5=CC(=C(C=C5)OC)O)O)O)O)O)O)O)O,0.8282169
C1=CC(=C(C=C1C=CC(=O)OC(C(C(=O)O)OC(=O)C=CC2=CC(=C(C=C2)O)O)C(=O)O)O)O,0.52946824
C1C(C(C(CC1(C(=O)O)OC(=O)C=CC2=CC(=C(C=C2)O)O)OC(=O)C=CC3=CC(=C(C=C3)O)O)O)O,0.51509523
CC1(CNC(=NC1)NN=C(C=CC2=CC=C(C=C2)C(F)(F)F)C=CC3=CC=C(C=C3)C(F)(F)F)C,0.854973
C1CCN(CC1)CC2=CC(=NC=C2)OCC=CCNC(=O)CS(=O)CC3=CC=CO3,0.43404764
CC(CCC=C(C)C)C1CCC2(C1(CCC34C2CCC5C3(C4)CCC(C5(C)C)OC(=O)C=CC6=CC(=C(C=C6)O)OC)C)C,0.5939389
CC(C1=CC=C(C=C1)C=C2CCCCC2=O)C(=O)O,0.3026832
C1CCNC2=C(C1)C=CC(=C2)C(=O)CCC3CCN(CC3)CC4=CC=CC=C4.C(=CC(=O)O)C(=O)O,0.4035225
CCN(CC)CC1=NC=CN1C2=C(C=C(C=C2)[N+](=O)[O-])C(=O)C3=CC=CC=C3Cl.C(=CC(=O)O)C(=O)O,0.5978445
C1CCN(CC1)CC2=CC(=NC=C2)OCC=CCNC3=C(C(=O)C3=O)N,0.6209337
C1CC1C2=NC3=CC=CC=C3C(=C2C=CC(CC(CC(=O)[O-])O)O)C4=CC=C(C=C4)F.C1CC1C2=NC3=CC=CC=C3C(=C2C=CC(CC(CC(=O)[O-])O)O)C4=CC=C(C=C4)F.[Ca+2],0.8271648
CCCCC1=NC=C(N1CC2=CC=C(C=C2)C(=O)O)C=C(CC3=CC=CS3)C(=O)O.CS(=O)(=O)O,0.3373546
CCOCCN1C2=CC=CC=C2N=C1N3CCCN(CC3)C.C(=CC(=O)O)C(=O)O.C(=CC(=O)O)C(=O)O,0.29052967
CC(C(=O)NC(C)C(=O)NC1C2C1CN(C2)C3=C(C=C4C(=O)C(=CN(C4=N3)C5=C(C=C(C=C5)F)F)C(=O)O)F)N.CS(=O)(=O)O,0.07476625
C1=CC=C(C=C1)N=NC2=C(C3=C(C(=C(C=C3C=C2S(=O)(=O)[O-])S(=O)(=O)[O-])N=NC4=CC=C(C=C4)C5=CC=C(C=C5)N=NC6=C(C=C(C=C6)N)N)N)O.[Na+].[Na+],0.7211662
C1=CC=C(C=C1)C=CCOC(=O)C2=CC=CC=C2N,0.596396
C1CCC(CC1)C(CC2CCCCN2)C3CCCCC3.C(=CC(=O)O)C(=O)O,0.3573861
C=CCN1CCC23C4C(=O)CCC2(C1CC5=C3C(=C(C=C5)O)O4)O,0.45514342
CC1C(C(C(C(O1)OC2CCC3(C4CCC5(C(CCC5(C4CCC3=C2)O)C6=COC(=O)C=C6)C)C)O)O)O,0.7236057
C1CC[N+]2(C1)C3CCC2CC(C3)OC(=O)C(C4=CC=CC=C4)(C5=CC=CC=C5)O.[Cl-],0.3267209
C(C1C2C(C(C(O1)OC3C(OC(C(C3O)O)OC4C(OC(C(C4O)O)OC5C(OC(C(C5O)O)OC6C(OC(C(C6O)O)OC7C(OC(C(C7O)O)OC8C(OC(C(C8O)O)OC9C(OC(O2)C(C9O)O)CO)CO)CO)CO)CO)CO)CO)O)O)O,0.123314746
CC1=C(C(CCC1)(C)C)C=CC(=CC=CC(=CC(=O)NC2=CC=C(C=C2)O)C)C,0.8739783
CC(=CC1=CC=C(C=C1)C(=O)O)C2=CC3=C(C=C2)C(CCC3(C)C)(C)C,0.7830542
CCN1C2=C(C(=O)N(C1=O)CC)N(C(=N2)C=CC3=CC(=C(C=C3)OC)OC)C,0.3143851
CC(C)C1CCC(CC1)C(=O)NC(CC2=CC=CC=C2)C(=O)O,0.1005278
CC1=CC2=C(C=C1C)N(C=N2)C3C(C(C(O3)CO)OP(=O)([O-])OC(C)CNC(=O)CCC4(C(C5C6(C(C(C(=C(C7=NC(=CC8=NC(=C(C4=N5)C)C(C8(C)C)CCC(=O)N)C(C7(C)CC(=O)N)CCC(=O)N)C)[N-]6)CCC(=O)N)(C)CC(=O)N)C)CC(=O)N)C)O.[C-]#N.[Co+3],0.17332268
C1=CC=C(C=C1)CCCOC(=O)C=CC2=CC=CC=C2,0.6792137
C1COC(=O)N1N=CC2=CC=C(O2)[N+](=O)[O-],0.7903949
C1=CC=C(C(=C1)C=CC2=CC=C(C=C2)C3=CC=C(C=C3)C=CC4=CC=CC=C4S(=O)(=O)[O-])S(=O)(=O)[O-].[Na+].[Na+],0.49666744
CN1CCC23C4C1CC5=C2C(=C(C=C5)O)OC3C(CC4)O,0.46242094
C1CC1CN2CCC34C5C(=O)CCC3(C2CC6=C4C(=C(C=C6)O)O5)O,0.56627226
CON=C(C1=CC=CO1)C(=O)NC2C3N(C2=O)C(=C(CS3)COC(=O)N)C(=O)O,0.0017410815
CCOC(=O)C(CCC1=CC=CC=C1)NC(C)C(=O)N(CC(=O)O)C2CC3=CC=CC=C3C2.Cl,0.14033137
CCOC(=O)C(CCC1=CC=CC=C1)NC2CCC3=CC=CC=C3N(C2=O)CC(=O)O.Cl,0.18735965
CCOC(=O)C(CCC1=CC=CC=C1)NC(C)C(=O)N2C3CCCC3CC2C(=O)O,0.10052181
COCCOCC(CC1(CCCC1)C(=O)NC2CCC(CC2)C(=O)O)C(=O)OC3=CC4=C(CCC4)C=C3,0.26765865
CCC(C)C1N=C(C(S1)C)C,0.385198
C1CC=CCCC=CCCC=C1,0.13496648
CCCCCCCCC=CCCCCCCCC1=NCCN1CCO,0.614371
C1=CC=C(C=C1)CCOC(=O)C=CC2=CC=CC=C2,0.75657654
C1=CC=C(C=C1)COC(=O)N=NC(=O)OCC2=CC=CC=C2,0.64770377
CC(C)(C)NC(=O)C1CN(CCN1CC(CC(CC2=CC=CC=C2)C(=O)NC3C(CC4=CC=CC=C34)O)O)CC5=CN=CC=C5.OS(=O)(=O)O,0.24117038
CC=C1CC2CC1C=C2,0.44417053
CCN1C(=CC=CC2=[N+](C3=CC=CC=C3C=C2)CC)C=CC4=CC=CC=C41.[I-],0.93612266
CC1=NN(N=N1)CC2=C(N3C(C(C3=O)NC(=O)C(=NOC)C4=CSC(=N4)N)SC2)C(=O)O,0.0015168159
CN1COCN(C1=N[N+](=O)[O-])CC2=CN=C(S2)Cl,0.48688027
CC(C(C1=CC=CC=C1)O)NCCC(=O)C2=CC(=CC=C2)OC.Cl,0.14529805
CN1CCC23C4C1CC5=C2C(=C(C=C5)OC)OC3C(CC4)O,0.42468876
CC(C1=CC=CC=C1)NCCC(C2=CC=CC=C2)C3=CC=CC=C3.Cl,0.6303039
CN1CCC(=C2C3=CC=CC=C3SC4=CC=CC=C42)CC1.C(=CC(=O)O)C(=O)O,0.6642546
C1=CC=C(C=C1)NC=CC=CC=NC2=CC=CC=C2.Cl,0.78840613
CCC(C)COC(=O)C=CC1=CC=C(C=C1)N=CC2=CC=C(C=C2)OC,0.6815132
CCN1C2=CC=CC=C2SC1=CC=CC3=[N+](C4=CC=CC=C4S3)CC.[I-],0.95150995
C1=C(OC(=C1)[N+](=O)[O-])C=CC(=NN=C(N)N)C=CC2=CC=C(O2)[N+](=O)[O-],0.87999207
CCC=C1C2=CC=CC=C2C(=O)O1,0.31817195
CN1CCC23C4C1CC5=C2C(=C(C=C5)O)OC3C(C=C4)O.CN1CCC23C4C1CC5=C2C(=C(C=C5)O)OC3C(C=C4)O.O.O.O.O.O.OS(=O)(=O)O,0.35792395
C1=CC=C(C=C1)O[P+](=O)OC2=CC=CC=C2,0.16286814
C1=CC=C(C=C1)[Sn](C2=CC=CC=C2)C3=CC=CC=C3.O,0.99986064
C1=CC=C2C(=C1)C3=CC=CC=C3[P+](=O)O2,0.6307101
CCOC1=CC=C(C=C1)N=NC2=CC(=C(C=C2)C=CC3=C(C=C(C=C3)N=NC4=CC=C(C=C4)OCC)S(=O)(=O)[O-])S(=O)(=O)[O-].[Na+].[Na+],0.6231624
COC1=CC(=C(C=C1C(=O)NC2CCN(CC2)CC3=CC=CC=C3)Cl)N.C(=CC(=O)O)C(=O)O,0.2528679
COC1=CC(=C(C(=C1)OC)C(=O)CCCN2CCCC2)OC.Cl,0.32309332
COC(=O)N(C1=CC=CC=C1COC2=NN(C=C2)C3=CC=C(C=C3)Cl)OC,0.744268
CCC(C)C1C(C=CC2(O1)CC3CC(O2)CC=C(C(C(C=CC=C4COC5C4(C(C=C(C5O)C)C(=O)O3)O)C)OC6CC(C(C(O6)C)OC7CC(C(C(O7)C)O)OC)OC)C)C,0.6000476
CCC(CC)(CC(=O)NC1=CC=CC(=C1)C=CC2=NC(=CS2)C3CCC3)C(=O)O,0.45901233
CCCCN(CCCC)CC(C1=CC(=CC2=C1C3=C(C2=CC4=CC=C(C=C4)Cl)C=C(C=C3)Cl)Cl)O,0.7033206
CC1=C(C=CC=C1C2=CC=CC=C2)COC(=O)C3C(C3(C)C)C=C(C(F)(F)F)Cl,0.77743345
CNC(=O)C1=CC=CC=C1SC2=CC3=C(C=C2)C(=NN3)C=CC4=CC=CC=N4,0.7943395
CCOC(=O)C1=NOC(C1)(C2=CC=CC=C2)C3=CC=CC=C3,0.5242888
C1=NC2C(N1)C(=S)NC=N2.O,0.13207047
CC1CCC2C(C3C(N2C1)CC4C3(CCC5C4CC=C6C5(CCC(C6)OC7C(C(C(C(O7)CO)O)OC8C(C(C(C(O8)CO)O)O)O)OC9C(C(C(C(O9)C)O)O)O)C)C)C,0.23917997
CC1CCC2(C(C3C(O2)C(C4C3(CCC5C4CCC6C5(CC(C(C6)OC7C(C(C(C(O7)CO)OC8C(C(C(C(O8)CO)O)OC9C(C(C(CO9)O)O)O)OC2C(C(C(C(O2)CO)O)OC2C(C(C(C(O2)CO)O)O)O)O)O)O)O)C)C)O)C)OC1,0.13576747
C1COC(O1)CON=C(C2=CC=C(C=C2)Cl)C(F)(F)F,0.717918
CNCCCC1C2=CC=CC=C2C=CC3=CC=CC=C13.Cl,0.7199467
CC(CN1C2=CC=CC=C2SC3=CC=CC=C31)CN(C)C.CC(CN1C2=CC=CC=C2SC3=CC=CC=C31)CN(C)C.C(C(C(=O)O)O)(C(=O)O)O,0.8954006
CC12C3CCC(C1(C(=O)OC2=O)C)O3,0.2837566
C1=CC(=CC=C1NC2=NC(=NC(=N2)N(CCO)CCO)NC3=CC(=C(C=C3)C=CC4=C(C=C(C=C4)NC5=NC(=NC(=N5)NC6=CC=C(C=C6)S(=O)(=O)[O-])N(CCO)CCO)S(=O)(=O)[O-])S(=O)(=O)[O-])S(=O)(=O)[O-].[Na+].[Na+].[Na+].[Na+],0.67871416
CN1CCN(CC1)C2=CC=CC=C2C=C3C(=O)N(CCS3)C4=CC(=C(C=C4)Cl)Cl,0.7598933
CCC1C(C(C(C(=NOCOCCOC)C(CC(C(C(C(C(C(=O)O1)C)OC2CC(C(C(O2)C)O)(C)OC)C)OC3C(C(CC(O3)C)N(C)C)O)(C)O)C)C)O)(C)O,0.5362784
CC1=C(OC(=O)O1)COC(=O)C2C(SC3N2C(=O)C3NC(=O)C(C4=CC=CC=C4)N)(C)C.Cl,6.0535087e-05
CC1=CC=CC=C1N2CCN(CC2)CCC3=NN=C4N3CCCC4.Cl,0.28148535
C1CCC2=C(C1)C(=C3CCCC3=N2)N.O.Cl,0.30674955
CN1C2CCC1CC(C2)NC(=O)N3C4=CC=CC=C4NC3=O,0.26419044
CON=C(C1=NSC(=N1)N)C(=O)NC2C3N(C2=O)C(=C(CS3)C[N+]4=C5C=CC=NN5C=C4)C(=O)[O-].Cl,0.005208063
C1CC2CN(C(=O)C3=CC=CC(=C23)C1)C4CN5CCC4CC5.Cl,0.3748639
C1CC1CONC(=O)C2=C(C(=C(C=C2)F)F)NC3=C(C=C(C=C3)I)Cl,0.6184795
CS(=O)(=O)O.CS(=O)(=O)O.C=CCNC1=NC(=NC(=N1)N2CCN(CC2)C(C3=CC=C(C=C3)F)C4=CC=C(C=C4)F)NCC=C,0.7198029
CC12CCCC(C1CCC34C2CCC(C3)(C(=C)C4)OC5C(C(C(C(O5)CO)O)OC6C(C(C(C(O6)CO)O)O)O)OC7C(C(C(C(O7)CO)O)O)O)(C)C(=O)OC8C(C(C(C(O8)CO)O)O)O,0.19991365
CC1C(NC(=O)N1C)C2=CC=CC=C2,0.10263577
C1=CC(=C(C=C1Cl)Cl)CON=C(CN2C=CN=C2)C3=C(C=C(C=C3)Cl)Cl.[N+](=O)(O)[O-],0.85257673
CC1=CC=C(C=C1)C=NN2C(=CSC2=S)C3=CC=CC=C3,0.7020663
C1=CC(=CC=C1C=NNC(=NN=CC2=CC=C(C=C2)Cl)N)Cl,0.84257114
COC1=C(C=C(C=C1)C=NNC(=O)C2=CC=NC=C2)OC,0.4138966
CC1=NNC(=O)N(C1)N=CC2=CN=CC=C2,0.31790823
C1COCCN1CC2CN(C(=O)O2)N=CC3=CC=C(O3)[N+](=O)[O-].Cl,0.67704827
CC1=NN(C(=C1C=NOCC2=CC=C(C=C2)C(=O)OC(C)(C)C)OC3=CC=CC=C3)C,0.5463804
CC(=NOCC1=CC=CC=C1C(=NOC)C(=O)OC)C2=CC(=CC=C2)C(F)(F)F,0.71665716
CON=C1CN(CC1CN)C2=C(C=C3C(=O)C(=CN(C3=N2)C4CC4)C(=O)O)F.CS(=O)(=O)O,0.24312027
C1CN2CCC1N(CC2)C(=O)OC3=CC=C(C=C3)Br,0.28486988
CCC1=NN(C2=C1C=CC(=C2)C3(CCC(CC3)C(=O)O)C#N)C4CCCCC4,0.49062923
C1CN(CCC1C2=CC=CC(=C2)CN)C(=O)C3=CC=C(O3)C#CC4=CC=CC=C4F,0.63904345
CC(C=CC(C1CC1)O)C2CCC3C2(CCCC3=CC=C4CC(CC(C4=C)O)O)C,0.8773136
CN(CC(CC[N+]12CCC(CC1)(CC2)C3CCCCC3)C4=CC(=C(C=C4)Cl)Cl)C(=O)C5=CC(=CC(=C5)C(F)(F)F)C(F)(F)F.CS(=O)(=O)[O-],0.8528853
C1=CC(=CC(=C1)C2=C(C=CC(=C2)CCCCCCC3=CC(=C(C=C3)OC4C(C(C(C(O4)CO)O)O)O)C5=CC=CC(=C5)CC(=O)O)OC6C(C(C(C(O6)CO)O)O)O)CC(=O)O,0.54659796
CC1=CC(=CC(=C1OC2=C3CCCC3=C(C=C2)O)C)NC(=O)C(=O)O,0.44277546
COC1=C(C=C(C=C1)OC(F)(F)F)CNC2CCCNC2C3=CC=CC=C3,0.70472676
CC(C)C(C(=O)NC1CC2=CC=CC=C2C3CCCC(N3C1=O)C(=O)O)SC(=O)C,0.047856208
CC1=NOC(=C1)COC2=C(C=C(C=C2)Cl)CNC3=C4C(=NC=N3)N(C=N4)C5C(C(C(O5)C(=O)NC)N)O,0.6602962
CCOC1=NC2=C(C=C1)NC=C(C2=O)C(=O)NCC3=CC=CC=C3,0.5689431
C1CC2CC(CC1N2C3=NC=CC=N3)NCC(=O)N4CC(CC4C#N)(F)F,0.05116585
C1CN2C(=O)C(N=C(C3=CC(=CC1=C32)N)C4=CC=CC=C4)NC(=O)C5=CN=CC=C5,0.21459983
C1=CC(=CC2=NC3=C(C=CC(=C3)N)C=C21)N.C1=CC(=CC2=NC3=C(C=CC(=C3)N)C=C21)N.OS(=O)(=O)O,0.81071365
CC(C)(C)OC(=O)NCCC(=O)NC(CC1=CNC2=CC=CC=C21)C(=O)NC(CCSC)C(=O)NC(CC(=O)O)C(=O)NC(CC3=CC=CC=C3)C(=O)N,0.017707802
CC(C)(C1=NC2=NC=C(N2N=C1)C3=CC(=C(C=C3)F)C4=C(C=CC=C4F)C#N)O,0.62829983
CC1=CC2=C3C(=C1)C(=NC(C(=O)N3CC2)NC(=O)C4=CC=NC=C4)C5=CC=CC=C5,0.16184731
C1CCC(C1)(C2=CC3=C(C=C2)C(C(CO3)CC4=CC=C(C=C4)C5=CC=CC=C5)O)C(=O)O,0.60079455
COCC1=NN=C(N1C2=C3C(=CC(=C2Cl)Cl)NC(=O)C(=O)N3)C4=C[N+](=CC=C4)[O-],0.75402874
C1CN(CCN1CCC2=CC(=O)N(C3=C2C=CC(=C3)F)CC(=O)N)C4=NC=CC5=C4C=CS5,0.42456076
C1CCC(C1)(C(=O)NO)N(CCC(=O)O)S(=O)(=O)C2=CC=C(C=C2)OC3=CC=C(C=C3)F,0.45386454
CCC1=C(NC2=C1C(=O)C(CC2)CN3CCOCC3)C.Cl,0.28573623
CCC1CCC(C(N1)C2=CC=CC=C2)NCC3=CC4=C(C=C3OC)C5CC5C(=O)N4C,0.41326013
CN(C)C(=O)C1CC(CN1C2(C3=C(C=CC(=C3)Cl)N(C2=O)S(=O)(=O)C4=C(C=C(C=C4)OC)OC)C5=CC=CC=C5OC)O,0.28130007
CC1=CC(=C(C(=C1)C)C2=C(C3(CCCC3)OC2=O)OC(=O)CC(C)(C)C)C,0.61911607
CN1CCC(C(C1)O)C2=C(C=C(C3=C2OC(=CC3=O)C4=CC=CC=C4Cl)O)O.Cl,0.8706148
CC1=C(C2=CC=CC=C2N1CCCCC(=O)O)C3=CN=CC=C3,0.54142886
COC1=CC(=C(C=C1C(=O)NC2CN3CCC2CC3)Cl)N.Cl,0.21176594
C1CN2CCC1C(C2)NC(=O)C3=CC4=C(C=C3)OCCO4,0.22847132
CC1=NC=CN1C2=CC=C(C=C2)SC3=CC=CC(=C3)C4(CCOCC4)C(=O)N.CS(=O)(=O)O,0.5517622
CC(C)C1=NN=C2N1C=C(C=C2)C3=C(N=CO3)C4=C(C=CC(=C4)F)F,0.5430385
CC1=NC=C(C=N1)C(CCCCCCC2=NC3=C(CCCN3)C=C2)CC(=O)O,0.53922606
C1CCNC(C1)C(C2=CC=CC=C2)NC(=O)C3=C(C(=CC=C3)C(F)(F)F)Cl,0.39913577
CC(C(=O)O)OC1=CC(=C(C=C1)CNC(=O)C2=C(N=CC=C2)OC3=CC4=C(C=C3)OCO4)F,0.38502708
C1C(C(C2=C(O1)C=CC(=C2)OCC3=NC4=C(S3)C=CC(=C4)F)O)CC5=CC(=CC=C5)C(=O)O,0.5468423
CCC1C(CCC2(O1)CC3CC(O2)CC=C(CC(C=CC=C4COC5C4(C(C=C(C5O)C)C(=O)O3)O)C)C)C,0.38340047
CCOC(=O)OC1=C(C(=O)NC12CCC(CC2)OC)C3=C(C=CC(=C3)C)C,0.21804309
CCC(=O)O.CCC(=O)O.C1CN=C(N1)C2=CC(=CC=C2)NC(=O)NC3=CC=CC(=C3)C4=NCCN4,0.2856546
CC1=CC(=CC2=C1NC(=O)CC2(C)C)CCN3CCN(CC3)C4=NSC5=CC=CC=C54.CS(=O)(=O)O,0.57934314
C1CN(CCC1(C2=CC=C(C=C2)F)O)C3COC4=C(C3O)C=CC(=C4)O,0.6003043
CC1=C(C2=C(O1)C(=CC=C2)NC(=O)C3=C(C=CC=C3Cl)Cl)C(C)(C)O,0.6478357
CC1=C(C=C(C=C1)NC2=NC=CC(=N2)N(C)C3=CC4=NN(C(=C4C=C3)C)C)S(=O)(=O)N,0.7311576
CC1CC(=O)NN=C1C2=CC3=C(C=C2)N=C(N3)C4=CC=C(C=C4)OC.Cl,0.6377615
CN1C=NC2=C1C=C(C(=C2F)NC3=C(C=C(C=C3)Br)Cl)C(=O)NOCCO,0.64776707
CC1CN(CC(N1C2=NC(=NC=C2)C(C)O)C)C3=NC(=NC(=N3)C)C,0.10125344
CC(=O)NC1=NC(=O)N(C=C1)C2COC(O2)COC(=O)C3=CC=CC=C3,0.1807815
CC1=C(N=C(O1)C2=CC=CC=C2)CCOC3=CC=CC4=C3C=CN4CCC(=O)O,0.2593279
CCC1CC(C2=C(N1C(=O)OC(C)C)C=CC(=C2)C(F)(F)F)N(CC3=CC(=CC(=C3)C(F)(F)F)C(F)(F)F)C(=O)C,0.807122
CC(=O)OC1=CC2=C(S1)CCN(C2)C(C3=CC=CC=C3F)C(=O)C4CC4.Cl,0.34165
CC(C)(C)C1=CSC(=N1)C2=CC3=C(O2)C=CC(=C3)OCC4=CC=CC=C4CC(=O)O,0.7118156
COC1=CC=C(C=C1)C(=O)NC2=NC3=CC=CC=C3C(=C2C#N)NCC4=CC=CC=C4,0.82919395
COC1=CC(=O)OC(C1)CCC2=CC=CC=C2,0.53644544
CCC1=C(C=CC(=C1)SCC2=C(N=C(S2)C3=CC=C(C=C3)C(F)(F)F)CN4CCN(CC4)C5=CC=C(C=C5)OC)OCC(=O)O,0.62649107
CC1=C2C(=CC(=C1C(=O)O)O)C(=O)C3=C(C2=O)C(=C(C(=C3O)O)C4C(C(C(C(O4)CO)O)O)O)O,0.7686749
CN1C2=NC(=NC=C2CN(C1=O)C3=CC=CC=C3Br)NC4=CC5=C(C=C4)OC(CO5)CO,0.6893491
CC1=NC=C(C(=N1)N)CN(C=O)C(=C2CCOC(=O)S2)C,0.17156756
C1CCN(CC1)CC(CON=C(C2=C[N+](=CC=C2)[O-])Cl)O,0.6660018
CS(=O)(=O)C1=C(C=C(C=C1)C(CC2CCC(=O)C2)C(=O)NC3=NC=CN=C3)Cl,0.31845006
CCN1CCC2(CC1)COC3=C2C=C4C(=C3)CCN4C(=O)C5=CC=C(C=C5)C6=C(C=C(C=C6)C7=NN=C(O7)C)C.Cl,0.47477955
CCN1C=C[N+](=C1)C.CC1=CC=C(C=C1)S(=O)(=O)[O-],0.23713905
C1C(C(C(=O)O1)CC2=CC(=CC=C2)O)CC3=CC(=CC=C3)O,0.47736722
CC1=CC(=O)[N-]S(=O)(=O)O1.[K+],0.32624248
CN(C)C(=O)C1=CC=CC=C1NS(=O)(=O)NC(=O)NC2=NC(=CC(=N2)OC)OC,0.15118492
CC1(CCC=C2C13CCC(C3)C2(C)C)C,0.6479696
C1=CC(=C(C(=C1)Cl)C(=O)NCC2=C(C=C(C=N2)C(F)(F)F)Cl)Cl,0.5985391
C1=CC=C(C(=C1)C2=NC(=NO2)C3=CC(=CC=C3)C(=O)O)F,0.20997603
C1C2CC2N(C1C#N)C(=O)C(C34CC5CC(C3)CC(C5)(C4)O)N,0.11226503
COC=C(C1=CC=CC=C1COC2=CC=CC(=N2)C(F)(F)F)C(=O)OC,0.66384995
CC1C(C(CC(O1)OC2CC(CC3=C2C(=C4C(=C3O)C(=O)C5=C(C4=O)C(=CC=C5)OC)O)(C(=O)CO)O)N)OC6CCCCO6,0.9602337
CC1=C(C=CC(=C1C2=NOCC2)S(=O)(=O)C)C(=O)C3=CNN(C3=O)C,0.20330405
CCCOC1=C(C(=C(S1)C(=O)N2CCC(CC2)C3=C(C=CC(=C3)CN)F)C)Br.Cl,0.34900492
CC(C)CC(C(=O)C1(CO1)C)NC(=O)C(CC2=CC=CC=C2)NC(=O)C(CC(C)C)NC(=O)C(CCC3=CC=CC=C3)NC(=O)CN4CCOCC4,0.020968009
C1CC2=C(C=CC(=C2)F)OC1C(CNCC(C3CCC4=C(O3)C=CC(=C4)F)O)O.Cl,0.33841828
CC(C)CC1CN2CCC3=CC(=C(C=C3C2CC1=O)OC)OC,0.23903026
CC1CNCCC2=C1C=C(C=C2)Cl,0.28863007
C1CCN(CC1)C2(CCN(CC2)CCCC(=O)C3=CC=C(C=C3)F)C(=O)N.Cl.Cl,0.50886583
CC(C)C1=C(C(=CC=C1)C(C)C)N2C(=O)C3=C(C2=O)C=C(C=C3)O,0.7506203
COC1=CN=C(N2C1=NC(=N2)NS(=O)(=O)C3=C(C=CC=C3OCC(F)F)C(F)(F)F)OC,0.6273922
CC(C)(C(=O)OCC=C)OC(=O)C1=C(C=CC(=C1)N2C(=O)C=C(N(C2=O)C)C(F)(F)F)Cl,0.63324946
CN1C(=NC(=O)C(=N1)[O-])SCC2=C(N3C(C(C3=O)NC(=O)C(=NOC)C4=CSC(=N4)N)SC2)C(=O)[O-].CN1C(=NC(=O)C(=N1)[O-])SCC2=C(N3C(C(C3=O)NC(=O)C(=NOC)C4=CSC(=N4)N)SC2)C(=O)[O-].O.O.O.O.O.O.O.[Na+].[Na+].[Na+].[Na+],0.011556656
C1=CC(=C(C(=C1)C(=O)C2=CC=C(C=C2)Br)N)CC(=O)[O-].C1=CC(=C(C(=C1)C(=O)C2=CC=C(C=C2)Br)N)CC(=O)[O-].O.O.O.[Na+].[Na+],0.29400072
CN1C=CC2=CC3=C(CCN3C(=O)NC4=CN=CC=C4)C=C21.Cl,0.4782262
C1CCN(CC1)CC2=CC(=CC=C2)OCCCNC3=NC4=CC=CC=C4S3.C(=CC(=O)O)C(=O)O.C(=CC(=O)O)C(=O)O,0.43986005
CC1C(C(CC(O1)OC2CC(CC3=C2C(=C4C(=C3O)C(=O)C5=C(C4=O)C(=CC=C5)OC)O)(C(=O)CO)O)N6CCOC(C6)OC)O,0.9305471
CC1=C(C=CO1)C(=O)NC2=CC=C(C=C2)C(=O)N3CCC(C(=CC(=O)N4CCC(CC4)N5CCCCC5)C6=CC=CC=C63)(F)F.CC1=C(C=CO1)C(=O)NC2=CC=C(C=C2)C(=O)N3CCC(C(=CC(=O)N4CCC(CC4)N5CCCCC5)C6=CC=CC=C63)(F)F.C(=CC(=O)O)C(=O)O,0.42251918
C1=CC(=CC=C1N)S(=O)(=O)[N-]C2=NC=CS2.[Na+],0.029796625
C1C2C=CC1C3C2C4(C(=C(C3(C4(Cl)Cl)Cl)Cl)Cl)Cl,0.75631696
C1(=O)C(=O)NC(=O)NC1=O.O.O.O.O,0.08859329
CC(C)(C1=CC(=C(C=C1)O)C2=CC=CC=C2)C3=CC(=C(C=C3)O)C4=CC=CC=C4,0.9286116
CC1C(SC(=O)N1C(=O)NC2CCCCC2)C3=CC=C(C=C3)Cl,0.3163176
C1=CC=C(C=C1)COC2=CC=C(C=C2)S(=O)(=O)C3=CC=CC=C3O,0.7451241
CC1=CC2=C(C=C1C(F)(F)F)N(CC2)C(=O)NC3=CN=C(C=C3)OC4=C(N=CC=C4)C.Cl,0.6286714
CN1CCC2=CC(=C3C=C2C1CC4=CC=C(C=C4)OC5=C6C(CC7=CC(=C(C=C7)O)O3)[N+](CCC6=CC(=C5O)OC)(C)C)OC.Cl.[Cl-],0.66846824
CCC1=CC2CC(C3=C(CN(C2)C1)C4=CC=CC=C4N3)(C5=C(C=C6C(=C5)C78CCN9C7C(C=CC9)(C(C(C8N6C)(C(=O)OC)O)OC(=O)C)CC)OC)C(=O)OC.C(C(C(=O)O)O)(C(=O)O)O.C(C(C(=O)O)O)(C(=O)O)O,0.317339
CC1CC2C(OC3(C1C4(CCC56CC57CCC(C(C7CCC6C4(C3O)C)(C)C)OC8C(C(C(CO8)O)O)O)C)O2)C(C)(C)O,0.4985142
COC1=C(C2=C[N+]3=C(C=C2C=C1)C4=CC(=C(C=C4CC3)OC)OC)OC.O.[Cl-],0.52858675
CC1CCC2C13CC(C2(C)C)C(=C(C3)C(=O)C)C,0.6516772
CC1=C(N(C(=C1)CC(=O)[O-])C)C(=O)C2=CC=C(C=C2)Cl.[Na+],0.21852621
CCOC(=O)C1=CC=C(C=C1)C2CCC(CC2)NCC(COC3=CC(=C(C=C3)O)NS(=O)(=O)C)O.Cl,0.32561776
COC1=CC=CC=C1OCCNCC(COC2=CC=CC3=C2C4=CC=CC=C4N3)O.C(C(C(=O)O)O)(C(=O)O)O,0.36521807
CC1=C2C(=C(C=C1)[N+](=O)[O-])[Hg]O2,0.9925649
CC(=O)O[Pb](C1=CC=CC=C1)(C2=CC=CC=C2)C3=CC=CC=C3,0.99994504
C1(C(=O)NC(=N1)O[Al])NC(=O)N.O.O,0.04663013
CCC(C)C(=O)OC1CC(C=C2C1C(C(C=C2)C)CCC(CC(CC(=O)[O-])O)O)O.[Na+],0.7050671
CC1=NC(=NC(=N1)OC)NC(=O)[N-]S(=O)(=O)C2=C(C=CC(=C2)I)C(=O)OC.[Na+],0.17597167
CC(CC1=CC=C(C=C1)OCC(=O)O)NCC(C2=CSC(=N2)C(F)(F)F)O,0.176122
C1CCC2=NC3=C(CN2CC1)C(=CC(=C3)Cl)Cl.Cl,0.6123829
CC1CC(C(OC1C2CC(C(O2)C3(CCC(O3)C4(CCC5(O4)CC(C(C(O5)C(C)C6C(C(C(C(O6)(CC(=O)[O-])O)C)OC)OC)C)O)C)C)OC7CC(C(C(O7)C)OC)OC)(C)O)C.[NH4+],0.34686005
COC1(C2N(C1=O)C(=C(CO2)CSC3=NN=NN3CCO)C(=O)O)NC(=O)CSC(F)F,0.0049003595
CN(C)CCN1C(=NN=N1)SCC2=C(N3C(C(C3=O)NC(=O)CC4=CSC(=N4)N)SC2)C(=O)O.Cl,0.0030972725
CC1=CC=C(C=C1)C=C2C3CCC(C2=O)C3(C)C,0.6873694
C1CCC(CC1)C2=C(C=CC(=C2)C3(CCCCC3)C4=CC(=C(C=C4)O)C5CCCCC5)O,0.92657226
C1C=CC=[C-]1.[CH-]1C=CC=C1.Cl[Zr+2]Cl,0.5907359
CCC(C)C1C(C=CC2(O1)CC3CC(O2)CC=C(C(C(C=CC=C4COC5C4(C(C=C(C5O)C)C(=O)O3)O)C)OC6CC(C(C(O6)C)OC7CC(C(C(O7)C)[NH2+]C)OC)OC)C)C.C1=CC=C(C=C1)C(=O)[O-],0.46103078
CC1(C(N2C(S1(=O)=O)CC2=O)C(=O)[O-])CN3C=CN=N3.[Na+],0.0674397
CC1=C(C=CC2=C1OC(=O)C(=C2[O-])NC(=O)C3=CC(=C(C=C3)O)CC=C(C)C)OC4C(C(C(C(O4)(C)C)OC)OC(=O)N)O.[Na+],0.60922056
CCN1CCN(C(=O)C1=O)C(=O)NC(C2=CC=C(C=C2)O)C(=O)NC3C4N(C3=O)C(=C(CS4)CSC5=NN=NN5C)C(=O)[O-].[Na+],0.0013876706
CC(C)C1=C(C(=C(C(=N1)C(C)C)COC)C2=CC=C(C=C2)F)C=CC(CC(CC(=O)[O-])O)O.[Na+],0.6021212
CCC1=C2C(=CC(=C1)C3=C(N(S(=O)(=O)C4=CC=CC=C43)C5=CC=CC=C5C(F)(F)F)C(=O)[O-])OCO2.[K+],0.54570293
CCC1(C(=O)NC(=NC1=O)[O-])C2=CC=CC=C2.[Na+],0.068155214
CC1=CC(=O)C(=C(C)[O-])C(=O)O1.[Na+],0.35654482
CC(=O)OCC1=C(N2C(C(C2=O)NC(=O)CSC3=CC=NC=C3)SC1)C(=O)[O-].[Na+],0.0015466514
COC1=CC(=NC(=N1)NC(=O)[N-]S(=O)(=O)C2=C(C=CC=N2)OCC(F)(F)F)OC.[Na+],0.5950849
CC1=CC(=C(C=C1)NN=C2C(=O)C=CC(=NNC3=CC=C(C=C3)S(=O)(=O)[O-])C2=O)C.[Na+],0.63768315
CC1(C(N2C(S1)C(C2=O)NC(=O)C3=C(C=CC=C3OC)OC)C(=O)[O-])C.O.[Na+],0.00031466738
CCC1=C(C(=O)C=NN1C2=CC=C(C=C2)Cl)C(=O)[O-].[K+],0.33086446
COC1=CC(=NC(=N1)SC2=C(C(=CC=C2)Cl)C(=O)[O-])OC.[Na+],0.55165744
COC1=CC(=NC(=N1)OC2=C(C(=CC=C2)OC3=NC(=CC(=N3)OC)OC)C(=O)[O-])OC.[Na+],0.4620352
CC1=CC=CC=C1C(=O)N2CCC(=NOS(=O)(=O)[O-])C3=C2C=C(C=C3)Cl.[K+],0.48838583
COCCOC1=CC(=CC=C1)S(=O)(=O)[N-]C2=NC=CC=N2.[Na+],0.115756184
C12=C(NC(=O)NC1=O)[N-]C(=O)N2.[Na+],0.36540648
C1=CC=C(C=C1)C=CS(=O)(=O)[N-]C(=O)C2=C(C=C(C=C2)F)Cl.[Na+],0.4325657
CC1=CC(=C(C=C1N=NC2=CC=C(C=C2)S(=O)(=O)[O-])OC)N=NC3=CC=C(C=C3)OC.[Na+],0.69372493
CCOC1=C(C2=CC=CC=C2C=C1)C(=O)NC3C4N(C3=O)C(C(S4)(C)C)C(=O)[O-].O.[Na+],0.00071346853
C1=CC=C(C(=C1)C(=O)O)N2C=C(C(=O)C3=CC(=C(C=C32)Cl)NC4=C(C=C(C=C4Cl)F)F)C(=O)O,0.47298524
C1CC(CCC1NC2=NC=NC3=C2C=NN3)OCC(C4=CC=CC=C4F)F,0.5629481
CCC(C1=CC=CC=C1)NC(=O)C2=C(C=CC(=C2)F)[N-]S(=O)(=O)C3=CC=CC4=C3N=CC=C4.[Na+],0.39293826
C1CC(C1)(C2=CC=C(C=C2)C3=C(C=C4C(=N3)C=CN5C4=NNC5=O)C6=CC=CC=C6)N,0.7753469
C1CN(CCC1C(=O)C2=CC=C(C=C2)F)CCN3C(=O)C4=CC=CC=C4NC3=S.Cl,0.6008507
CN1CCC(CC1)NC(=O)C2=CC(=C(C=C2)NC3=NC=C4C(=N3)N(CC(C(=O)N4C)(F)F)C5CCCC5)OC,0.45969176
CC1=CN(C2=C1C=C(C=C2)F)NC(=O)C3=CN=C(N=C3C)C4=CC=CC=N4,0.6280241
C[NH+](C)CCC(C1=CC=CC=C1)C2=CC=CC=[NH+]2.C(=CC(=O)[O-])C(=O)[O-],0.32029736
CC1CCCC(N1CC2=CC=C(C=C2)CC(C(=O)N(C)C(C)C)NC(=O)CC(C3=CC4=C(C=C3)OCO4)NS(=O)(=O)C5=CC6=C(C=C5)C=C(C=C6)OC)C.Cl,0.3368662
C1CC12CN(CC2N)C3=C(C=C4C(=C3Cl)N(C=C(C4=O)C(=O)O)C5CC5F)F,0.31885317
CCOC1=CC=CC(=C1)N2C=C(N=C2C3=CC=C(C=C3)C)C(=O)N4CCN(CC4)C5=CC6=CC=CC=C6C(=C5)C(=O)[O-].[Na+],0.29442903
CC1=C(C=CC2=C1C(=NC(=N2)N)N)CNC3=CC(=C(C(=C3)OC)OC)OC.Cl.Cl.Cl,0.5748517
CN1CCN(CC1)CCCOC2=C(C=C3C(=C2)N=CC(=C3NC4=CC(=C(C=C4Cl)Cl)OC)C#N)OC.CO,0.78707105
CN1CCC(CC1)NC2=NC=C3C(=N2)C(=NC=N3)NC4=CC(=C(C=C4)F)Cl.Cl.Cl,0.89146405
CC1=NC2=CC=CC=C2N1C3CC4CCC(C3)N4CCC5(CCN(CC5)C(=O)C6=CC(=C(C=C6Cl)F)S(=O)(=O)NC)C7=CC(=CC=C7)F,0.62303185
C1C(C=CC1OC2=CC=CC(=C2)OC3=CC=C(C=C3)F)N(C(=O)N)O,0.79671705
C1=CC(=CC(=C1)C2=N[N-]C(=N2)C(=O)N)C3=C(C=CC(=C3)F)OCC(C(F)(F)F)(F)F.O.[K+],0.6951295
CN1CCN(C(C1)C2=CC=C(C=C2)F)CC3=CC(=CO3)C4=CC5=C(C=C4)NC(=O)O5.O.Cl,0.32386735
CC1=NN=C(O1)C(=O)NC(C)(C)C2=NC(=C(C(=O)N2C)O)C(=O)NCC3=CC=C(C=C3)F,0.24297677
CN1C2=CC=CC=C2C(=C(C1=O)C(=O)N(C)C3=CC=CC=C3)O,0.62133163
CC1=CN=C(S1)NC(=O)C2=C(C3=CC=CC=C3S(=O)(=O)N2C)O,0.2536129
CC1=CC(=NO1)NC(=O)C2=C(C3=CC=CC=C3S(=O)(=O)N2C)O,0.12165688
C1CC(C2=CC=CC=C2C1)C3=C(C4=CC=CC=C4OC3=O)O,0.7518863
C1=CC=C(C=C1)C(CC(C2=CC=C(C=C2)C3=CC=C(C=C3)Br)O)C4=C(C5=CC=CC=C5OC4=O)O,0.75747633
CC1(C2CC3C(C(=O)C(=C(C3(C(=O)C2=C(C4=C1C=CC=C4O)O)O)O)C(=O)NCN5CCCC5)N(C)C)O,0.25651938
C(C(C1C(=C(C(=O)O1)[O-])O)O)O.C(C(C1C(=C(C(=O)O1)[O-])O)O)O.O.O.[Ca+2],0.3301573
CN(C)C1C2C(C3C(=C)C4=C(C(=CC=C4)O)C(=C3C(=O)C2(C(=C(C1=O)C(=O)N)O)O)O)O.Cl,0.27719358
CC1=CC(=C(C=C1CO)C(C)(C)C)SC2=C(CC(OC2=O)(CCC3=CC=C(C=C3)N)C(C)C)O,0.76988065
COC1=C(C(=C(C=C1)CCN(CCC2=C(C(=C(C=C2)OC)OC)OC)C(=O)C(C3=CC=CC=C3)C4=NCCC5=CC(=C(C=C54)OC)OC)OC)OC.Cl,0.59780455
C[N+](C)(CCOC1=CC=CC=C1)CC2=CC=CS2.[I-],0.5618968
CCOC(CC1=CC=C(C=C1)OCCC2=CC=C(C=C2)OS(=O)(=O)C)C(=O)O,0.36653814
C1C2=C(C=CC(=C2Cl)Cl)NC3=NC(=CN31)O.Cl,0.8320511
CCN(CC)CCC1=CNC2=CC=CC=C21.CCN(CC)CCC1=CNC2=CC=CC=C21.C(=CC(=O)O)C(=O)O,0.24306247
CC1CN(CCN1C(COC)C2=CC=C(C=C2)C(F)(F)F)C3(CCN(CC3)C(=O)C4=C(N=CN=C4C)C)C.C(=CC(=O)O)C(=O)O,0.25969383
CCN(CC)C(=O)C1=CC(=C(C=C1N(CC)CCN(C)C)N2CCC(CC2)C3=CC=CC=C3)S(=O)(=O)CC4=CC=CC=C4.C(=O)(C(F)(F)F)O,0.33734614
CCN1CCN(C(=O)C1=O)C(=O)NC(C2=CC=CC=C2)C(=O)NC3C4N(C3=O)C(C(S4)(C)C)C(=O)[O-].[Na+],3.031368e-05
CC1C=C[C-]=C1.[C-]#[O+].[C-]#[O+].[C-]#[O+].[Mn],0.45403922
CC(C)C1=C(C(=CC=C1)C(C)C)NC(=O)[N-]S(=O)(=O)C2=CC(=CO2)C(C)(C)O.[Na+],0.45706624
CCN(C(C)C)C(=O)C1=CC(=CC(=C1)C)OCC(C)NC2=CC=NC=C2.CC1=CC=C(C=C1)S(=O)(=O)O,0.3603789
CCCCC1=NC2=C(C=C1)C(C(C2C3=C(C=C(C=C3)OC)CC(C)C(=O)[O-])C(=O)[O-])C4=CC5=C(C=C4)OCO5.[Na+].[Na+],0.4959511
COC1=CC=CC(=C1)C2=C(C=C(C=C2)C=CCN3CCCCCC3)Cl.Cl,0.77224463
C1CN2CCC1C(C2)C(C3=CC=CC=C3)NC(=O)C4=C(C=CC(=C4Cl)C(F)(F)F)Cl.Cl,0.6230245
CC1=CC(=C2C(=C1)C=C(N2CC(=O)O)C(=O)NC3=NC(=C(S3)CCC4CCCCC4)C5=CC(=C(C=C5OC)Cl)OC)C.C(=O)(C(F)(F)F)O,0.5313478
CCOC(=O)OC(C)OC(=O)C1=CC2=C(C=C1)N(C(=C2)C(=O)NC3CCN(CC3)C(C)C)CC4=NOC(=C4)C5=CC=C(S5)Cl.Cl,0.4240987
CCN(CC1=CN=CC=C1)C(=O)C2=C(C(=CC=C2)Cl)C3(C4=C(C=CC(=C4)Cl)N(C3=O)CC5=C(C=C(C=C5)OC)OC)C.Cl,0.6612553
C1CC1N2CCC(CC2)NC(=O)C3=NC4=C(N3CC5=NOC(=C5)C6=CC=C(S6)Cl)C=CC(=C4)C(=O)[O-].[Na+],0.42798242
CC(C)N1CCC(CC1)NC(=O)C2=CC3=CC(=NC=C3N2CC(=O)NC4=NC=C(C=C4)Cl)OCCOC.CC(=O)O,0.24489918
CC(=O)NC1(CCN(CC1)CCC2(CN(C(=O)CO2)C3=CC=CC=C3)C4=CC(=C(C=C4)Cl)Cl)C5=CC(=CC=C5)F.C(CC(=O)O)C(=O)O,0.5073944
CC(C)C1(CCC(C1)[NH2+]C2CCOCC2OC)C(=O)N3CCC4=C(C3)C=C(C=N4)C(F)(F)F.C(CC(=O)[O-])C(=O)O,0.40242568
CCOC1=CC=CC(=C1)C2(CCC(CC2)C)N3CCN(CC3)C4=CC=CC=C4.CS(=O)(=O)O,0.44019842
CC1=C(C=CC(=C1)C(=C2C=CC(=NC3=C(C=C(C=C3)S(=O)(=O)[O-])S(=O)(=O)O)C=C2)C4=CC=C(C=C4)NC5=CC=C(C=C5)S(=O)(=O)[O-])N.[Na+].[Na+],0.721493
CC(=O)N1C2C1C3(C(C4=C(C=C(C=C4OC)C=O)N(C2)O3)COC(=O)N)OC(=O)C,0.004160205
CC1=CC(=C(C=C1)C(=O)[N-]S(=O)(=O)C=CC2=CC=C(C=C2)OC)Cl.[Na+],0.33843428
C1CCCN(CC1)CC2=CC=C(S2)C3=NC(=NO3)CCN4C(=O)C5=CC=CC=C5C4=O.C(=CC(=O)O)C(=O)O,0.32606643
CC1=C(C=CC(=C1)F)C2=CC(=NC=C2N(C)C(=O)C(C)(C)C3=CC(=CC(=C3)C(F)(F)F)C(F)(F)F)N4CCC(C4CO)O,0.73201984
CC(C1=NC=NC=C1F)C(CN2C=NC=N2)(C3=C(C=C(C=C3)F)F)O,0.5775038
C1CC2CC1C3C2CN(C3)NC(=O)C4=CC(=C(C=C4)Cl)S(=O)(=O)N,0.2090755
CC1=C(C=CC=C1O)C(=O)NC(CSC2=CC=CC=C2)C(CN3CC4CCCCC4CC3C(=O)NC(C)(C)C)O.CS(=O)(=O)O.O,0.16915339
C1CN(C(=N[N+](=O)[O-])N1)CC2=CN=C(C=C2)Cl,0.22550984
C1=CC(=C(C=C1[N+](=O)[O-])[N+](=O)[O-])ON=CC2=CC(=C(C(=C2)Br)O)Br,0.8443533
CC1(CCC(=O)C2C13CCC(C3)C2(C)C)C,0.51788
C1=CC(=CC=C1C(=O)NC(CCC(=O)O)C(=O)O)NCC2=CN=C3C(=N2)C(=O)NC(=N3)N,0.12783366
CN1CCN(CC1)C2=NC3=C(C=CC(=C3)Cl)NC4=CC=CC=C42,0.6083761
C1=NNC2=C1C(=O)NC(=O)N2,0.32978117
C1=NNC2=C1C(=O)NC=N2,0.32940415
C1=CC=C2C(=C1)C(=O)NC=N2,0.32287833
C=CCN1C2=C(N=C(NC2=O)N)N(C1=O)C3C(C(C(O3)CO)O)O,0.2297038
C1=CC=C(C=C1)C2=C(C(=O)NC(=N2)N)Br,0.2856021
CC(C1=CC(=CC(=C1)C(F)(F)F)C(F)(F)F)OC2C(N(CCO2)CC3=NNC(=O)N3)C4=CC=C(C=C4)F,0.634005
CCN1C2=C(C(=N1)C)N=C(CNC2=O)C3=CC=C(C=C3)O,0.14559056
CC1=CC(=O)C2=C(C3=C4C5=C2C1=C(C=C5C(C(=C4C(=O)C=C3O)O)(C)C)O)O,0.90119094
CC1=C(C=C(C=C1)N2C(=O)C(=C(N2)C)N=NC3=CC=CC(=C3O)C4=CC(=CC=C4)C(=O)O)C,0.56779474
CC1C(=O)NC(C(=O)NC(=CNC(=O)N)C(=O)NC(C(=O)NCC(C(=O)N1)N)C2CCNC(=N2)N)CNC(=O)CC(CCCN)N,0.006113042
COC(=O)NN=CC1=[N+](C2=CC=CC=C2[N+](=C1)[O-])[O-],0.8020465
CC(C)N1C2=NC=NC(=C2C(=N1)C3=CC4=C(N3)C=CC(=C4)O)N,0.78865576
CCCCCCOC(=O)NC(=N)C1=CC=C(C=C1)NCC2=NC3=C(N2C)C=CC(=C3)C(=O)N(CCC(=O)OCC)C4=CC=CC=N4,0.50219387
CCC(=NOCC=CCl)C1=C(CC(CC1=O)C2CCOCC2)O,0.3036451
CN1CC(=O)NC1=NC(=O)NC2=CC(=CC=C2)Cl,0.35259232
CC1C=CC=C(C(=O)NC2=C(C(=C3C(=C2O)C(=C(C4=C3C(=O)C(O4)(OC=CC(C(C(C(C(C(C1O)C)O)C)OC(=O)C)C)OC)C)C)O)O)C=NN5CCN(CC5)C)C,0.7550483
CC1C=CC=C(C(=O)NC2=C(C3=C(C4=C(C(=C3O)C)OC(C4=O)(OC=CC(C(C(C(C(C(C1O)C)O)C)OC(=O)C)C)OC)C)C5=NC6(CCN(CC6)CC(C)C)N=C25)O)C,0.72347236
CC(C)(C)C1=CC(=CC(=C1O)C(C)(C)C)C=C2C(=O)NC(=N)S2.CS(=O)(=O)O,0.5763429
CN1CC(=O)NC1=N,0.042841654
C12C(C(C3C1O3)Cl)C4(C(=C(C2(C4(Cl)Cl)Cl)Cl)Cl)Cl,0.5337126
CN(C)C(=O)C1(CCN(CC1)CCC2(CN(CCO2)C(=O)C3=CC=CC=C3)C4=CC(=C(C=C4)Cl)Cl)N5CCCCC5.Cl,0.39535257
CC1C=CC=C(C(=O)NC2=CC(=C3C(=C2O)C(=C(C4=C3C(=O)C(O4)(OC=CC(C(C(C(C(C(C1O)C)O)C)OC(=O)C)C)OC)C)C)O)[O-])C.[Na+],0.6644632
C1(=O)C2(C3(C4(C1(C5(C2(C3(C(C45Cl)(Cl)Cl)Cl)Cl)Cl)Cl)Cl)Cl)Cl,0.7237369
C1C(C(=O)NO1)N,0.14643353
CN1C(CCC1=O)C2=CN=CC=C2,0.12750867
C1=CC=C2C(=C1)C3=CC=CC=C3O2,0.75464296
CN1CC(=O)N=C1N,0.16209926
C1CC(=O)OC2=CC=CC=C21,0.24651527
C1CCSC1,0.051794417
C12=C(NC(=O)N1)NC(=O)NC2=O,0.26678425
C1=CC=NC(=C1)C2=CC=CC=N2,0.21821988
CC1=C2CCC3=C2C(=CC4=C3C=CC5=CC=CC=C54)C=C1,0.7635461
CC1=CC(=CC(=C1OCCCC2=CC(=NO2)C)C)C3=NOC(=N3)C(F)(F)F,0.6718248
CN1C2CCC1CC(C2)OC(C3=CC=CC=C3)C4=CC=C(C=C4)Cl,0.6716681
CC1(CCC(C2=C1C=CC(=C2)C(=O)NC3=CC=C(C=C3)C(=O)O)(C)C)C,0.5929721
CC(C)C1=CC2=C(C=C1)OC3=NC(=C(C=C3C2=O)C(=O)O)N,0.580683
CC(C)(C#N)C1=CC(=CC(=C1)CN2C=NC=N2)C(C)(C)C#N,0.682359
COC1=CC=C(C=C1)C2=CC(=S)SS2,0.6992533
COC1=CC=C(C=C1)C(=O)N2CCCC2=O,0.12472231
CN1CCC=C(C1)C(=O)OC,0.19099438
COC1=CC=C(C=C1)CCN2CCC(CC2)NC3=NC4=CC=CC=C4N3CC5=CC=C(C=C5)F,0.85590017
CN1C(=O)COC2=C(C=C(C=C21)Cl)C(=O)NC3CN4CCC3CC4,0.15348613
CN1C=NC(=C1SC2=NC=NC3=C2NC=N3)[N+](=O)[O-],0.81505966
C1=CSC(=C1)CNC2=CC(=C(C=C2C3=NNN=N3)S(=O)(=O)N)Cl,0.41917554
CC(C)(C1=CC=C(C=C1)OCC2CO2)C3=CC=C(C=C3)OCC4CO4,0.94340974
CCC1(CC(=O)NC(=O)C1)C,0.20771651
CN(C)CCCOC1(CCCCCC1)CC2=CC=CC=C2,0.49845234
CC(C)N1C(=O)C2=CC=CC=C2NS1(=O)=O,0.19154413
CCN(CC)C(=O)C1CN2CCC3=CC(=C(C=C3C2CC1OC(=O)C)OC)OC,0.2218737
C1=CC=C(C=C1)CSCC2=NS(=O)(=O)C3=CC(=C(C=C3N2)Cl)S(=O)(=O)N,0.22901443
CC(C)COCC(CN(CC1=CC=CC=C1)C2=CC=CC=C2)N3CCCC3,0.61862314
C1=CC=C(C=C1)C2=CC(=O)C3=C(O2)C=CC4=CC=CC=C43,0.8341193
CC(C)NCC(COC1=CC=C(C=C1)CCOCC2CC2)O,0.5512753
CC(CS(=O)(=O)C1=CC=C(C=C1)F)(C(=O)NC2=CC(=C(C=C2)C#N)C(F)(F)F)O,0.53024966
C1=CC=C(C=C1)C2=CC=C(C=C2)C(C3=CC=CC=C3)N4C=CN=C4,0.70324284
CC(=O)OC1=CC=C(C=C1)C(C2=CC=C(C=C2)OC(=O)C)C3=CC=CC=N3,0.82574695
CC1=C(C(=O)C(=C(C1=O)C)C(CCCCCC(=O)O)C2=CC=CC=C2)C,0.7304048
CC1=NN=C2N1C3=C(C=C(S3)Br)C(=NC2)C4=CC=CC=C4Cl,0.41711113
CCCCC1C(=O)NC(=O)N(C1=O)C2CCCCC2,0.24083166
CC(C)(C)NCC(COC1=CC=CC=C1OCC2CCCO2)O,0.21322176
C1CCC2(C1)CC(=O)N(C(=O)C2)CCCCN3CCN(CC3)C4=NC=CC=N4,0.2841617
CC(C)(C)C1=CC=C(C=C1)CN(C)CC2=CC=CC3=CC=CC=C32,0.7873219
CCN(CC(C)O)C1=NN=C(C=C1)NNC(=O)OCC,0.17821671
CCOC1=NC2=CC=CC(=C2N1CC3=CC=C(C=C3)C4=CC=CC=C4C5=NNN=N5)C(=O)OC(C)OC(=O)OC6CCCCC6,0.70969784
CCOC1=NC2=CC=CC(=C2N1CC3=CC=C(C=C3)C4=CC=CC=C4C5=NNN=N5)C(=O)O,0.53043014
CCCCCC1=CC(=C2C(=C1)OC(C3=C2C=C(C=C3)C)(C)C)O,0.8096307
C1=CC=C2C(=C1)C=CC3=CC=CC=C3N2C(=O)N,0.42712355
CN1CC(C2=CC(=C(C=C21)O)N=NC(=O)N)O,0.54483706
CC1=C(C(=O)C(=C(C1=O)N2CC2)C(COC(=O)N)OC)N3CC3,0.07722186
CN=C1CN(C(=C2C=C(C=CC2=N1)Cl)C3=CC=CC=C3)O,0.66842616
CN1C(S(=O)(=O)CCC1=O)C2=CC=C(C=C2)Cl,0.21338692
C1=CC=C2C(=C1)C(=O)NC2(C3=CC(=C(C=C3)Cl)S(=O)(=O)N)O,0.14644325
CC1(CCCCC1)COC2=CC=C(C=C2)CC3C(=O)NC(=O)S3,0.4528275
CN(C1CCCCC1)C(=O)CCCOC2=CC3=C(C=C2)NC(=O)C=C3,0.45912346
C1CCC(CC1)N2C(=NN=N2)CCCCOC3=CC4=C(C=C3)NC(=O)CC4,0.5301665
CC1(C2CCC(O1)(CC2)C)C,0.16961655
CCN1C2=CC3=C(C=C2C(=O)C(=N1)C(=O)O)OCO3,0.10561073
C1CC1C2=CC=CC=C2OCC3=NCCN3,0.41633403
COC1CN(CCC1NC(=O)C2=CC(=C(C=C2OC)N)Cl)CCCOC3=CC=C(C=C3)F,0.36974356
CN1C(=O)CC(=O)N(C2=C1C=CC(=C2)Cl)C3=CC=CC=C3,0.47808024
C1CCN(CC1)C2(CCN(CC2)CCCN3C4=CC=CC=C4CCC5=C3C=C(C=C5)Cl)C(=O)N,0.8828286
CC(C)N=C1C=C2C(=NC3=CC=CC=C3N2C4=CC=C(C=C4)Cl)C=C1NC5=CC=C(C=C5)Cl,0.91344774
C1=CC=C(C=C1)C(C2=CC=CC=C2)(C3=CC=CC=C3Cl)N4C=CN=C4,0.7343177
CC1CC(CC(C1)(C)C)OC(=O)C(C2=CC=CC=C2)O,0.5077608
CC(=O)OC1=CC=C(C=C1)C(=C2CCCCC2)C3=CC=C(C=C3)OC(=O)C,0.90257144
C1CCC(C1)CC2NC3=CC(=C(C=C3S(=O)(=O)N2)S(=O)(=O)N)Cl,0.057902325
C1C2CC(C1C=C2)C3NC4=CC(=C(C=C4S(=O)(=O)N3)S(=O)(=O)N)Cl,0.050625425
CN1CCC(=C2C3=CC=CC=C3C=CC4=CC=CC=C42)CC1,0.7473613
C1CCN(CC1)CCCC(C2=CC=CC=C2)(C3=CC=CC=C3)O,0.61580276
COC1=CC(=CC(=C1OC)OC)C(=O)OCCCN2CCCN(CC2)CCCOC(=O)C3=CC(=C(C(=C3)OC)OC)OC,0.3170374
C1CCN(CC1)C2=NC(=NC3=C2N=C(N=C3N4CCCCC4)N(CCO)CCO)N(CCO)CCO,0.66337085
C1=CC=[N+](C(=C1)SSC2=CC=CC=[N+]2[O-])[O-],0.90312016
CN1C=C(C=C1C(=O)NC2=CN(C(=C2)C(=O)NC3=CN(C(=C3)C(=O)NCCC(=N)N)C)C)NC=O,0.057434253
C1CN(CCC1N2C3=C(C=C(C=C3)Cl)NC2=O)CCCN4C5=CC=CC=C5NC4=O,0.80848354
C1CN(CC=C1N2C3=CC=CC=C3NC2=O)CCCC(=O)C4=CC=C(C=C4)F,0.7421445
CC(C)(C)C1=CC=C(C=C1)C(=O)CCCN2CCC(CC2)OC(C3=CC=CC=C3)C4=CC=CC=C4,0.75445616
C1=CC=C(C=C1)N2C(=O)C3=CC=CC=C3[Se]2,0.6759776
CCOC1=C(C=NN(C1=O)C)N2CCOCC2,0.15588595
CCN1C=C(C(=O)C2=CC(=C(N=C21)N3CCNCC3)F)C(=O)O,0.13074994
CC1=CC(=NC(=N1)N2C(=CC(=N2)C)OC)OC,0.28424826
CCOC(=O)C1=CC=C(C=C1)NC(=O)CN2CCCCC2,0.106732
CCC1=CC2=C(S1)N3C(=NN=C3CN=C2C4=CC=CC=C4Cl)C,0.34074086
CCC1=C2C(=CC=C1)C3=C(N2)C(OCC3)(CC)CC(=O)O,0.2502023
CCN1C(C2=CC=CC=C2C1=O)NC3=CC=C(C=C3)OCCN4CCCCC4,0.7151299
COC(=O)NC1=NC2=C(N1)C=C(C=C2)SC3=CC=CC=C3,0.99585503
C1CCNC(C1)CNC(=O)C2=C(C=CC(=C2)OCC(F)(F)F)OCC(F)(F)F,0.76574564
C1CN(CCC12C(=O)NCN2C3=CC=CC=C3)CCCC(C4=CC=C(C=C4)F)C5=CC=C(C=C5)F,0.86493397
CC1=NC2=C(N1)C(=O)N(C(=O)N2CC3=CC=CO3)C,0.1524294
C1COC(=O)N1N=CC2=CC=C(O2)[N+](=O)[O-],0.7903949
C1=COC(=C1)CNC2=CC(=C(C=C2C(=O)O)S(=O)(=O)N)Cl,0.15780443
C1C(COC1(CN2C=NC=N2)C3=C(C=C(C=C3)Cl)Cl)Br,0.5773424
C1CNCC2=C1C(=O)NO2,0.14908916
CC1=CC=C(C=C1)S(=O)(=O)NC(=O)NN2CC3CCCC3C2,0.07365785
CCC1=C(CN(C1=O)C(=O)NCCC2=CC=C(C=C2)S(=O)(=O)NC(=O)NC3CCC(CC3)C)C,0.08061573
CC1=CN=C(C=N1)C(=O)NCCC2=CC=C(C=C2)S(=O)(=O)NC(=O)NC3CCCCC3,0.096786834
COC1=C(C=C(C=C1)Cl)C(=O)NCCC2=CC=C(C=C2)S(=O)(=O)NC(=O)NC3CCCCC3,0.13993034
C[N+]1(CCC(C1)OC(=O)C(C2CCCC2)(C3=CC=CC=C3)O)C,0.22859086
CC1=CC2=C(C(=C(C(=C2C(C)C)O)O)C=O)C(=C1C3=C(C4=C(C=C3C)C(=C(C(=C4C=O)O)O)C(C)C)O)O,0.87840676
C[N+](C)(CCCCCC[N+](C)(C)C1C2=CC=CC=C2C3=CC=CC=C13)C4C5=CC=CC=C5C6=CC=CC=C46,0.94097775
CCCCC(CC)CN1CC(CN(C1)CC(CC)CCCC)(C)N,0.43663365
CC1(C(=O)NC(=O)N(C1=O)C)C2=CCCCC2,0.117840804
CN1CCCN(CC1)C(C2=CC=CC=C2)C3=CC=C(C=C3)Cl,0.6177544
CC(C)C1=NN2C=CC=CC2=C1C(=O)C(C)C,0.43758455
CC(C)CC1=CC=C(C=C1)C(C)C(=O)OCC2=CC=CC=N2,0.38514304
CC1CC2=CC=CC=C2N1NC(=O)C3=CC(=C(C=C3)Cl)S(=O)(=O)N,0.2066794
CC(=O)N(CC(CN(C1=C(C(=C(C(=C1I)C(=O)NCC(CO)O)I)C(=O)NCC(CO)O)I)C(=O)C)O)C2=C(C(=C(C(=C2I)C(=O)NCC(CO)O)I)C(=O)NCC(CO)O)I,4.7088242e-06
C1=C(C(=C(C(=C1I)NC(=O)COCCOCCOCC(=O)NC2=C(C=C(C(=C2I)C(=O)O)I)I)I)C(=O)O)I,0.008264255
CC(=O)N(C)C1=C(C(=C(C(=C1I)C(=O)NCC(=O)NC2=C(C(=C(C(=C2I)C(=O)O)I)C(=O)NCCO)I)I)C(=O)NC)I,5.1945574e-07
CCCCC1=NC2(CCCC2)C(=O)N1CC3=CC=C(C=C3)C4=CC=CC=C4C5=NNN=N5,0.5578677
CC1=CC(=NO1)C(=O)NNCC2=CC=CC=C2,0.14851198
CC1=C(C(C(=C(N1)C)C(=O)OC(C)C)C2=CC=CC3=NON=C32)C(=O)OC,0.93482506
CCC(C)N1C(=O)N(C=N1)C2=CC=C(C=C2)N3CCN(CC3)C4=CC=C(C=C4)OCC5COC(O5)(CN6C=NC=N6)C7=C(C=C(C=C7)Cl)Cl,0.6402454
CNC1(CCCCC1=O)C2=CC=CC=C2Cl,0.21275797
C1CN(CCC1C(=O)C2=CC=C(C=C2)F)CCN3C(=O)C4=CC=CC=C4NC3=O,0.5200614
CC(=O)N1CCN(CC1)C2=CC=C(C=C2)OCC3COC(O3)(CN4C=CN=C4)C5=C(C=C(C=C5)Cl)Cl,0.34981138
CN1CCC(=C2C3=C(C(=O)CC4=CC=CC=C42)SC=C3)CC1,0.50644255
CC1=CC(=O)C2=C(C3=C(C(=C2O1)OC)OC=C3)OC,0.46697503
C1=COC(=C1)CNC2=NC=NC3=C2NC=N3,0.49253756
C1=CC(=C(C(=C1)Cl)Cl)C2=C(N=C(N=N2)N)N,0.7286527
CC(=CCC1=C(C2=CC=CC=C2C(=O)C1=O)O)C,0.61108714
CC1=C(C=NO1)C(=O)NC2=CC=C(C=C2)C(F)(F)F,0.5012901
C1=CC(=CC=C1C#N)C(C2=CC=C(C=C2)C#N)N3C=NC=N3,0.7282559
CC1=C(C(=CC=C1)C)NC(=O)CN2CCN(CC2)CCCC(C3=CC=C(C=C3)F)C4=CC=C(C=C4)F,0.69888014
C1=CC=C(C=C1)N2C3=CC=CC=C3C(C2=O)(CC4=CC=NC=C4)CC5=CC=NC=C5,0.7684923
CN(C1=NC(=CC=C1)OC)C(=S)OC2=CC3=C(CCCC3)C=C2,0.6705698
CN(C)C(=O)C(CCN1CCC(CC1)(C2=CC=C(C=C2)Cl)O)(C3=CC=CC=C3)C4=CC=CC=C4,0.7311428
CCCCC1=NC(=C(N1CC2=CC=C(C=C2)C3=CC=CC=C3C4=NNN=N4)CO)Cl,0.50709224
CC(C1=CC=C(C=C1)CC2CCCC2=O)C(=O)O,0.18010934
CCCC1=C(C=CC(=C1O)C(=O)C)OCCCCC2=NNN=N2,0.72690123
CC(C)OC(=O)C(=C1SC=CS1)C(=O)OC(C)C,0.77022576
CC1(CCC2CC(CC1N2C)OC(=O)C(C3=CC=CS3)(C4=CC=CS4)O)C,0.22319853
COC(=O)NC1=NC2=C(N1)C=C(C=C2)C(=O)C3=CC=CC=C3,0.98412687
CN1CCN=C(C2=C1C=CC(=C2)Cl)C3=CC=CC=C3,0.5170988
CC1(CCCO1)CN(C)S(=O)(=O)C2=CC(=C(C=C2)Cl)S(=O)(=O)N,0.118005425
CC(=O)N=C1N(N=C(S1)S(=O)(=O)N)C,0.11419677
C1N2CN3CN1CN(C2)C3,0.6129309
CC1=CC2=C(C=C1S(=O)(=O)N)S(=O)(=O)CCC2,0.14728817
CC1NC2=CC(=C(C=C2C(=O)N1C3=CC=CC=C3C)S(=O)(=O)N)Cl,0.22791132
CC(C)(C1=CN=CC=C1)C(=O)C2=CN=CC=C2,0.37346193
CN1CCN2C(C1)C3=CC=CC=C3CC4=CC=CC=C42,0.4516126
C1CCN(CC1)C2=NC(=N)N(C(=C2)N)O,0.53495723
CN1CCN2C(C1)C3=CC=CC=C3CC4=C2N=CC=C4,0.38343242
C1COCCN1CCNC(=O)C2=CC=C(C=C2)Cl,0.33190277
C1CCN2C(C1)NC(=O)C23CCN(CC3)CCCN4C5=CC=CC=C5CCC6=C4C=C(C=C6)Cl,0.8650436
CC1CCC2=C3N1C=C(C(=O)C3=CC(=C2N4CCC(CC4)O)F)C(=O)O,0.22283189
COC1=CC=CC=C1N2CCN(CC2)CC(COC3=CC=CC4=CC=CC=C43)O,0.44792318
CCN1C=C(C(=O)C2=C1N=C(C=C2)C)C(=O)O,0.13153201
C1=CC=C(C=C1)CNC(=O)CCNNC(=O)C2=CC=NC=C2,0.09610441
C1=CC(=CN=C1)C(=O)OCC(COC(=O)C2=CN=CC=C2)(COC(=O)C3=CN=CC=C3)COC(=O)C4=CN=CC=C4,0.73387706
CN1C(=CC(=O)N(C1=O)C)NCCN(CCCC2=CC=C(C=C2)[N+](=O)[O-])CCO,0.71732885
CC1=C(C(=O)N(N1C)C2=CC=CC=C2)NC(=O)C3=CN=CC=C3,0.0483212
CC1COC2=C3N1C=C(C(=O)C3=CC(=C2N4CCN(CC4)C)F)C(=O)O,0.12040574
C1=CC=C(C=C1)C2=C(OC(=N2)CCC(=O)O)C3=CC=CC=C3,0.20370744
C1CN(CCN1CCCN2C3=CC=CC=C3NC2=O)C(C4=CC=CC=C4)C5=CC=CC=C5,0.4894512
CC(C)(CC1=CC=CC=C1)N(C)C(=O)CN(CCO)CC(=O)N(C)C(C)(C)CC2=CC=CC=C2,0.1620684
CCN1C=C(C(=O)C2=CC3=C(C=C21)OCO3)C(=O)O,0.16621894
C1=CC=C(C=C1)C2C(=O)N=C(O2)N,0.17162828
C1=CC=C(C(=C1)C(=O)NC2=CC=C(C=C2)S(=O)(=O)NC3=NC=CS3)C(=O)O,0.023518924
CC1=NC(=C(C(=N1)Cl)NC2=NCCN2)OC,0.1214336
CCC1C(COC1=O)CC2=CN=CN2C,0.17944053
CC1=C(C(=CC=C1)C)NC(=O)CC23CCCN2CCC3,0.20698354
CCN1C=C(C(=O)C2=CN=C(N=C21)N3CCNCC3)C(=O)O,0.16813034
CC1=C(C(=O)N2C=CC=CC2=N1)CCN3CCC(CC3)C(=O)C4=CC=C(C=C4)F,0.55709285
CN1CCN(CC1)CC(=O)N2C3=CC=CC=C3C(=O)NC4=C2N=CC=C4,0.11925757
C1CCN(C1)C2=C(C(=CC(=C2)C(=O)O)S(=O)(=O)N)OC3=CC=CC=C3,0.38007995
C1CN(CCN1CC2=CC3=C(C=C2)OCO3)C4=NC=CC=N4,0.31072608
CCN1C=C(C(=O)C2=CN=C(N=C21)N3CCCC3)C(=O)O,0.2239534
C1=CC=C(C=C1)CCCCOC2=CC=C(C=C2)C(=O)NC3=CC=CC4=C3OC(=CC4=O)C5=NNN=N5,0.8039156
CC(C1=CC2=C(C=C1)OC3=C(C2)C=CC=N3)C(=O)O,0.3331764
C1CC1CN2C(=O)CN=C(C3=C2C=CC(=C3)Cl)C4=CC=CC=C4,0.48493403
C1CCC(CC1)C(=O)N2CC3C4=CC=CC=C4CCN3C(=O)C2,0.072662406
COC1=C(C=C2C(=C1)C(=NC(=N2)N3CCN(CC3)C(=O)C4=CC=CO4)N)OC,0.22443034
C1CCN(CC1)CCC(C2=CC=CC=C2)(C3=CC=CC=C3)O,0.62294805
CC[N+]1(CCC(=C(C2=CC=CC=C2)C3=CC=CC=C3)C1C)CC,0.8770162
CCC1(C(=O)NCNC1=O)C2=CC=CC=C2,0.027542925
CC(C)(C)C1=CC(=CC(=C1O)C(C)(C)C)SC(C)(C)SC2=CC(=C(C(=C2)C(C)(C)C)O)C(C)(C)C,0.8053572
CCC1(C(=O)C=CNC1=O)CC,0.21079108
C1=CC=C2C(=C1)C(=CC(=O)N2)CC(C(=O)O)NC(=O)C3=CC=C(C=C3)Cl,0.19805032
CC1=C(C(=O)N2C=CSC2=N1)CCN3CCC(=C(C4=CC=C(C=C4)F)C5=CC=C(C=C5)F)CC3,0.9190223
CN(C)CCC1=CNC2=C1C=C(C=C2)CN3C=NC=N3,0.29702812
CS(=O)(=O)C1=CC=C(C=C1)C2=C(C(=O)OC2)C3=CC=CC=C3,0.35249662
COC1=C(C=C(C=C1)C2CC(=O)NC2)OC3CCCC3,0.27581763
C1=CC=C2C(=C1)C(=O)NS2(=O)=O,0.029313235
C1=CC=C(C=C1)CCCCOCCCCCCNCC(C2=CC(=C(C=C2)O)CO)O,0.60924506
C[N+]1=C2C(=C3C=CC4=C(C3=C1)OCO4)C=CC5=CC6=C(C=C52)OCO6,0.8228761
CC(C)(C(=O)OCCCOC(=O)C(C)(C)OC1=CC=C(C=C1)Cl)OC2=CC=C(C=C2)Cl,0.7985004
C1CN(CCC12C(=O)NCN2C3=CC=CC=C3)CCCC(=O)C4=CC=C(C=C4)F,0.5314398
C1CN(CCC12C(=O)NCN2C3=CC=CC=C3)CC4COC5=CC=CC=C5O4,0.42085302
C1=CC=C2C(=C1)C(=NN(C2=O)CC3=C(C=C(C=C3)Br)F)CC(=O)O,0.27835914
C1=CC=C(C=C1)C(=O)NS(=O)(=O)C2=CC=C(C=C2)N,0.06280167
CCN1C=CC(=NC1=O)NS(=O)(=O)C2=CC=C(C=C2)N,0.058068603
C1=CC=C(C=C1)N2C(=CC=N2)NS(=O)(=O)C3=CC=C(C=C3)N,0.119521186
C1=CC=NC(=C1)NS(=O)(=O)C2=CC=C(C=C2)N,0.035022665
C1=CC=C2C(=C1)N=CC(=N2)NS(=O)(=O)C3=CC=C(C=C3)N,0.14665507
C1=CC=NC(=C1)NS(=O)(=O)C2=CC=C(C=C2)N=NC3=CC(=C(C=C3)O)C(=O)O,0.30720553
C1=CC=C(C=C1)N2C(=O)C(C(=O)N2C3=CC=CC=C3)CCS(=O)C4=CC=CC=C4,0.10964809
COC1=C(C=CC(=C1)S(=O)C)C2=NC3=C(N2)C=CC=N3,0.6842347
C1CCS(=O)(=O)N(C1)C2=CC=C(C=C2)S(=O)(=O)N,0.17849842
CC1=C(C=C(C=C1)C(=O)NC2=C3C(=CC(=CC3=C(C=C2)S(=O)(=O)O)S(=O)(=O)O)S(=O)(=O)O)NC(=O)C4=CC(=CC=C4)NC(=O)NC5=CC=CC(=C5)C(=O)NC6=C(C=CC(=C6)C(=O)NC7=C8C(=CC(=CC8=C(C=C7)S(=O)(=O)O)S(=O)(=O)O)S(=O)(=O)O)C,0.48721904
C=CCN1CCC2=C(CC1)SC(=N2)N,0.4384435
CCOC(=O)C1=CN=C(C=C1)C#CC2=CC3=C(C=C2)SCCC3(C)C,0.795384
C1=CC(=CC=C1OC2=C(C=C(C=N2)Cl)Cl)OC3=C(C=C(C=N3)Cl)Cl,0.8391298
CC1=C2C(=CS1)C(=O)NC3=CC=CC=C3N2C(=O)CN4CCN(CC4)C,0.08209395
CN1C(=O)N2C=NC(=C2N=N1)C(=O)N,0.17753713
CC(C)N1CCN(CC1)C2=CC=C(C=C2)OCC3COC(O3)(CN4C=NC=N4)C5=C(C=C(C=C5)Cl)Cl,0.6488748
C1CC(=O)NC(=O)C1N2C(=O)C3=CC=CC=C3C2=O,0.036329616
C1=CC=C2C(=C1)NC(=N2)C3=CSC=N3,0.49309275
C1CN1P(=S)(N2CC2)N3CC3,0.00042667272
C[N+]1(CC(CC(=C(C2=CC=CS2)C3=CC=CS3)C1)OC)C,0.67655903
CCOC(=O)C1=C(SC2=C1CCN(C2)CC3=CC=CC=C3)N,0.50030863
C1=CC(=C(C=C1Cl)Cl)C(CN2C=CN=C2)OCC3=C(SC=C3)Cl,0.89357734
CN1CCCC(=C(C2=CC=CS2)C3=CC=CS3)C1,0.70805365
C1CN=C(N1)NC2=C(C=CC3=NSN=C32)Cl,0.2441987
CCC1C(=NN=C(C2=CC(=C(C=C12)OC)OC)C3=CC(=C(C=C3)OC)OC)C,0.5558684
CC1=CC=C(C=C1)S(=O)(=O)NC(=O)NN2CCCCCC2,0.085440174
CC1=CC(=CC=C1)N(C)C(=S)OC2=CC3=C(C=C2)C4CCC3C4,0.7016962
CC1=CC(=CC=C1)N(C)C(=S)OC2=CC3=CC=CC=C3C=C2,0.73306686
CCN(CC)C1=CC(=NC2=NC=NN12)C,0.3217139
C1=CC=C(C=C1)C2=NC3=C(N=C(N=C3N=C2N)N)N,0.71648306
CC1=C(C2=C(CCC(O2)(C)COC3=CC=C(C=C3)CC4C(=O)NC(=O)S4)C(=C1O)C)C,0.50922805
CCN(CC1=CC=NC=C1)C(=O)C(CO)C2=CC=CC=C2,0.119077556
COC1=CC(=CC(=C1OC)OC)C(=O)NC2CCCNC2,0.08795415
CC(C)NC1=C(N=CC=C1)N2CCN(CC2)C(=O)C3=CC4=C(N3)C=CC(=C4)NS(=O)(=O)C,0.09578267
CC1=C(C(=CC=C1)NC2=CC(=NC(=N2)SCC(=O)O)Cl)C,0.59902006
CC1=CC=CC=C1S(=O)(=O)NC(=O)C2=CC(=C(C=C2)CC3=CN(C4=C3C=C(C=C4)NC(=O)OC5CCCC5)C)OC,0.62592787
CCN(C1=CC=CC(=C1)C2=CC=NC3=C(C=NN23)C#N)C(=O)C,0.4683199
CC(C1=CC2=C(C=C1)SC3=CC=CC=C3C(=O)C2)C(=O)O,0.36704075
COC1=C(C=CC(=C1)C2=NNC(=O)C=C2)OC(F)F,0.4721056
C1=CC2=C(C=C1Cl)N(C(=O)N(C2=O)CC3=C(C=C(C=C3)Br)F)CC(=O)O,0.3379155
C1=CC=C2C(=C1)C(=NO2)CS(=O)(=O)N,0.17100775
CN(C)CCOC1=CC2=CC=CC=C2SC3=C1C=C(C=C3)Cl,0.8317385
COC1=C(C=C2C(=C1)CC(C2=O)CC3CCN(CC3)CC4=CC=CC=C4)OC.Cl,0.5364157
CC1=C(C(=O)C2=C(C1=O)N3CC4C(C3(C2COC(=O)N)OC)N4)N,0.020040689
CC1=CC=C(C=C1)N(CC2=NCCN2)C3=CC(=CC=C3)O,0.43042102
CC(=O)SC1CC2=CC(=O)CCC2(C3C1C4CCC5(C4(CC3)C)CCC(=O)O5)C,0.65442324
CC12CCC(CC1CCC3C2CCC4(C3CCC4=O)C)O,0.5184082
C1=CC=C2C(=C1)C=CC3=CC4=C(C=CC5=CC=CC=C54)C=C32,0.8235946
C1=CC(=C[N+](=C1)C2C(C(C(O2)COP(=O)([O-])OP(=O)(O)OCC3C(C(C(O3)N4C=NC5=C(N=CN=C54)N)O)O)O)O)C(=O)N,0.070300326
C1CCC2=NN=NN2CC1,0.20857006
CC12C3CCC(C1(C(=O)OC2=O)C)O3,0.2837566
CN(CCCCCCCCCCN(C)C(=O)OC1=CC=CC(=C1)[N+](C)(C)C)C(=O)OC2=CC=CC(=C2)[N+](C)(C)C.[Br-].[Br-],0.51191795
CC12CCN(C1N(C3=C2C=C(C=C3)OC(=O)NC)C)C,0.31664348
CN1CCC2=CC(=C3C=C2C1CC4=CC=C(C=C4)OC5=C6C(CC7=CC(=C(C=C7)O)O3)[N+](CCC6=CC(=C5O)OC)(C)C)OC,0.6954176
CC(C)CC1CN2CCC3=CC(=C(C=C3C2CC1=O)OC)OC,0.23903026
C1CCN(CC1)CC2COC3=CC=CC=C3O2,0.5566802
CN1CCCC(C1)CN2C3=CC=CC=C3SC4=CC=CC=C42,0.9219444
C1C2C(C(C(O2)N3C=NC4=C(N=CN=C43)N)O)OP(=O)(O1)O,0.21302246
C1CN(C(=O)N1)C2=NC=C(S2)[N+](=O)[O-],0.10426355
C1=CC2=C(C=C1Cl)N=C(O2)N,0.521862
C[N+]1(CCC(=C(C2=CC=CC=C2)C3=CC=CC=C3)CC1)C.COS(=O)(=O)[O-],0.73609495
CC(COC1=CC=CC=C1)[NH+](CCCl)CC2=CC=CC=C2.[Cl-],0.30655745
CC1CC(C(=O)C(C1)C(CC2CC(=O)NC(=O)C2)O)C,0.1708356
C[N+]1(CC2=C(C1)C(=C(C(=C2Cl)Cl)Cl)Cl)CC[N+](C)(C)C,0.7084907
CCC1NC2=CC(=C(C=C2C(=O)N1)S(=O)(=O)N)Cl,0.056885567
CC1CN1,0.10205746
CC12C(C=CC3(C1C(C45C3CCC(C4)(C(=C)C5)O)C(=O)O)OC2=O)O,0.2786486
C1C=CCS1(=O)=O,0.2418748
CCN(CC)CCOC1=CC=C(C=C1)C(CC2=CC=C(C=C2)Cl)(C3=CC=C(C=C3)C)O,0.88052374
CC1=CC=C(C=C1)S(=O)(=O)NC2CCCCC2,0.36944878
CC(C)(C1=CC=CC=C1)OOC(C)(C)C2=CC=CC=C2,0.6254753
C1C2C3CC4C(C3C1C5C2O5)O4,0.06217985
CC(CCC(=O)O)C1CCC2C1(C(=O)CC3C2C(=O)CC4C3(CCC(=O)C4)C)C,0.29228225
C1=CC2=C3C(=CC=C4C3=C1C(=O)OC4=O)C(=O)OC2=O,0.12757905
C1=CC2=C3C(=C1)C(=O)C(=O)C3=CC=C2,0.4671354
CC(=C)C1CC2=C(O1)C=CC3=C2OC4COC5=CC(=C(C=C5C4C3=O)OC)OC,0.41490135
C1=CC2=C(C(=O)C(=O)C3=C2C=CC=N3)N=C1,0.43126115
C1=CC=C(C=C1)C2=CC=CC=C2C3=CC=CC=C3,0.8309106
C1CCC(CC1)OC(=O)C2=CC=CC=C2C(=O)OC3CCCCC3,0.44593045
C1=CC=C(C=C1)OC(=O)C2=CC=CC=C2C(=O)OC3=CC=CC=C3,0.3412875
C1=CC=C2C(=C1)C=CC3=C2C=CC=N3,0.7554528
C1=CC=C(C=C1)C(=O)OC2=CC=CC3=C2N=CC=C3,0.6613243
CC1CCC(=C(C)C)C(=O)C1,0.45281905
C1=CC=C(C=C1)NC2=CC=CC3=CC=CC=C32,0.87285066
C1CCC(CC1)C2CCCCC2=O,0.28943154
C1=CC=C2C(=C1)C(=O)C3=CC=CC=C3O2,0.68035704
C1CNCC2=CC=CC=C21,0.17435606
C1=CC=C2C(=C1)C(=O)C(=O)N2,0.14831594
CN(C)CCN(CC1=CSC=C1)C2=CC=CC=N2,0.20109239
C1=CC=C(C=C1)C2=CC(=CC=C2)C3=CC=CC=C3,0.81615645
C1=CC=C2C=C(C=CC2=C1)NC3=CC=C(C=C3)NC4=CC5=CC=CC=C5C=C4,0.94482607
C1=CC=C(C=C1)C(=O)OOC(=O)C2=CC=CC=C2,0.38821584
C1=CC=C(C=C1)COC(=O)C2=CN=CC=C2,0.46515042
CC(CN=CC1=CC=CC=C1O)N=CC2=CC=CC=C2O,0.7271952
C1C=CC2=CC=CC=C21,0.44021115
C1COCCN1SSC2=NC3=CC=CC=C3S2,0.7997582
C1CCC(CC1)NSC2=NC3=CC=CC=C3S2,0.74512196
CCCCCCCCC=CCCCCCCCC1=NCCN1CCO,0.614371
CC1C(=O)OC(C(=O)O1)C,0.2378017
CC1=CCC(=CC1)C(C)C,0.29687813
C1CCC(=NO)CC1,0.1586422
C1=CC=C(C=C1)OP(OC2=CC=CC=C2)OC3=CC=CC=C3,0.23545101
C1C(O1)COC2=CC(=CC=C2)OCC3CO3,0.08906549
C1=CC=C(C=C1)CCOC(=O)CC2=CC=CC=C2,0.53930527
C1COCCN1SC2=NC3=CC=CC=C3S2,0.6708998
C1COCCN1SSN2CCOCC2,0.38608885
C1=CC=C(C=C1)COCC2=CC=CC=C2,0.51544744
C1CC2C(O2)CC1C3CO3,0.015915291
C1=CC(=O)OC1=O,0.35333148
C1CC(=O)OC(=O)C1,0.18135008
C1CCCCCCCC(=O)OCCCCCCC1,0.07825566
CC[N+](CC)(CCNC(=O)C(=O)NCC[N+](CC)(CC)CC1=CC=CC=C1Cl)CC2=CC=CC=C2Cl.[Cl-].[Cl-],0.04202194
C1=CC=C2C(=C1)C(=O)OC(=O)N2,0.20516759
C1=CC=C2C(=C1)C=NNC2=O,0.33695912
C1=CC=C(C=C1)C(=O)OCCOCCOC(=O)C2=CC=CC=C2,0.39267394
C1=CC=C2C(=C1)N=C(S2)SSC3=NC4=CC=CC=C4S3,0.88941693
C1=CC=C2C(=C1)C3=NNC4=CC=CC(=C43)C2=O,0.58479637
CCN1CCCC(C1)OC(=O)C(C2=CC=CC=C2)C3=CC=CC=C3.Cl,0.38628107
C1=CC=C2C(=C1)C(=O)C3=CC(=C4C(=C3C2=O)NC5=C(C=C6C(=C5N4)C(=O)C7=CC=CC=C7C6=O)Cl)Cl,0.9202707
CC1(CC(=O)C2=CC=CC=C2C1=O)S(=O)(=O)O,0.18365195
C1=CC=C2C(=C1)C=C(C(=C2CC3=C(C(=CC4=CC=CC=C43)C(=O)O)O)O)C(=O)O,0.3910557
CCC(C1=CC=CC=C1)C2=NOC(=N2)CCN(CC)CC.C(C(=O)O)C(CC(=O)O)(C(=O)O)O,0.29814082
C1=CC2=C(C(=C1)O)[NH+]=CC=C2.C1=CC2=C(C(=C1)O)[NH+]=CC=C2.[O-]S(=O)(=O)[O-],0.5802484
CN(C)CCN(CC1=CC=CS1)C2=CC=CC=N2.Cl,0.18896157
C1=CC=C(C=C1)NN=NC2=CC=CC=C2,0.7400334
C1=CC=C(C=C1)N=NC2=C(N=C(C=C2)N)N.Cl,0.71642214
CCCC1=NC=C(C(=N1)N)C[N+]2=CC=CC=C2C.Cl.[Cl-],0.3591499
C1=CC(=CC=C1C(=N)N)OCCCCCOC2=CC=C(C=C2)C(=N)N.C(CS(=O)(=O)O)O.C(CS(=O)(=O)O)O,0.4443463
CC12CCC3C(C1CCC2(C#C)O)CCC4=C3C=CC(=C4)OC5CCCC5,0.87823534
COC1=NC=CN=C1NS(=O)(=O)C2=CC=C(C=C2)N,0.10464376
CC1(N=C(N=C(N1C2=CC=C(C=C2)Cl)N)N)C.Cl,0.548488
C1=CC2=C3C(=C1)C4=CC=CC5=C4C6=C(C=C5)C=CC(=C36)C=C2,0.9564519
C1=CC=C2C(=C1)C3=CC=CC4=C3C5=C(C=CC=C25)C=C4,0.94802725
C1=CC=C2C(=C1)C3=C4C2=CC5=CC=CC6=C5C4=C(C=C6)C=C3,0.8855274
C1C2=CC=CC3=C2C4=C(C=CC=C41)C=C3,0.90440756
C1=CC=C2C3=C4C(=CC=C3)C5=CC=CC=C5C4=CC2=C1,0.8383066
C1=CC=C2C=C3C4=CC=CC5=C4C(=CC=C5)C3=CC2=C1,0.81192416
C1=CC2=C3C(=C1)C=CC3=CC=C2,0.84249175
C1=CC=C2C=C3C4=CC=CC=C4C5=CC=CC=C5C3=CC2=C1,0.8626431
C1=CC=C2C(=C1)C=CC3=C2C=CC4=CC=CC=C43,0.867707
C1=CC=C2C(=C1)OC3=CC=CC=C3S2,0.8513669
C1CN2CCN1CC2,0.3915795
COC(=O)C(C1CCCCN1)C2=CC=CC=C2.Cl,0.13352498
COC1=C(C=CC(=C1)C2=CC(=C(C=C2)[N+]3=NC(=NN3C4=CC=C(C=C4)[N+](=O)[O-])C5=CC=CC=C5)OC)[N+]6=NC(=NN6C7=CC=C(C=C7)[N+](=O)[O-])C8=CC=CC=C8.[Cl-].[Cl-],0.75571716
CN1C(=O)CCC(=N1)C(=O)N,0.17531562
CC12CCC3C(C1CCC2OC(=O)CCC4CCCC4)CCC5=C3C=CC(=C5)O,0.7242047
CC1C(=O)OC2CCN3C2C(=CC3)COC(=O)C(C1(C)O)(C)O,0.31698823
CC1=CC(=NC(=O)N1)C.C1=CC(=CC=C1NC(=O)NC2=CC=C(C=C2)[N+](=O)[O-])[N+](=O)[O-],0.810722
CN1CCC23C=CC(CC2OC4=C(C=CC(=C34)C1)OC)O,0.4029414
CC1(C(=O)N2C(C(=O)N3CCCC3C2(O1)O)CC4=CC=CC=C4)NC(=O)C5CN(C6CC7=CNC8=CC=CC(=C78)C6=C5)C.CC1(C(=O)N2C(C(=O)N3CCCC3C2(O1)O)CC4=CC=CC=C4)NC(=O)C5CN(C6CC7=CNC8=CC=CC(=C78)C6=C5)C.C(C(C(=O)O)O)(C(=O)O)O,0.04359901
C1CS1,0.18175586
CN1C2=C(C(=O)N(C1=O)C)N(C=N2)CC(CN(C)CCO)O.C1=CC(=CN=C1)C(=O)O,0.15146515
CC1(C2CCC3(C(C2(CCC1O)C)C(=O)C=C4C3(CCC5(C4CC(CC5)(C)C(=O)O)C)C)C)C,0.5064044
CN1CCC2=CC3=C(C4=C2C1CC5=CC=C(C=C5)OC6=C(C=CC(=C6)CC7C8=CC(=C(C=C8CCN7C)OC)O4)OC)OCO3,0.5641623
C1=CC=C(C=C1)C2=C(N=C(S2)N)N,0.3623076
C1=CC=C(C=C1)N=[N+](C2=CC=CC=C2)[O-],0.49644807
C1CCCCCCCC(=O)CCCCCC1,0.05635361
C1COC1,0.08219156
C1=CC=C(C(=C1)C2=C3C=CC(=O)C=C3OC4=C2C=CC(=C4)[O-])C(=O)[O-].[Na+].[Na+],0.67211413
C1CCN(C1)CCN2C3=CC=CC=C3SC4=CC=CC=C42,0.935289
CC1=[N+](C2=CC=CC=C2C(=C1)N)CCCCCCCCCC[N+]3=C(C=C(C4=CC=CC=C43)N)C.[Cl-].[Cl-],0.8893463
CN1C2=C(C(=O)N(C1=O)C)NC(=N2)Cl.CN(C)CCOC(C1=CC=CC=C1)C2=CC=CC=C2,0.30271846
CC1CCCCN1CCCOC(=O)C2=CC=CC=C2.Cl,0.278635
CN1CN(C(=S)SC1)C,0.75356704
C1=CC=C(C(=O)C=C1)O,0.29698783
C1CCN(CC1)CC(COC(=O)NC2=CC=CC=C2)OC(=O)NC3=CC=CC=C3.Cl,0.5459212
CC1CCCCN1CCCOC(=O)C2=CC=C(C=C2)OC3CCCCC3,0.60624427
C1=CC=C(C=C1)CSCC2=CC=CC=C2,0.5059518
C1CCC(CC1)N=C=NC2CCCCC2,0.5940179
C[Si]1(O[Si](O[Si](O[Si](O[Si](O1)(C)C)(C)C)(C)C)(C)C)C,0.14631182
C1=CC(=O)NC1=O,0.2545144
C1=CC=C(C(=C1)C2=C3C=C(C(=O)C(=C3OC4=C(C(=C(C=C24)Br)[O-])Br)Br)Br)C(=O)[O-].[Na+].[Na+],0.5943935
CC1(C(N2C(S1)C(C2=O)N)C(=O)O)C,0.006741425
C1=CN=CC=C1C2=CC=NC=C2,0.2653136
C(C1C(C(C(C(O1)OC2C(OC(C2O)(CO)O)CO)O)O)O)O,0.116061814
COC1=C(C=CC(=C1)C=C2CCCC(=CC3=CC(=C(C=C3)O)OC)C2=O)O,0.8021052
C1CN(CC2=CC=CC=C21)C(=N)N.C1CN(CC2=CC=CC=C21)C(=N)N.OS(=O)(=O)O,0.10006657
C1=NN=CN1N,0.19283317
CC1=CCC(=O)O1,0.2080752
C1=CC=C(C=C1)P(C2=CC=CC=C2)C3=CC=CC=C3,0.8576415
C1=CC=C(C=C1)[Sb](C2=CC=CC=C2)C3=CC=CC=C3,0.9999193
C1C(=O)CC2=CC=CC=C21,0.19792219
COC1=C(C2=C[N+]3=C(C=C2C=C1)C4=CC5=C(C=C4CC3)OCO5)OC.[Cl-],0.67934144
COC1=CC(=CC(=C1OC)OC)C(=O)N2CCOCC2,0.10703119
CC1CCCC(N1NC(=O)C2=CC(=C(C=C2)Cl)S(=O)(=O)N)C,0.118022725
C1CC=CCCC=CCCC=C1,0.13496648
CCC1(C(=O)NC(=O)N(C1=O)C(=O)C2=CC=CC=C2)C3=CC=CC=C3,0.12975807
C1=CC=C(C=C1)P(=O)(C2=CC=CC=C2)C3=CC=CC=C3,0.73597264
C1=C(OC(=C1)[N+](=O)[O-])C=CC(=NN=C(N)N)C=CC2=CC=C(O2)[N+](=O)[O-],0.87999207
C1CCCCCC(=O)CCCCC1,0.055654738
C1=CC=C(C=C1)SSC2=CC=CC=C2,0.73578405
CCN(CC)CCN1C2=C(C=C(C=C2)[N+](=O)[O-])N=C1CC3=CC=C(C=C3)OCC,0.8351337
C1=CC=C2C(=C1)C(=CC=C2S(=O)(=O)[O-])N=NC3=C4C=CC(=CC4=CC(=C3O)S(=O)(=O)[O-])S(=O)(=O)[O-].[Na+].[Na+].[Na+],0.6184678
CC1(C(=O)C(C1=O)(C)C)C,0.29451144
C1=CC=C(C=C1)N2C(=O)C=CC2=O,0.22355819
C1CCCCCC(=O)NCCCCC1,0.064329125
COC1=NN(C(=O)S1)CSP(=S)(OC)OC,0.69471216
C1C(=O)N=C2C=CC(=CC2=C(N1O)C3=CC=CC=C3)Cl,0.42301807
CC12CCC3C(C1CCC(=O)O2)CCC4=CC(=O)C=CC34C,0.6817083
CC12CCC(=O)C=C1C=CC3C2CCC4(C3CCC45CCC(=O)O5)C,0.8300359
CCNC1=CC2=C(C=C1C)C(=C3C=C(C(=[NH+]CC)C=C3O2)C)C4=CC=CC=C4C(=O)OCC.[Cl-],0.79125786
C1=CC=C(C(=C1)C2=NN=CO2)O,0.26812822
C1=CC(=C(C(=C1)Cl)[N+](=O)[O-])C2=CNC=C2Cl,0.62676305
C1C2C(COS(=O)(=O)O1)C3(C(=C(C2(C3(Cl)Cl)Cl)Cl)Cl)Cl,0.561686
CC1=CC=C(C=C1)S(=O)(=O)NC(=O)NC2CCCCCCC2,0.09291849
C1COS(=O)(=O)O1,0.28089106
C1COS(=O)(=O)C1,0.14170514
C1CCC(=NO)C1,0.10188415
C1(=C(SSC1=O)Cl)Cl,0.34183708
C1CC2=CC=CC=C2C(=O)C3=CC=CC=C31,0.28346395
CC(CN1C2=CC=CC=C2SC3=C1N=CC=C3)N(C)C.Cl,0.8575307
CN1CCC(C1)CN2C3=CC=CC=C3SC4=CC=CC=C42.Cl,0.9229857
CC12CCC3C(C1CCC2(C)O)CCC4C3(CC5=NON=C5C4)C,0.5515712
CC[N+]1=C2C=C(C=CC2=C3C=CC(=CC3=C1C4=CC=CC=C4)N)N.[Br-],0.87792397
C1=CC(=CC(=C1)S(=O)(=O)NCCNS(=O)(=O)C2=CC=CC(=C2)[N+](=O)[O-])[N+](=O)[O-],0.3321054
CC1C=CC=CC=CC=CC=CC=CC=CC(CC2C(C(CC(O2)(CC(CC(C(CCC(CC(CC(=O)OC(C(C1O)C)C)O)O)O)O)O)O)O)C(=O)O)OC3C(C(C(C(O3)C)O)N)O,0.4079218
C1=CN(C=C1)CC2=CC=CO2,0.1684631
COC1=CC=CC=C1N2CCN(CC2)CCCC(=O)C3=CC=C(C=C3)F,0.3555323
CC1(C(N2C(S1)C(C2=O)NC(=O)CC3=CC=CC=C3)C(=O)O)C.CC1(C(N2C(S1)C(C2=O)NC(=O)CC3=CC=CC=C3)C(=O)O)C.C1=CC=C(C=C1)CNCCNCC2=CC=CC=C2,0.00017088972
COC1=CC=C(C=C1)N=[N+](C2=CC=C(C=C2)OC)[O-],0.79032725
CCC12CCCN3C1C4=C(CC3)C5=CC=CC=C5N4C(C2)(C(=O)OC)O,0.5514057
CC1CCN(CC1)CCCC(=O)C2=CC=C(C=C2)F,0.5050182
CC1=NC2=CC=CC=C2C1(C)C,0.6310895
C1CN(CCN1CCCC(=O)C2=CC=C(C=C2)F)C3=CC=CC=N3,0.41781202
CC12CCC(CC1CCC3C2CC(C4(C3(CCC4C5=CC(=O)OC5)O)C)O)O,0.6245363
C1CNCCC1C(C2=CC=CC=C2)(C3=CC=CC=C3)O,0.18506278
C1=CC(=CC=C1N=NC2=C(NN(C2=O)C3=CC=C(C=C3)S(=O)(=O)O)C(=O)O)S(=O)(=O)O,0.34868094
CCCCCC1=CC(=C2C3C=C(CCC3C(OC2=C1)(C)C)C)O,0.8311347
CN1CCN(CC1)C2=NC3=CC=CC=C3CC4=CC=CC=C42,0.37871876
C1=CC=C2C(=C1)C(=O)NC(=O)O2,0.23499529
C1CN(CCC1N2C3=CC=CC=C3NC2=O)CCCC(C4=CC=C(C=C4)F)C5=CC=C(C=C5)F,0.91063
C1CN(CCC1N2C3=CC=CC=C3NC2=O)CCCC(=O)C4=CC=C(C=C4)F,0.7900567
C1CCC(CC1)N2CC3=CC(=C(C=C3C2=O)S(=O)(=O)N)Cl,0.23340562
C1C(OC2=CC=CC=C2O1)CN=C(N)N,0.28153187
CC(=O)OCC1C(C(C(O1)N2C(=O)NC(=O)C=N2)OC(=O)C)OC(=O)C,0.06635935
C1C(O1)COCCOCC2CO2,0.41989103
CC1CC2C3CCC4=CC(=O)C=CC4(C3(C(CC2(C1(C(=O)COC(=O)C5=CC=NC=C5)O)C)O)F)C,0.22729255
C1CCOC(C1)N2C=NC3=C(N=CN=C32)NCC4=CC=CC=C4,0.7422578
C12(C3(C4(C5(C3(C(C1(C5(C2(C4(Cl)Cl)Cl)Cl)Cl)(Cl)Cl)Cl)Cl)Cl)Cl)Cl,0.7093024
C1CC2C(O2)CC1COC(=O)C3CCC4C(C3)O4,0.018213483
C1C(O1)COCCCCOCC2CO2,0.4635884
CC1=CC2=C(C=C1)N=C3C(=N2)SC(=O)S3,0.51075023
C1C(O1)CN2C(=O)N(C(=O)N(C2=O)CC3CO3)CC4CO4,0.3139359
CN(C)C1=CC=C(C=C1)C(=N)C2=CC=C(C=C2)N(C)C.Cl,0.88253284
C1=CC(=CC(=C1)OC2=CC=C(C=C2)N)OC3=CC=C(C=C3)N,0.9061307
C1CN=C(N1)CN(CC2=CC=CC=C2)C3=CC=CC=C3.Cl,0.32037205
C1=CC=C(C=C1)C(=O)NC2=CC3=CC(=C(C(=C3C=C2)O)N=NC4=CC=C(C=C4)N=NC5=CC=C(C=C5)S(=O)(=O)[O-])S(=O)(=O)[O-].[Na+].[Na+],0.7022789
CCN(CCCCOC(=O)C1=CC(=C(C=C1)OC)OC)C(C)CC2=CC=C(C=C2)OC.Cl,0.2907546
C1(=C(C(=O)C1=O)O)O,0.4641932
CN1C(=S)CN=C(C2=C1C=CC(=C2)Cl)C3=CC=CC=C3,0.61348677
C1=CC(=CC(=C1)N2C(=O)C=CC2=O)N3C(=O)C=CC3=O,0.25581166
CC1=CN(C(=O)NC1=O)C2C=CC(O2)CO,0.28964064
C1CC2CN(CCN2C1)CCCC(=O)C3=CC=C(C=C3)F,0.41308057
CC1C(=O)CCO1,0.13195722
C1=CC=C2C(=C1)C(=O)C3=C(C2=O)SC(=C(S3)C#N)C#N,0.82238096
C1=CC=C2C(=C1)C(=NC2=N)N,0.24777617
CC1(C(N2C(S1)C(C2=O)NC(=O)C3(CCCCC3)N)C(=O)O)C,3.3730319e-06
C[N+]12CCC(CC1)C(C2)OC(=O)C(C3=CC=CC=C3)(C4=CC=CC=C4)O.[Br-],0.3155973
CC[N+](CC)(CC1=CC=CC=C1)CC(=O)NC2=C(C=CC=C2C)C.C1=CC=C(C=C1)C(=O)[O-],0.08943744
CN(C1=CC=C(C=C1)OC(=O)C2=CC=CO2)C(=O)C(Cl)Cl,0.7261516
C1=CSC(=C1)C(=O)NC2=NC=C(S2)[N+](=O)[O-],0.26134643
CC1C(C(C(O1)OC2C(C(C(C(C2O)O)N=C(N)N)O)N=C(N)N)OC3C(C(C(C(O3)CO)O)O)NC)(C=O)O.CC1C(C(C(O1)OC2C(C(C(C(C2O)O)N=C(N)N)O)N=C(N)N)OC3C(C(C(C(O3)CO)O)O)NC)(C=O)O.OS(=O)(=O)O.OS(=O)(=O)O.OS(=O)(=O)O,0.109363884
C1=CC=C(C=C1)NC2=C3C(=C(C=C2)N=NC4=C5C(=CC(=C4)S(=O)(=O)O)C=C(C=C5O)S(=O)(=O)O)C=CC=C3S(=O)(=O)O,0.65649176
C1=CC=C2C(=C1)NC(=N2)C3=CC=CO3,0.64322734
CCC1=NC=NC2=CC(=C(C=C21)OC)OC,0.31487176
C1=CC=C(C=C1)C(=O)OCC(COC(=O)C2=CC=CC=C2)(COC(=O)C3=CC=CC=C3)COC(=O)C4=CC=CC=C4,0.7443555
CCC(C1=CC=CC=C1)C(=O)OCCN2CCOC(C2C)C3=CC=CC=C3,0.17352103
C1CCC(CC1)N(C2CCCCC2)SC3=NC4=CC=CC=C4S3,0.8610208
C1CC(CC=C1)C2=CC=CC=C2,0.22534998
C1=CC=C(C=C1)NC2=C(C=C(C=C2)S(=O)(=O)NC3=CC=CC=C3)[N+](=O)[O-],0.563992
CC1=C(SCCO1)C(=O)NC2=CC=CC=C2,0.564348
C1=CC2=C(C=C1[N+](=O)[O-])C=NN2,0.52977216
C1=CC=C(C=C1)N2C(=NN=N2)N,0.2305718
CC1C(C(C(O1)OC2C(C(C(C(C2O)O)N=C(N)N)O)N=C(N)N)OC3C(C(C(C(O3)CO)O)O)NC)(CO)O.CC1C(C(C(O1)OC2C(C(C(C(C2O)O)N=C(N)N)O)N=C(N)N)OC3C(C(C(C(O3)CO)O)O)NC)(CO)O.OS(=O)(=O)O.OS(=O)(=O)O.OS(=O)(=O)O,0.098586515
C1CCC(C(C1)C(=O)OCC2CO2)C(=O)OCC3CO3,0.14541936
CCN(CCCC1=CC=CC=C1)CCCC2=CC=CC=C2.C(C(=O)O)C(CC(=O)O)(C(=O)O)O,0.5914878
C1CN(CCC1C2(CCC(=O)NC2=O)C3=CC=CC=C3)CC4=CC=CC=C4,0.32536283
C1=CC(=O)NNC1=O,0.42166802
COC1=C(C=C2C(=C1)C3=CC=CC=C3O2)N,0.82664496
CN(C)CCOC(=O)C(C1=CC=CC=C1)C2(CCCC2)O.Cl,0.2852272
C1=CC2=C(C=CC(=C2)SSC3=CC4=C(C=C3)C=C(C=C4)O)C=C1O,0.87610346
CN(C)CCC=C1C2=CC=CC=C2C=CC3=CC=CC=C31.Cl,0.82458735
C1=CC=C2C(=C1)C(=NS2(=O)=O)[O-].C1=CC=C2C(=C1)C(=NS2(=O)=O)[O-].O.[Ca+2],0.13722372
CC1=CC=C(C=C1)S(=O)(=O)OC2=CC=C(C=C2)N=NC3=C(C=C(C=C3)C4=CC(=C(C=C4)N=NC5=C(C=CC6=CC(=CC(=C65)S(=O)(=O)[O-])S(=O)(=O)[O-])O)C)C.[Na+].[Na+],0.6828681
C1COCCN1CCN2C=NC=C2[N+](=O)[O-],0.13861759
C1CCCCCOCCCCOC(=O)CCCC1,0.09211899
C1=CSC(=C1)SSC2=CC=CS2,0.77832127
CN(C)CCN1CCN(C1=O)C2=CC(=CC=C2)Cl,0.17997676
C[N+]1(CCC2=CC(=C3C=C2C1CC4=CC=C(C=C4)OC5=C6C(CC7=CC(=C(C=C7)OC)O3)[N+](CCC6=CC(=C5OC)OC)(C)C)OC)C.[I-].[I-],0.7679494
C1=CC=C(C=C1)CN(CC2=CC=CC=C2)CC3=CC=CC=C3,0.84093606
CC1=C(C(=CC=C1)C)NC(=O)CN2CCCC2,0.10599034
CC1=CC(=O)NO1,0.044233166
C1=CN2C3C(C(C(O3)CO)O)OC2=NC1=N,0.17095396
CC1(C2CCC1(C(=O)C2=O)C)C,0.37632564
COC1=C(C=CC(=C1)CC=C)OC(=O)CC2=CC=CC=C2,0.5185739
CC12CCC3C(C1CCC2(C)O)CCC4C3(CC5=C(C4)NN=C5)C,0.54900885
CC1(C2=CC=CC=C2C(=CCCN(C)C)C3=CC=CC=C31)C.Cl,0.8311977
C1=CC(=CN=C1)C(=O)OCC2C(C(C(O2)(COC(=O)C3=CN=CC=C3)O)OC(=O)C4=CN=CC=C4)OC(=O)C5=CN=CC=C5,0.08428571
COC1=CC=C(C=C1)C(C2CC2)(C3=CN=CN=C3)O,0.8483823
C1=CC=[N+](C(=C1)[S-])[O-].C1=CC=[N+](C(=C1)[S-])[O-].[Zn+2],0.8457978
CC1=CCC2C(C1)C2(C)C,0.66390026
CCCC1C(=O)N2C3=C(C=CC(=C3)C)N=C(N2C1=O)N(C)C,0.28874463
CCCCC1=CC2=C(C=C1OCC3=CC=CC=C3)NC=C(C2=O)C(=O)OC,0.8165525
CC(=O)OC1=CC=C(C=C1)C2(C(=O)NC3=CC=CC=C3O2)C4=CC=C(C=C4)OC(=O)C,0.6372209
CC1(C2CCC1(C[N+](C2)(C)CCC[N+](C)(C)C)C)C.COS(=O)(=O)[O-].COS(=O)(=O)[O-],0.09593122
CCNC1(CCCCC1=O)C2=CC=CS2.Cl,0.120703116
COC1=CC(=CC(=C1OC)OC)C(=O)N2CCCCCCC2,0.26675466
CC(CC1=CC=CC=C1)N(C)CC2=CC=CO2,0.1014191
C1C2=CC=CC=C2N(C1=O)C3=C(C=CC=C3Cl)Cl,0.6190181
CC(=O)OC1CC2CCC3C(C2(CC1[N+]4(CCCCC4)C)C)CCC5(C3CC(C5OC(=O)C)[N+]6(CCCCC6)C)C.[Br-].[Br-],0.47693232
CN1CCC(=C2C3=C(CCC4=CC=CC=C42)SC=C3)CC1,0.57945704
C1=CC(=CC=C1NC(=O)C2=CC(=C(S2)Br)Br)Br,0.5439095
CC=C1CC2CC1C=C2,0.44417053
CN1CCC(CC1)N(CC2=CC=CS2)C3=CC=CC=C3,0.54885125
C1=CC=C(C=C1)P(=O)(CC(=O)NN)C2=CC=CC=C2,0.33083004
CC1=C(C(=C(C2=C1OC(CC2)(C)CCCC(C)CCCC(C)CCCC(C)C)C)OC(=O)C3=CN=CC=C3)C,0.46399873
CC12CCC3C(C1CCC2(C#C)O)CCC4=CC5=C(CC34C)C=NO5,0.8808445
CNC1=C2CCCCC2=NN1C,0.20752494
CCC=C1C2=CC=CC=C2C(=O)O1,0.31817195
CC1CCC2(C(C3C(O2)CC4C3(CCC5C4CCC6C5(CCC(C6)OC7C(C(C(C(O7)CO)OC8C(C(C(C(O8)CO)O)OC9C(C(C(CO9)O)O)O)OC2C(C(C(C(O2)CO)O)O)O)O)O)C)C)C)NC1,0.17119634
C1=CC=C(C=C1)OC2=C(C3=C(C(=C2)O)C(=O)C4=CC=CC=C4C3=O)N,0.85552776
CC(C)(COCC1CO1)COCC2CO2,0.28468305
CN1CC(CC2C1CC3=CN(C4=CC=CC2=C34)C)CNC(=O)OCC5=CC=CC=C5,0.19788837
C1=CC(=CN=C1)C(C2=CC=C(C=C2)Cl)(C3=CC=C(C=C3)Cl)O,0.8851851
C1CCC(CC1)SN2C(=O)C3=CC=CC=C3C2=O,0.71373993
C1=CC=C(C=C1)C2=NC(=C(S2)CC(=O)O)C3=CC=C(C=C3)Cl,0.30685258
CCOP(=S)(OCC)OC1=NOC(=C1)C2=CC=CC=C2,0.5830497
CC(C)OC1=C(C=C(C(=C1)N2C(=O)OC(=N2)C(C)(C)C)Cl)Cl,0.80368835
CC1C(C(C(C(O1)OC2C(C(C(OC2OC3=CC(=C(C(=C3)O)C(=O)CCC4=CC(=C(C=C4)OC)O)O)CO)O)O)O)O)O,0.61612767
CC1=NC=C(C=C1)CCN2C3=C(CN(CC3)C)C4=C2C=CC(=C4)Cl,0.82997626
CC1(C2=C(C=CC(=C2)Br)NC(=O)O1)C,0.4274997
CC(C1=NCCN1)OC2=C(C=CC=C2Cl)Cl,0.29937664
COP(=S)(C1=CC=CC=C1)OC2=CC(=C(C=C2Cl)Br)Cl,0.5729536
C1C2=CC=CC=C2C(=O)N3N1C(=O)C4=CC=CC=C4C3,0.16473158
CN1CCC(CC1)OC(=O)C(OC2=CC=C(C=C2)Cl)OC3=CC=C(C=C3)Cl,0.54554766
C1=CC=C(C=C1)NNC2=CC=CC=C2,0.7453482
CC(=C)C1C2C3C4(C(C1C(=O)O2)(CC5C4(O5)C(=O)O3)O)C.CC12C3C4C(C(C1(CC5C2(O5)C(=O)O3)O)C(=O)O4)C(C)(C)O,0.13039915
CC(C)CCOCC(CN1CCOCC1)OC(=O)C2=CC(=C(C(=C2)OC)OC)OC,0.333313
C1=CC(=CC=C1OC2=C(C=C(C=C2)NC(=O)C3=C(C(=CC(=C3)I)I)O)Cl)Cl,0.8140593
CC1C(=NC(O1)C)C,0.1923757
COC1=C(C=CC(=C1)C2C(OC3=C(O2)C=C(C=C3)C4C(C(=O)C5=C(C=C(C=C5O4)O)O)O)CO)O,0.75538754
C1=CC=C(C=C1)CNC(=O)CN2C=CN=C2[N+](=O)[O-],0.061833292
C1=CC=C(C=C1)CCNC2=CC=CC=C2C(=O)O,0.24318294
C[N+]1(CCCCC1COC(=O)C(C2=CC=CC=C2)(C3=CC=CC=C3)O)C.COS(=O)(=O)[O-],0.23359771
CC1CCC2=NC=CN=C12,0.40730605
C1CN(CCC1C(=O)C2=CC=C(C=C2)F)CCCC(=O)C3=CC=C(C=C3)F,0.6880532
CC1=CC(=NO1)C(=O)NCCC2=CC=C(C=C2)S(=O)(=O)NC(=O)NN3CCCCCC3,0.079913564
CC1=C(C2=C(N1CC(=O)O)C=C(C=C2)OC)C(=O)C3=CC=C(C=C3)Cl,0.3956524
CC1=CC(=NN=C1NCCN2CCOCC2)C3=CC=CC=C3.Cl.Cl,0.4039325
CC(C)OC(=O)NC1=CC2=C(C=C1)N=C(N2)C3=CSC=N3,0.8514637
COC1=CC2=C(C=C1)N=C(S2)NC(=O)NC3=CC=CC=C3,0.8551695
CN(CCCN1C2=CC=CC=C2CCC3=CC=CC=C31)CC(=O)C4=CC=C(C=C4)Cl.Cl,0.86980623
C1CN(CCC1(C2=CC(=C(C=C2)Cl)C(F)(F)F)O)CCCC(C3=CC=C(C=C3)F)C4=CC=C(C=C4)F,0.93981695
C1=CC=C(C(=C1)C=CC2=CC=C(C=C2)C3=CC=C(C=C3)C=CC4=CC=CC=C4S(=O)(=O)[O-])S(=O)(=O)[O-].[Na+].[Na+],0.49666744
C1CC(CCC1CN)C(=O)OC2=CC=C(C=C2)CCC(=O)O.Cl,0.13876082
CN1CC(CC2(C1CC3=CN(C4=CC=CC2=C34)C)OC)COC(=O)C5=CC(=CN=C5)Br,0.20029682
CC1=CC(=CC=C1)N(C)C(=S)OC2=CC3=C(CCC3)C=C2,0.6857559
C1CC(C(C(C1)(COC(=O)C2=CN=CC=C2)COC(=O)C3=CN=CC=C3)O)(COC(=O)C4=CN=CC=C4)COC(=O)C5=CN=CC=C5,0.31805724
C1C2=CC=CC=C2N(C3=CC=CC=C3C1=O)C(=O)N,0.30447182
CC1=C(OC(=C1C(=O)NC2=CC=CC=C2)C)C,0.27046117
COC1=C(C2=C(CC3C4=CC5=C(C=C4CCN3C2)OCO5)C=C1)OC,0.45246193
CCOC(=O)NC1=CC2=C(C=C1)SC3=CC=CC=C3N2C(=O)CCN4CCOCC4.Cl,0.88880646
CC1=CC=C(C=C1)C(=O)OC2=C(C=C(C=C2)C(CNC(C)(C)C)O)OC(=O)C3=CC=C(C=C3)C,0.37410003
C1=C(C(=C(C(=C1I)NC(=O)CCOCCOCCOCCOCCC(=O)NC2=C(C=C(C(=C2I)C(=O)O)I)I)I)C(=O)O)I,0.015427847
COC(=O)NC1=NC2=C(N1)C=C(C=C2)C(=O)C3CC3,0.99001604
CC1(C(C(C2=C(O1)C=C(C=C2)OC)C3=CC=C(C=C3)OCCN4CCCC4)C5=CC=CC=C5)C,0.84434855
CC1=CC=C(C=C1)S(=O)(=O)NC(=O)NC(C)CC2=CC=CC=C2,0.0539813
CC12CC1(C(=O)N(C2=O)C3=CC(=CC(=C3)Cl)Cl)C,0.61365426
C1CN(CC1C2=CC=CC=C2)CCC(=O)C3=CC4=C(C=C3)OCCO4,0.49994373
CC1=C2C(C(=O)C3(C(CC4C(C3C(C(C2(C)C)(CC1OC(=O)C(C(C5=CC=CC=C5)NC(=O)C6=CC=CC=C6)O)O)OC(=O)C7=CC=CC=C7)(CO4)OC(=O)C)O)C)OC(=O)C,0.34074694
CC1=CC(=C(C=C1)N=CN(C)C=NC2=C(C=C(C=C2)C)C)C,0.41272885
CN1CCC(C(C1)C(=O)C2=CC=C(C=C2)F)(C3=CC=C(C=C3)F)O,0.46053833
C1CCC2=NC=CN=C2C1,0.2532411
CCN1C2=NC=C(C(=C2C=N1)NN=C(C)C)C(=O)OCC.Cl,0.5460205
CC(=O)NC1=CC=C(C=C1)OCCOCCOC2=CC=C(C=C2)NC(=O)C,0.47527426
CC(C)(C)C1(CCN2CC3C4=CC=CC=C4CCC5=C3C(=CC=C5)C2C1)O.Cl,0.55264324
C1=NC(=NN1C2C(C(C(O2)CO)O)O)C(=O)N,0.1655294
CC(C)(C)C(=O)C(N1C=CN=C1)OC2=CC=C(C=C2)Cl,0.7770327
CC1=CC=CC=C1OCC(CNCCOC2=CC=C(C=C2)C(=O)N)O,0.13944605
CC(C)(C)NCC(COC1=CC=CC=C1C2CCCC2)O.CC(C)(C)NCC(COC1=CC=CC=C1C2CCCC2)O.OS(=O)(=O)O,0.37300315
C1=CC=C2C(=C1)C(=O)C3=CC=CC=C3N2CC(=O)O,0.31598192
C1CN(CCC1NC(=O)C2=CC=CC=C2)CCC3=CNC4=CC=CC=C43.Cl,0.5048395
C(NC(=O)NC1C(=O)NC(=O)N1CO)NC(=O)NC2C(=O)NC(=O)N2CO,0.003248248
CC1=NN=C(C(=O)N1N)C2=CC=CC=C2,0.16529308
CC1=CC(=O)N(C(=C1)C2CCCCC2)O.C(CO)N,0.38332134
CC1=C2C(=CC=C1)SC3=NN=CN23,0.42521355
CC(=O)OC1C(SC2=CC=CC=C2N(C1=O)CCN(C)C)C3=CC=C(C=C3)OC,0.5062312
CC1=CC(=C(N1C2=CC=C(C=C2)Cl)C)CC(=O)O,0.24567744
CC1=CC(=CC=C1)OCC(CNCCC2=CC(=C(C=C2)OC)OC)O.Cl,0.21529198
CC1(C(=O)N(C(=O)O1)C2=CC(=CC(=C2)Cl)Cl)C=C,0.70377064
CC1=C(C(=CC=C1)C)NC(=O)N=C2CCCN2C,0.26913658
CN1C(=NC(=O)N(C1=O)C2CCCCC2)N(C)C,0.52957076
C1=CC=C(C=C1)NC(=O)NC2=CN=NS2,0.1995354
CC(C)(C)NCC(COC1=CC=CC2=C1CCC(=O)N2)O.Cl,0.19769336
CC1=CN(C(=O)C=C1)C2=CC=CC=C2,0.2462836
COC(=O)NC1=NC2=C(N1)C=C(C=C2)S(=O)C3=CC=CC=C3,0.9909999
CCC12CC(=C)C3C(C1CCC2(C#C)O)CCC4=CCCCC34,0.7918843
CC(=O)O.C1CCNC(C1)CNC(=O)C2=C(C=CC(=C2)OCC(F)(F)F)OCC(F)(F)F,0.71382624
CC(C)(C(=O)OCCN1C=NC2=C1C(=O)N(C(=O)N2C)C)OC3=CC=C(C=C3)Cl,0.5227021
CCCOC(C1=CC=CC=C1)(C2=CC=CC=C2)C(=O)OC3CC[NH+](CC3)C.[Cl-],0.3412781
C1CCCCCC(=O)OCCOC(=O)CCCC1,0.10885488
CC1=C(S(=O)(=O)CCS1(=O)=O)C,0.253619
C1C2=CC=CC=C2C(=O)C3=C(O1)C=CC(=C3)CC(=O)O,0.21907754
CCCCCCCCSC(=O)OC1=CC(=NN=C1C2=CC=CC=C2)Cl,0.64928925
C1=CC(=C(C(=C1)Cl)CN2C=NC3=C(N=CN=C32)N)F,0.6716529
CC(=O)OC1=CC=CC=C1C(=O)NC2=NC=C(S2)[N+](=O)[O-],0.4379036
C1CCC(CC1)C2CCC(=O)CC2,0.35454708
CC1C(C(C(C(O1)OC2C(OC(C(C2O)O)OC3C(OC(C(C3O)O)O)CO)CO)O)O)NC4C=C(C(C(C4O)O)O)CO,0.1146953
CC1=CC(=CC=C1)NC2=C(C=NC=C2)S(=O)(=O)NC(=O)NC(C)C,0.20446642
CC(C)(C)C1=NNC(=O)N(C1=O)N,0.6192161
CN1C=C(C(=O)C(=C1)C2=CC(=CC=C2)C(F)(F)F)C3=CC=CC=C3,0.56250435
C1CNCC(C1C2=CC=C(C=C2)F)COC3=CC4=C(C=C3)OCO4,0.5345359
CC1=CC2=C(N1)C=CC=C2OCC(CNC(C)(C)C)OC(=O)C3=CC=CC=C3,0.28378385
C[N+]1(CCC2=CC(=C(C=C2C1CC3=CC(=C(C=C3)OC)OC)OC)OC)CCC(=O)OCCCCCOC(=O)CC[N+]4(CCC5=CC(=C(C=C5C4CC6=CC(=C(C=C6)OC)OC)OC)OC)C.C1=CC=C(C=C1)S(=O)(=O)[O-].C1=CC=C(C=C1)S(=O)(=O)[O-],0.393308
C1=CC(=C(C(=C1)Cl)SC(CCC2=CC=C(C=C2)Cl)CN3C=CN=C3)Cl.[N+](=O)(O)[O-],0.84183383
CN(C)CCN1C(=NN=N1)SCC2=C(N3C(C(C3=O)NC(=O)CC4=CSC(=N4)N)SC2)C(=O)O.Cl.Cl,0.00329305
CC(=O)OC1C(C2C(CCC(C2(C3(C1(OC(CC3=O)(C)C=C)C)O)C)O)(C)C)O,0.54045546
CN1CCCCC1CCC2=CC=CC=C2NC(=O)C3=CC=C(C=C3)OC.Cl,0.5849771
C1=CC=C2C(=C1)C(OC2=O)OC(=O)C3=C(N=CC=C3)NC4=CC=CC(=C4)C(F)(F)F,0.8179954
C1(=C(SN=C1Cl)C(=O)O)Cl,0.13544229
CC1(CNC(=NC1)NN=C(C=CC2=CC=C(C=C2)C(F)(F)F)C=CC3=CC=C(C=C3)C(F)(F)F)C,0.854973
CSC1=NC2=CC(=C(C=C2N1)Cl)OC3=C(C(=CC=C3)Cl)Cl,0.92245406
CCCC1=C2C(=CC3=C1OC(=CC3=O)C(=O)O)C(=O)C=C(N2CC)C(=O)O,0.21399431
CN1C2=C(C(=O)N(C1=O)C)N(C=N2)CC3OCCO3,0.12713705
CC(C)(CC1=CNC2=CC=CC=C21)NCC(COC3=CC=CC=C3C#N)O,0.22157378
CC1=C(C(=CC=C1)C)N(C(C)C(=O)OC)C(=O)CC2=CC=CC=C2,0.43763208
CC1(C(=O)C=C(O1)C(=O)O)C2=CC=CC=C2,0.19834377
C1CC(C2C(C(CN2C1)O)O)O,0.17465964
C1=CC=C(C=C1)SC2=CC=C(C=C2)COC(CN3C=CN=C3)C4=C(C=C(C=C4)Cl)Cl,0.9028004
C1=CC(=CC=C1C(=O)O)OCCN2C=CN=C2,0.3230207
CN1C(=NN=N1)SCC2=C(N3C(C(C3=O)(NC(=O)C4SC(=C(C(=O)N)C(=O)O)S4)OC)SC2)C(=O)O,0.022290923
CC1CN(CC(N1)C)CCCN2C3=CC=CC=C3C4=CC=CC=C42.Cl.Cl,0.7339424
CN1C2=C(C3=C(C=C2)N=CC=C3)N=C1N,0.6948152
CCOC(=O)C(C)OC1=CC=C(C=C1)OC2=CN=C3C=C(C=CC3=N2)Cl,0.80804
CC1=C(C2=CC=CC=C2N1CCC(=O)O)CN3C=CN=C3,0.20052648
CC1=C(NC(=O)N1)C(=O)C2=CC=C(C=C2)SC,0.52182925
CC1=C(C(=CC=C1)C)N(C(=O)COC)N2CCOC2=O,0.34040266
C1=CC=C(C=C1)CCNC2=NC(=CS2)C3=CC=CC=C3,0.78696567
C1=CC(=CC=C1CCNS(=O)(=O)C2=CC=C(C=C2)Cl)CC(=O)O,0.5743002
CN1CCCC(CC1)N2C(=O)C3=CC=CC=C3C(=N2)CC4=CC=C(C=C4)Cl.Cl,0.6974435
CC1CN(CCC1(C2=CC=CC=C2)C(=O)O)C3CCC(CC3)(C#N)C4=CC=C(C=C4)F.Cl,0.36050415
C1CN=C(N1)C2COC3=CC=CC=C3O2,0.1491436
CC(C)C1(C(=O)NC(=N1)C2=NC3=CC=CC=C3C=C2C(=O)O)C,0.04987884
CC1(CON(C1=O)CC2=CC=CC=C2Cl)C,0.52403605
CCC1=NN(C(=O)N1CCOC2=CC=CC=C2)CCCN3CCN(CC3)C4=CC(=CC=C4)Cl.Cl,0.5911455
COC1=CC(=NC(=N1)NC(=O)NS(=O)(=O)CC2=CC=CC=C2C(=O)OC)OC,0.13165677
CC#CC1(CCC2C1(CC(C3=C4CCC(=O)C=C4CCC23)C5=CC=C(C=C5)N(C)C)C)O,0.94749635
CCCN1CCCC2C1CC3=C(C2)NN=C3.Cl,0.24310279
C1CC(=O)NN=C1C2=CC=C(C=C2)N3C=CN=C3,0.23522197
CC1=C(C(=CC=C1)CC2=CN=CN2)C.Cl,0.3328155
CCOC(=O)C(CCC1=CC=CC=C1)NC2CCCN3CCCC(N3C2=O)C(=O)O,0.108735725
CC1=C(C2=CC=CC=C2N1CCN3CCOCC3)C(=O)C4=CC=C(C=C4)OC,0.7280698
C1=CC=C(C=C1)CCCCOCCCCCCNCC(C2=CC(=C(C=C2)O)CO)O.C1=CC=C2C(=C1)C=CC(=C2O)C(=O)O,0.52081454
CC1=C(C(=CC=C1)C)NC(=O)CN2CCN(CC2)CC(COC3=CC=CC=C3OC)O,0.10661586
C1CN(CCN1CCCCN2C(=O)C3=CC=CC=C3S2(=O)=O)C4=NC=CC=N4,0.18773296
CCCN1CCCC2C1CC3=CN=C(N=C3C2)N,0.27800772
CC12CCC3C(C1CCC2C(=O)NC(C)(C)C)CCC4C3(C=CC(=O)N4)C,0.39008442
CC(C)CN1C=NC2=C1C3=CC=CC=C3N=C2N,0.7114991
C1CN=C(N1)C2CC2(C3=CC=CC=C3)C4=CC=CC=C4.C(CC(=O)O)C(=O)O,0.33789286
CCCN(CCC1=CC=CS1)C2CCC3=C(C2)C=CC=C3O,0.51264995
C1CC(N2C=NC=C2C1)C3=CC=C(C=C3)C#N.Cl,0.47062328
C1CN(CCC1C2=CN(C3=C2C=C(C=C3)Cl)C4=CC=C(C=C4)F)CCN5CCNC5=O,0.72361445
COC1=C(C=C(C=C1)C2=CC3=C(C=C2)C=C(C=C3)C(=O)O)C45CC6CC(C4)CC(C6)C5,0.54253334
CC12CCC3C(C1CCC2=O)CC(=C)C4=CC(=O)C=CC34C,0.72627133
CCOC(=O)C1=C(NC(=C(C1C2=CC=CC=C2Cl)C(=O)OC)C)COCCN.C1=CC=C(C=C1)S(=O)(=O)O,0.8069618
CCC1=CN=C(C=C1)CCOC2=CC=C(C=C2)CC3C(=O)NC(=O)S3.Cl,0.45968682
CN1CCN(CC1)C2=C(C=C3C4=C2OCN(N4C=C(C3=O)C(=O)O)C)F,0.11854515
CC(C)C1C2=C(CCC1(CCN(C)CCCC3=NC4=CC=CC=C4N3)OC(=O)COC)C=C(C=C2)F.Cl.Cl,0.63414395
C1=CSC(=C1)C(=O)C2=C(N(C3=C2C=C(C=C3)Cl)C(=O)N)O,0.3563278
CC(CN1CCN(CCN(CCN(CC1)CC(=O)[O-])CC(=O)[O-])CC(=O)[O-])O.[Gd+3],0.28528985
CC1=C(N=CN1)CN2CCC3=C(C2=O)C4=CC=CC=C4N3C.Cl,0.24090785
C1CN(CCN1CCCN2C3=CC=CC4=C3C(=CC=C4)S2(=O)=O)C5=CC=C(C=C5)F,0.5780203
COC1=C(C=C(C=C1)CNCC(COC2=CC3=C(C=C2)NC(=O)C=C3)O)OC,0.29425985
C1CC(=O)NC2=C1C=CC(=C2)OCCCCN3CCN(CC3)C4=C(C(=CC=C4)Cl)Cl,0.59591633
C1CN(CCN1CCCC(=O)NC2C3=CC=CC=C3CSC4=CC=CC=C24)C5=CC=C(C=C5)F,0.63776994
CC(C)C1=C(C(=C(N1CCC(CC(CC(=O)[O-])O)O)C2=CC=C(C=C2)F)C3=CC=CC=C3)C(=O)NC4=CC=CC=C4.CC(C)C1=C(C(=C(N1CCC(CC(CC(=O)[O-])O)O)C2=CC=C(C=C2)F)C3=CC=CC=C3)C(=O)NC4=CC=CC=C4.[Ca+2],0.74568444
CNCCC(C1=CC=CS1)OC2=CC=CC3=CC=CC=C32.Cl,0.6655206
CCC1=CC(=CC=C1)N(C)C(=NC2=CC=CC3=CC=CC=C32)N.Cl,0.73548985
CCCCC(=O)N(CC1=CC=C(C=C1)C2=CC=CC=C2C3=NNN=N3)C(C(C)C)C(=O)O,0.42075157
C1CN(CCN1CCC2=C(C=C3C(=C2)CC(=O)N3)Cl)C4=NSC5=CC=CC=C54,0.4938113
CN(C)CCC1=CNC2=C1C=C(C=C2)CC3COC(=O)N3,0.13899194
CC1=C(N=C(O1)C2=CC=CC=C2)CCC(=O)C3=CC=C(C=C3)CC4C(=O)NC(=O)S4,0.29364002
CNS(=O)(=O)CCC1=CC2=C(C=C1)NC=C2C3CCN(CC3)C.Cl,0.1698975
CC(C)(C)NC(=O)C1CC2CCCCC2CN1CC(C(CC3=CC=CC=C3)NC(=O)C(CC(=O)N)NC(=O)C4=NC5=CC=CC=C5C=C4)O.CS(=O)(=O)O,0.054361127
COC1=C(C=C(C=C1)S(=O)(=O)N2C(C(C3=C2C=CC(=C3)Cl)(C4=CC=CC=C4Cl)O)C(=O)N5CCCC5C(=O)N)OC,0.20097606
CCCCS(=O)(=O)NC(CC1=CC=C(C=C1)OCCCCC2CCNCC2)C(=O)O.O.Cl,0.26605603
CC1CN1P(=O)(N2CC2C)N3CC3C,0.015101644
C1=CC=C(C=C1)CC(=O)OCC2=CC=CC=C2,0.4650187
C1CCCCCC(=O)OCCOC(=O)CCCCC1,0.10030236
CC1(CCCC2(C1CCC3(C2CC(=O)O3)C)C)C,0.5269665
C1CC(CCC1COCC2CO2)COCC3CO3,0.4098109
CC1CCC2(O1)C(=CCCC2(C)C)C,0.4776197
CC1(COCN1)C,0.14103453
CC1COC2=CC=CC=C2N1C(=O)C(Cl)Cl,0.77470934
CC1=CC=CC=C1N=NC2=CC(=C(C=C2)N=NC3=C(C=CC4=CC=CC=C43)O)C,0.7088122
CC1=CC(=O)CC(C1=O)(C)C,0.58768827
C1=CC=C(C=C1)CNC2=NC=NC3=C2NC=N3,0.76051444
C1C(C(C(C(C1N)OC2C(C(C(C(O2)CN)O)O)N)OC3C(C(C(O3)CO)OC4C(C(C(C(O4)CN)O)O)N)O)O)N.OS(=O)(=O)O,0.1487952
C1C=CCC2C1CC=C2,0.3192274
C1C(O1)CN(CC2CO2)C3=CC=C(C=C3)OCC4CO4,0.2028582
CCC12CCC3C(C1CCC2(C#C)O)CCC4=CC(=NO)CCC34,0.8512949
C1CN(CCN1CCCN2C(=O)N3C=CC=CC3=N2)C4=CC(=CC=C4)Cl.Cl,0.5915548
COC1=C(C=C2C(=C1)C(=NC(=N2)N3CCN(CC3)C(=O)C4COC5=CC=CC=C5O4)N)OC.CS(=O)(=O)O,0.2730703
C1CC1C#CC2(C3=C(C=CC(=C3)Cl)NC(=O)O2)C(F)(F)F,0.8647229
CC1=C(C=CC=C1O)C(=O)NC(CSC2=CC=CC=C2)C(CN3CC4CCCCC4CC3C(=O)NC(C)(C)C)O.CS(=O)(=O)O,0.17150308
C1C2CC3CC(C2)(CC1C3=O)O,0.41579035
C1C2CC3CC1CC(C2)(C3)NCCOC(=O)COC4=CC=C(C=C4)Cl,0.15936774
CCN1CC(C(C1=O)(C2=CC=CC=C2)C3=CC=CC=C3)CCN4CCOCC4.Cl,0.34954473
CN1CCCC(C1)CC2C3=CC=CC=C3SC4=CC=CC=C24.Cl,0.8452016
CC1CC(=O)C2(C(O1)OC3C(C(C(C(C3O2)NC)O)NC)O)O.Cl.Cl,0.08058653
CC[N+](CC)(CC1=CC=CC=C1)CC(=O)NC2=C(C=CC=C2C)C.C1=CC=C2C(=C1)C(=NS2(=O)=O)[O-],0.102048896
CC(C)(C)C1=CC(=CC(=C1O)C(C)(C)C)CCC(=O)OCC(COC(=O)CCC2=CC(=C(C(=C2)C(C)(C)C)O)C(C)(C)C)(COC(=O)CCC3=CC(=C(C(=C3)C(C)(C)C)O)C(C)(C)C)COC(=O)CCC4=CC(=C(C(=C4)C(C)(C)C)O)C(C)(C)C,0.7594454
CC(C)(C)C1=CC(=CC(=C1O)C(C)(C)C)CCC(=O)OCCSCCOC(=O)CCC2=CC(=C(C(=C2)C(C)(C)C)O)C(C)(C)C,0.67548096
C1=CC=C2C(=C1)C3=C(N2)C=NC=C3,0.7460416
CC(C)CN(CC(C(CC1=CC=CC=C1)NC(=O)OC2CCOC2)O)S(=O)(=O)C3=CC=C(C=C3)N,0.19977677
C1=CC=C(C=C1)C2=C(C2=O)C3=CC=CC=C3,0.6523227
C1=CSC(=C1)C2=CC=C(S2)C3=CC=CS3,0.41683137
C1=NN(C(=O)N=C1N)C2C(C(C(O2)CO)O)O,0.28494066
CN1C2CCCC1CC(C2)NC(=O)C3=NN(C4=CC=CC=C43)C.Cl,0.12297917
C1CCCN(CCC1)CCN=C(N)N.C1CCCN(CCC1)CCN=C(N)N.OS(=O)(=O)O,0.20982109
C1CCNC(C1)C(C2=CC(=NC3=C2C=CC=C3C(F)(F)F)C(F)(F)F)O.Cl,0.6740943
CC(=O)OC1CC2CCC3C(C2(CC1N4CC[N+](CC4)(C)C)C)CCC5(C3CC(C5OC(=O)C)N6CC[N+](CC6)(C)C)C.[Br-].[Br-],0.28983256
CN1C2=NC=NC3=C2C(=CN3C4C(C(C(O4)CO)O)O)C(=N1)N,0.46415457
CCC(C1C(CC(C(O1)C(C)C(C(C)C(=O)C(CC)C2C(CC(C3(O2)C=CC(C4(O3)CCC(O4)(C)C5CCC(C(O5)C)(CC)O)O)C)C)O)C)C)C(=O)O,0.2315692
CC1(COC(C(C1NC)O)OC2C(CC(C(C2O)OC3C(CC=C(O3)CN)N)N)N)O,0.16609092
CCC1(CCCCN(C1)C)C2=CC(=CC=C2)O.Cl,0.37490904
C1=CC(=CC=C1CSC(CN2C=CN=C2)C3=C(C=C(C=C3)Cl)Cl)Cl.[N+](=O)(O)[O-],0.84047407
CC1CCCC(N1CCCC(C2=CC=CC=C2)(C3=CC=CC=N3)O)C,0.5041202
CC1CCC2C13CCC(C(C3)C2(C)C)(C)O,0.539946
C1CN2CCC1C(C2)C(C3=CC=CC=C3)(C4=CC=CC=C4)O,0.42041036
C1CN2CCC1C(C2)OC(=O)C3=CC=CC=C3,0.29549453
C1=CC(=C(C(=C1)F)C(=O)NC(=O)NC2=CC(=C(C=C2)Cl)OC3=C(C=C(C=N3)C(F)(F)F)Cl)F,0.8516324
C1COCCN1CCCNC(=O)C2=CC=C(C=C2)Cl,0.48160663
CC1=CC2=C(C=C1)NC3C2CN(CC3)C,0.2890353
CCN(CC)CCN1C2=CC=CC=C2N=C(C1=O)CC3=CC=C(C=C3)OC,0.6544767
CC1=CC=CC=C1CNC2=C3C(=NC=N2)N(C=N3)C4C(C(C(O4)CO)O)O,0.63975716
C1C(C(C(C(O1)NC2=CC=C(C=C2)C(=O)O)O)O)O,0.18502185
C1=CC=C2C(=C1)C(=CN2)CCNC(=O)C3=CN=CC=C3,0.4152916
CCCCN1CCCC1C(=O)NC2=C(C=C(C=C2C)C)C,0.18614997
CC1=C(N(C2=C1C=C(C=C2)C(=O)OCCN(C)C)CC3=CC=CC=C3)C,0.48373815
C1CN1P2(=NP(=NP(=N2)(N3CC3)N4CCOCC4)(N5CC5)N6CC6)N7CC7,0.4758849
C1CNCCC1SC2=NC(=CC=C2)Cl,0.44823083
COC1(C2N(C1=O)C(=C(CO2)CSC3=NN=NN3CCO)C(=O)O)NC(=O)CSC(F)F,0.004900362
CCOC(=O)CN1C=CC=C1C2=NC(=C(S2)C3=CC=C(C=C3)OC)C4=CC=C(C=C4)OC,0.7379554
CC1=NN=C2N1C3=C(C=C(S3)CCC(=O)N4CCOCC4)C(=NC2)C5=CC=CC=C5Cl,0.2431097
CC(C1C2N(C1=O)C(=C(S2)C3CCCO3)C(=O)O)O,0.036182586
CN(C1CCN(CC1)C2=NC3=CC=CC=C3N2CC4=CC=C(C=C4)F)C5=NC=CC(=O)N5,0.7901648
CC1C(C(CC(O1)OC2CC(CC3=C2C(=C4C(=C3O)C(=O)C5=C(C4=O)C(=CC=C5)OC)O)(C(=O)CO)O)N6CCOC(C6)OC)O,0.9305471
CC1(C2=CC=CN2C3=CC=CC=C3CO1)CN4CCC(CC4)N5C6=CC=CC=C6NC5=O,0.6407395
C1=CC=C(C=C1)S(=O)(=O)NCCC2=CC=C(S2)OCC(=O)O,0.25887078
C1CC(=O)NC1C(=O)N2CSCC2C(=O)O,0.02809741
CC1N2C3=CC(=C(C=C3C(=O)C(=C2S1)C(=O)O)F)N4CCN(CC4)CC5=C(OC(=O)O5)C,0.11299044
CC1=C(C(C(=C(N1)N)C(=O)OC2CN(C2)C(C3=CC=CC=C3)C4=CC=CC=C4)C5=CC(=CC=C5)[N+](=O)[O-])C(=O)OC(C)C,0.75045323
CC1COC2=C3N1C=C(C(=O)C3=CC(=C2C4(CC4)N)F)C(=O)O,0.25170562
CNC1CCCN(C1)C2=C(C=C3C(=C2OC)N(C=C(C3=O)C(=O)O)C4CC4)F,0.14518508
CCOC1=C(C=CC(=C1)CC(=O)NC(CC(C)C)C2=CC=CC=C2N3CCCCC3)C(=O)O,0.4667442
CCCC1=NC2=C(N1CC3=CC=C(C=C3)C4=CC=CC=C4C(=O)O)C=C(C=C2C)C5=NC6=CC=CC=C6N5C,0.55145836
C1CCC(CC1)C(CCN2CCCCC2)(C3=CC=CC=C3)O.Cl,0.5599672
CN1CCCN=C1COC(=O)C(C2CCCCC2)(C3=CC=CC=C3)O.Cl,0.31870714
CN1CCC(CC1)OC(C2=CC=CC=C2)C3=CC=CC=C3.Cl,0.4688771
C[Si]1(N[Si](N[Si](N1)(C)C)(C)C)C,0.08578926
CC[N+]1(CCC(C1)OC(=O)C(C2=CC=CC=C2)(C3=CC=CC=C3)O)CC.[Br-],0.17592694
CCOC1=CC(=C(C=C1N2CCOCC2)OCC)[N+](=O)[O-],0.671505
C1=CC=C(C=C1)OC(=O)C2=C(C3=CC=CC=C3C=C2)O,0.72170365
C1=CC=C(C=C1)C(=O)NC2=CC=CC=C2SSC3=CC=CC=C3NC(=O)C4=CC=CC=C4,0.7874554
C1CCOC2(C1)CCCCO2,0.12649079
C1N(CSC(=S)N1CC2=CC=CC=C2)CC3=CC=CC=C3,0.67615676
C1=COC(=C1)C(=O)C(=O)C2=CC=CO2,0.38014892
C1CN(CCC12C(=O)NCN2C3=CC=CC=C3)CCCOC4=CC=C(C=C4)F,0.5987305
CC1=NC2=CC=CC=C2C(=O)O1,0.14894286
CCN(CCN1C(=NC2=C1C(=O)N(C(=O)N2C)C)CC3=CC=CC=C3)CCO.Cl,0.4376399
C1CCC2(CC1)OCC(O2)CN=C(N)N.C1CCC2(CC1)OCC(O2)CN=C(N)N.OS(=O)(=O)O,0.18426858
CC1CC(C(OC1C2CC(C(O2)C3(CCC(O3)C4(CCC5(O4)CC(C(C(O5)C(C)C6C(C(C(C(O6)(CC(=O)O)O)C)OC)OC)C)O)C)C)OC7CC(C(C(O7)C)OC)OC)(C)O)C.N,0.33526003
CC1=CC(=CC(=C1)C(=O)OC2CC3CCC(C2)N3C)C,0.30520457
CC1=C(C(=CC=C1)C(C)C2=CN=CN2)C.Cl,0.38433626
CC1=C(C(=O)N2CCSC2=N1)CCN3CCC(CC3)C(=O)C4=CC=C(C=C4)F,0.52542746
C1CN(CCC12CNC(=O)O2)CCC3=CC=CC=C3.Cl,0.3545926
C1=CC=NC(=C1)C(C2=CC=C(C=C2)OS(=O)(=O)[O-])C3=CC=C(C=C3)OS(=O)(=O)[O-].[Na+].[Na+],0.6513621
C1CN(CCN1CC2=CC=CC=C2)C(=O)C3=CC4=CC=CC=C4O3,0.17168666
C1=CC=C(C=C1)N2C=C(C(=N2)C3=CC=C(C=C3)Cl)CC(=O)O,0.24546106
C1CC1C(C2CC2)NC3=NCCO3,0.5677517
CN1CCN2C3=C(C=C(C=C3)OC)C4=C2C1=NCC4,0.31482172
CC12CCC3C(C1CCC2C(=O)NC(C)(C)C)CC=C4C3(CCC(=C4)C(=O)O)C,0.4050533
CC(C)(C)NCC(COC1=CC=C(C=C1)NC(=O)NC2CCCCC2)O,0.49335083
C1C2N1C(=O)N=C2N,0.011624614
CC1CCC2C(C(=O)OC3C24C1CCC(O3)(OO4)C)C,0.35700512
C1CCC(CC1)NC(=O)CN2CCNCC2,0.08932896
CCNC1CN(S(=O)(=O)C2=C1C=C(S2)S(=O)(=O)N)CCCOC,0.05669941
CC12CCC(=O)C=C1C3CC3C4C2CCC5(C4C6CC6C57CCC(=O)O7)C,0.7416657
C1=C(C=C(C(=C1S(=O)C2=C(C(=CC(=C2)Cl)Cl)O)O)Cl)Cl,0.92922163
C1CCN(C1)CC#CC(C2=CC=CC=C2)(C3=CC=CC=C3)O,0.6972723
CC12CCC3C(C1CCC2OC(=O)CCC4CCCC4)CCC5=C(C(=O)CCC35)O,0.591993
C1=CC=C(C=C1)SCCSC2=CC=CC=C2,0.68393224
C1=CC=C(C=C1)C2=C(N=CN2)C3=CC=CC=C3,0.6496354
CC1=CP(=O)(CC1)C2=CC=CC=C2,0.40491125
C1=CC=C(C=C1)OC(=O)C2=CC(=CC=C2)C(=O)OC3=CC=CC=C3,0.44207373
C1=CC=C(C=C1)[Si](C2=CC=CC=C2)(C3=CC=CC=C3)O,0.6001419
C1CCN(CC1)CN2CCCCC2,0.42898342
C1COCCN1CNC(=O)C2=NC=CN=C2,0.11338296
B(C1=CC=CC=C1)(C2=CC=CC=C2)C3=CC=CC=C3,0.81306523
C1=CC=C(C=C1)C[P+](C2=CC=CC=C2)(C3=CC=CC=C3)C4=CC=CC=C4.[Cl-],0.9225506
CC1=C(C(=CC=C1)C)NC(=O)CN2CCCC2=O,0.07021618
CCC12CCCN3C1C4=C(CC3)C5=CC=CC=C5N4C(=O)C2,0.4884802
CC(CNC(=O)C1=CN=CC=C1)NC(=O)C2=CN=CC=C2,0.048939165
CCOC1=CC=C(C=C1)C(C)(C)COCC2=CC(=CC=C2)OC3=CC=CC=C3,0.88272583
CC1=C(C(=CC=C1)C)NC(=O)CN2CCCCCC2,0.13365263
CC1=C(OC(=N1)C2=CC=C(C=C2)Cl)COC(C)(C)C(=O)O,0.2903716
CN1CC2CC1CN2C3=C(C=C4C(=C3)N(C=C(C4=O)C(=O)O)C5CC5)F,0.09789548
CC1C2C(C(=O)N2C(=C1SC3CN4C=NC=[N+]4C3)C(=O)[O-])C(C)O,0.14179432
CS(=O)(=O)O.C1CCC2(C1)CC(=O)N(C(=O)C2)CCNCC3COC4=CC=CC=C4O3,0.2034301
CN(C)C(CCOC1=CC=CC2=CC=CC=C21)C3=CC=CC=C3,0.6933783
CC(=O)C1=CC(=C(C=C1)OCCCN2CCC(CC2)C3=NOC4=C3C=CC(=C4)F)OC,0.7288168
CCN(CC)CCCN(C1CC2=CC=CC=C2C1)C3=CC=CC=C3.Cl,0.65057105
CCOC1=CC=CC=C1OCC2CNCCO2.Cl,0.11002976
CC1(C(N2C(S1)C(C2=O)NC(=O)C(C3=CC=CC=C3)N)C(=O)OC4C5=CC=CC=C5C(=O)O4)C.Cl,0.00013023819
C1=CC(=CC(=C1)Cl)C(C2=CC3=C(C=C2)N=CN3)N4C=CN=C4.Cl,0.7711833
COP(=O)(OC)SCN1C2=C(C=C(C=N2)Cl)OC1=O,0.72036654
CC1=C(C2=CC3=NC(=CC4=NC(=CC5=C(C(=C(N5)C=C1N2)C=C)C)C(=C4CCC(=O)[O-])C)C(=C3C)CCC(=O)[O-])C=C.[Na+].[Na+],0.44784653
C[N+]1(CCCCC1)CCC(C2=CC=CC=C2)(C3=CC=CC=C3)C(=O)N.[Br-],0.3707213
C1CN(CCN1CCCN2C3=CC=CC=C3C=CC4=CC=CC=C42)CCO.Cl.Cl,0.9012477
CC(C1=NC=NC=C1F)C(CN2C=NC=N2)(C3=C(C=C(C=C3)F)F)O,0.5775038
CCCC1=CC(=C(C=C1)OCC(=O)N2CCN(CC2)C(=O)COC3=C(C=C(C=C3)CCC)OC)OC,0.032456383
CC1=NC=C(C(=N1)N)CN(C=O)C(=C2CCOC(=O)S2)C,0.17156756
CC(C1=CC=CC=C1)NNC(=O)C2=CC=CC=C2,0.24118608
C1COCCN1CCCC2=CC=C(C=C2)COC3=CC=CC=C3,0.6991174
C1C2=C(C=CC(=C2)N)N=C3N1C(=O)C4=CC=CC=C43,0.38109222
CN(CCCNC(=O)C1CCCO1)C2=NC3=CC(=C(C=C3C(=N2)N)OC)OC.Cl,0.37688527
C1CCN(C1)NC(=O)NS(=O)(=O)C2=CC=C(C=C2)Cl,0.084995076
CC[N+](CC)(CC)CCOC(=O)C(C1CCCC1)C2CCCC2.[Br-],0.2949434
CC(=NCC1=CC=CC=C1)C2=CC=CC=C2O,0.7251614
C1=CC=C2C(=C1)C(=NN=C2NN)CC3=CC=NC=C3,0.740269
CC1=CC(=C2C3C4C(CCC5C4(CCCC5(C)C)CO3)(OC2=C1)C)O,0.6992667
CC1=C(N=CN1)C2=CC=C(C=C2)Cl,0.4558498
CC(CSC(=O)C)C(=O)N1CCCC1C(=O)NC(CC2=CC=CC=C2)C(=O)O,0.030253803
CCC1(CC2=CC=CC=C2O1)C3=NCCN3,0.1723743
C1CCC(CC1)C(=O)N2CC3C4=CC=CC=C4CCCN3C(=O)C2,0.0926964
CN1CCC(CC1)N(CC2=CC=CC=C2)C3=CC=CC=C3,0.6700987
C1CN(CCN1CC2=CC3=C(C=C2)OCO3)CC(=O)N4C5=CC=CC=C5SC6=CC=CC=C64,0.6327195
C1COCCN1CCOC(=O)C2=C(N=CC=C2)NC3=CC=CC(=C3)C(F)(F)F,0.70604867
C1=CC2=C(C=C1O)OC(=O)S2,0.3232735
CC(C1=CC=C(C2=CC=CC=C21)C3CCCCC3)C(=O)O,0.39270848
C[N+]12CCCCC1CCC(=C(C3=CC=CS3)C4=CC=CS4)C2.[Br-],0.8257673
C1C(C(OC2=CC(=CC(=C21)O)O)C3=CC(=C(C=C3)O)O)O,0.82113755
CC1=C(N=C(N=C1N)C(CC(=O)N)NCC(C(=O)N)N)C(=O)NC(C(C2=CN=CN2)OC3C(C(C(C(O3)CO)O)O)OC4C(C(C(C(O4)CO)O)OC(=O)N)O)C(=O)NC(C)C(C(C)C(=O)NC(C(C)O)C(=O)NCCC5=NC(=CS5)C6=NC(=CS6)C(=O)NCCC[S+](C)C)O.OS(=O)(=O)[O-],0.03203244
CC1CC(C(C(O1)OC2C(CC3(CO3)C(=O)C(C(C(C(OC(=O)C(C(C2C)OC4CC(C(C(O4)C)O)OC)C)C)C)O)C)C)O)N(C)C.OP(=O)(O)O,0.44480288
C1=CC2=C(C(=C1)OC3C(C(C(C(O3)CO)O)O)O)C(=O)C4=C(C2C5C6=C(C(=CC=C6)OC7C(C(C(C(O7)CO)O)O)O)C(=O)C8=C5C=C(C=C8O)C(=O)O)C=C(C=C4O)C(=O)O,0.47278622
CCOC(CN1CCN(CC1)CC(C)C(=O)C2=CC=CC=C2)C3=CC=CC=C3.Cl.Cl,0.2961077
CC(C)CC1C(=O)NC(C(=O)N2CCCC2C(=O)NC(C(=O)NC(C(=O)NC(C(=O)NC(C(=O)N3CCCC3C(=O)NC(C(=O)NC(C(=O)N1)CCCN)C(C)C)CC4=CC=CC=C4)CC(C)C)CCCN)C(C)C)CC5=CC=CC=C5,0.017994432
CCCN(CCOC1=C(C=C(C=C1Cl)Cl)Cl)C(=O)N2C=CN=C2,0.46581432
C1=CC=C(C(=C1)C2=NN=C(N=N2)C3=CC=CC=C3Cl)Cl,0.6710044
CCC(C)(CC)C1=NOC(=C1)NC(=O)C2=C(C=CC=C2OC)OC,0.512258
CC1=NC(=NC(=N1)OC)NC(=O)NS(=O)(=O)C2=C(SC=C2)C(=O)OC,0.04878633
CCCCOC1=CC=C(C=C1)OCCCN2CCOCC2.Cl,0.6707681
C1=CC=C(C=C1)COP(=O)(O)OCC2=CC=CC=C2,0.22355242
C1=CC=C(C=C1)CCCC2=CC=NC=C2,0.7591476
C1CCC(CC1)(C#N)N=NC2(CCCCC2)C#N,0.4455919
C1CC(CCC1C2=CC=C(C=C2)Cl)C3=C(C4=CC=CC=C4C(=O)C3=O)O,0.72271687
CCC1=C2CN3C(=CC4=C(C3=O)COC(=O)C4(CC)O)C2=NC5=C1C=C(C=C5)OC(=O)N6CCC(CC6)N7CCCCC7.Cl,0.50160456
COC1=C(C=C2C(=C1)CCC2=O)OC,0.23685238
CC[NH+]=C1C=CC(=C(C2=CC=C(C=C2)N(CC)CC)C3=CC=C(C=C3)N(CC)CC)C4=CC=CC=C14.[Cl-],0.91988117
C1=CC2=C(C=C1C3=CC4=C(C=C3)C(=O)OC4=O)C(=O)OC2=O,0.0477057
C1=CC=C(C=C1)COC(=O)N=NC(=O)OCC2=CC=CC=C2,0.64770377
C1=CC=C2C(=C1)N=NN2O,0.48056445
CC(C)(C1=CC=CC=C1)C2=CC(=C(C=C2)O)C(C)(C)C3=CC=CC=C3,0.9664806
CC1(COP(OC1)OC2=CC=CC=C2)C,0.31915197
C1=CC=C2C(=C1)C3=CC=CC=C3C2(C4=CC=C(C=C4)O)C5=CC=C(C=C5)O,0.9693049
C1COS(=O)O1,0.32491797
CN1CCCC1CC2=CNC3=C2C=C(C=C3)CCS(=O)(=O)C4=CC=CC=C4,0.342014
C12(C3(C(C(C(C1(C(C(C(C2(F)F)(F)F)(F)F)(F)F)F)(F)F)(F)F)(C(C(C(C3(F)F)(F)F)(F)F)(F)F)F)F)F,0.009535888
C1CC(C1)C(=O)C2=CC=CC=C2,0.20967896
CC1=CC(=C2C=C(C=CC2=N1)NC(=O)NC3=CC4=C(C=C(N=C4C=C3)C)N)N.Cl.Cl,0.752748
C1(=C(C1(Cl)Cl)Cl)Cl,0.4875489
C1COCCN1CCOCCN2CCOCC2,0.46466509
C1CCC2=NCCCN2CC1,0.27944884
C1CCC(CC1)N2CCCC2=O,0.33928716
C1=CC=C2C(=C1)C(=O)NN2,0.35837063
C1=CC=C(C=C1)COC(=O)C(=O)OCC2=CC=CC=C2,0.5247281
CC1=CC2=C(C=C1C(=C)C3=CC=C(C=C3)C(=O)O)C(CCC2(C)C)(C)C,0.7241836
CCC12COCN1COC2,0.23853174
CC(C)(C1=CC=CC=C1)C2=CC=C(C=C2)NC3=CC=C(C=C3)C(C)(C)C4=CC=CC=C4,0.9544579
C1CC=CCCC=C1,0.13496651
CC(C)(C1=CC=C(C=C1)OC2=CC=C(C=C2)N)C3=CC=C(C=C3)OC4=CC=C(C=C4)N,0.9640045
C1=CC(=CC=C1CC2=CC=C(C=C2)N3C(=O)C=CC3=O)N4C(=O)C=CC4=O,0.6172514
CC(=CC1C(C1(C)C)C(=O)OCN2C(=O)C3=C(C2=O)CCCC3)C,0.2976054
C1CN2C(=CC=C2C(=O)C3=CC=CC=C3)C1C(=O)O.C(C(CO)(CO)N)O,0.096383415
CS(=O)(=O)C1=C(C=CC(=C1)C(F)(F)F)C(=O)C2=C(ON=C2)C3CC3,0.35902238
C1=CC=C(C=C1)C[N+]2=CC=CC3=CC=CC=C32.[Cl-],0.8223416
C[Si](NC1CCCCC1)(NC2CCCCC2)NC3CCCCC3,0.48720568
COC1=C(C=C(C=C1)Cl)C(=O)NCCC2=CC=C(C=C2)S(=O)(=O)N,0.3087889
CC(C1CC1)C(CN2C=NC=N2)(C3=CC=C(C=C3)Cl)O,0.82916397
CCCN(CC)CC1COC2(O1)CCC(CC2)C(C)(C)C,0.3355607
CC1COC(O1)(CN2C=NC=N2)C3=C(C=C(C=C3)OC4=CC=C(C=C4)Cl)Cl,0.8159962
COC1=C(C=C(C=C1)C(=CC(=O)N2CCOCC2)C3=CC=C(C=C3)Cl)OC,0.83159435
CCC1=NN(C(=C1Cl)C(=O)NCC2=CC=C(C=C2)C(C)(C)C)C,0.52001256
CC1=CC(=NC(=N1)NC2=CC=CC=C2)C3CC3,0.7218833
C1=CC(=C2C(=C1)OC(O2)(F)F)C3=CNC=C3C#N,0.33724332
CSC(=O)C1=C2C(=CC=C1)N=NS2,0.34090343
C1CN(C(=N1)N[N+](=O)[O-])CC2=CN=C(C=C2)Cl,0.50633156
CC1=CC(=NC(=N1)NC(=O)NS(=O)(=O)C2=CC=CC=C2C(=O)OC3COC3)C,0.038854033
C1=CN=CC=C1CCCC2=CC=NC=C2,0.6726031
CC(C)(C)C1=CC(=CC(=C1O)C(C)(C)C)CCC(=O)NCCCCCCNC(=O)CCC2=CC(=C(C(=C2)C(C)(C)C)O)C(C)(C)C,0.726989
COC1=C(C=C2C(=C1)C(=NC(=N2)Cl)N)OC,0.6272334
C1CCC(=O)N(CC1)SSN2CCCCCC2=O,0.6632974
C1CC(=O)NC1C(=O)NC2CC2C3=CC=CC=C3,0.0332491
C1CC2CC1C3C2C(=O)N(C3=O)CCCCN4CCN(CC4)C5=NC=CC=N5,0.313293
CC1=C(SC=C1)C(=CCCN2CCCC(C2)C(=O)O)C3=C(C=CS3)C.Cl,0.27934977
CC1CCC2(C(C3C(O2)CC4C3(C(=O)CC5C4CCC6C5(CCC(C6)O)C)C)C)OC1,0.39548707
C1C(O1)COC2=CC=C(C=C2)CC3=CC=C(C=C3)OCC4CO4,0.84848833
CN(C)C1=CC=C(C=C1)C(=C2C=CC(=[N+](C)C)C=C2)C3=C4C=CC(=CC4=CC(=C3O)S(=O)(=O)[O-])S(=O)(=O)[O-].[Na+],0.7471349
C1C(O1)CN(CC2CO2)C3=CC=C(C=C3)CC4=CC=C(C=C4)N(CC5CO5)CC6CO6,0.53161514
CC1(C2=C(C=C(C=C2)OC)C(=O)N(C1=O)CCC3=CC=C(C=C3)S(=O)(=O)NC(=O)NC4CCCCC4)C,0.19951223
CC1=CC(=CC(=C1O)C(C)(C)C)CCC(=O)OCCOCCOCCOC(=O)CCC2=CC(=C(C(=C2)C)O)C(C)(C)C,0.7607617
CC(C)(C)C(C(N1C=NC=N1)OC2=CC=C(C=C2)C3=CC=CC=C3)O,0.7735414
C1C(C(C(=O)N1C2=CC=CC(=C2)C(F)(F)F)Cl)CCl,0.46537542
C1CCC(C1)N(CC2=CC=C(C=C2)Cl)C(=O)NC3=CC=CC=C3,0.63245326
CCCOCC(=NC1=C(C=C(C=C1)Cl)C(F)(F)F)N2C=CN=C2,0.7504033
C1=CC(=C(C(=C1)F)C(=O)NC(=O)NC2=CC(=C(C(=C2)Cl)OC3=C(C=C(C=N3)C(F)(F)F)Cl)Cl)F,0.8643945
C1=CC=C(C(=C1)C(CN2C=NC=N2)(C3=CC=C(C=C3)F)O)F,0.7498484
CC1=CC=CC=C1COC2CC3(CCC2(O3)C)C(C)C,0.47687778
C1COC(O1)CON=C(C2=CC=C(C=C2)Cl)C(F)(F)F,0.7179179
CC(COC1=CC=C(C=C1)OC2=CC=CC=C2)OC3=CC=CC=N3,0.8553015
CCC(C)SP(=O)(N1CCSC1=O)OCC,0.6076938
CC1=NC2=NC(=NN2C=C1)S(=O)(=O)NC3=C(C=CC=C3F)F,0.5602186
CN1C(=C(C(=N1)Cl)C(=O)OC)S(=O)(=O)NC(=O)NC2=NC(=CC(=N2)OC)OC,0.24660252
C1=CC(=C(C(=C1)F)C(=O)NC(=O)NC2=C(C=C(C=C2)OC3=C(C=C(C=C3)C(F)(F)F)Cl)F)F,0.7870534
CC(C)CC1=C(C(=NC(=C1C(=O)OC)C(F)F)C(F)(F)F)C2=NCCS2,0.5887821
C1CC(CCC1=O)(C#N)C2=CC=C(C=C2)F,0.4940519
C1CCN(CC1)CCC(C2CC3CC2C=C3)(C4=CC=CC=C4)O.Cl,0.5914607
CC1C(C2=C(C1(C)C)C(=O)CCC2)(C)C,0.7176843
CC(CSC(=O)C1=CC=CC=C1)C(=O)N2CC(CC2C(=O)O)SC3=CC=CC=C3,0.21426424
C#CCN1C(=O)COC2=CC(=C(C=C21)N3C(=O)C4=C(C3=O)CCCC4)F,0.320049
C1CN1CCC(=O)OCC(CO)(COC(=O)CCN2CC2)COC(=O)CCN3CC3,0.33629498
CC1=C(C(=CC=C1)C)OCC(=O)NC(CC2=CC=CC=C2)C(CC(CC3=CC=CC=C3)NC(=O)C(C(C)C)N4CCCNC4=O)O,0.091131
CC(=O)C1=CCC2C1(CCC3C2CC=C4C3(CCC(C4)OC(=O)C)C)C,0.6717044
CC1=CC(=O)C2CC1C2(C)C,0.66092783
C1C(NCS1)C(=O)O,0.093577616
CC1(C(N2C(S1)C(C2=O)NC(=O)C(C3=CC=CC=C3)C(=O)OC4=CC5=C(CCC5)C=C4)C(=O)O)C,0.00037452579
CC1=CC(=C(C(=C1CN2C(=O)N(C(=O)N(C2=O)CC3=C(C(=C(C=C3C)C(C)(C)C)O)C)CC4=C(C(=C(C=C4C)C(C)(C)C)O)C)C)O)C(C)(C)C,0.8487885
C1=CC=C(C=C1)NC(=O)NC2=CC(=NC=C2)Cl,0.8316796
CC1(C(C(C2=C(O1)C=CC(=C2)C#N)N3CCCC3=O)O)C,0.44046924
COC(=O)CSC1=C(C=C(C(=C1)N=C2N3CCCCN3C(=O)S2)F)Cl,0.5143293
CC1=CC=C(C=C1)S(=O)(=O)O.C1CN(CC1N)C2=C(C=C3C(=O)C(=CN(C3=N2)C4=C(C=C(C=C4)F)F)C(=O)O)F,0.31334525
CC1(C2=CC=CC=C2N(C3=CC=CC=C31)CCCN(C)C)C,0.9117599
CC(C)(C1=CC=C(C=C1)OC2=CC3=C(C=C2)C(=O)OC3=O)C4=CC=C(C=C4)OC5=CC6=C(C=C5)C(=O)OC6=O,0.8436088
CC(C)(C)C1(CO1)CCC2=CC=C(C=C2)Cl,0.52628756
COC(=O)C1CC(=O)C(CC1=O)C(=O)OC,0.23744331
C1CC2=C(C=C3C=CC4=C5C3=C2C=CC5=CC=C4)C(=O)C1,0.8619087
C1CC2C(C1)C3CC2CC3=O,0.35165414
CC(COCC(C)OC(=O)C1=CC=CC=C1)OC(=O)C2=CC=CC=C2,0.35374463
C[N+]1(CCN(CC1)CC(C2CCCCC2)(C3=CC=CC=C3)O)C.COS(=O)(=O)[O-],0.21496578
CN1C(CCCC1CC(=O)C2=CC=CC=C2)CC(C3=CC=CC=C3)O,0.31911123
CC12CCC3C(C1CCC2OC(=O)CCC4CCCCC4)CCC5=CC(=O)CCC35,0.68866634
CC(CNC1CCCCC1)OC(=O)C2=CC=CC=C2.Cl,0.2112895
CC1CC(CC(N1C)(C)C)OC(=O)C(C2=CC=CC=C2)O.Cl,0.2454812
C1CC2C(C1)C3CC2CC3(C4=CC=C(C=C4)O)C5=CC=C(C=C5)O,0.9673492
CC1C2CC(C1(C)C)CC2C3CCCC(C3)O,0.41295412
CC(C1C2CC(=C(N2C1=O)C(=O)O)SCCN=CN)O,0.07992161
CC1=C(N(N=C1C(=O)NN2CCCCC2)C3=C(C=C(C=C3)Cl)Cl)C4=CC=C(C=C4)Cl,0.71187925
CC(C)(C)C1=CC=C(C=C1)S(=O)(=O)NC2=C(C(=NC(=N2)C3=NC=CC=N3)OCCO)OC4=CC=CC=C4OC,0.7284712
C1CN(CCN1CCCC2=CC=CC=C2)CCOC(C3=CC=C(C=C3)F)C4=CC=C(C=C4)F.Cl.Cl,0.81289923
COC(=O)C12CC3=C(C1=NN(CO2)C(=O)N(C4=CC=C(C=C4)OC(F)(F)F)C(=O)OC)C=CC(=C3)Cl,0.7530842
CC(=O)SCC(CC1=CC=CC=C1)C(=O)NCC(=O)OCC2=CC=CC=C2,0.22774035
CC1=NN(C(=C1C=NOCC2=CC=C(C=C2)C(=O)OC(C)(C)C)OC3=CC=CC=C3)C,0.54638046
CCN(CC)CC1CCCCN1CC(=O)N2C3=CC=CC=C3C(=O)NC4=C2N=CC=C4,0.17253955
C1=CC=C(C(=C1)C2C(O2)(CN3C=NC=N3)C4=CC=C(C=C4)F)Cl,0.76246804
CC(C)(C)OC(=O)C1=C2C3CCCN3C(=O)C4=C(N2C=N1)C=CC=C4Br,0.39760107
CN1CCC2=CC(=C(C=C2C3C1CCC4=CC=CC=C34)O)Cl,0.63342047
CN1C=C(C2=CC=CC=C21)C(=O)C3CCC4=C(C3)NC=N4.Cl,0.52739483
CCC1=C(C2=NC1=CC3=C(C(=C([O-])[O-])C(=N3)C(=C4C(C(C(=N4)C=C5C(=C(C(=C2)[N-]5)C=C)C)C)CCC(=O)[O-])CC(=O)[O-])C)C.[Na+].[Na+].[Na+].[Cu+2],0.4747457
C1CC(CCC1NCC2=C(C(=CC(=C2)Br)Br)N)O.Cl,0.4885569
CC1(CCC(C2=C1C=CC(=C2)NC(=O)C3=CC=C(C=C3)C(=O)O)(C)C)C,0.62498385
CC1=CC2=C(C3C4C5C6=C(C(=C7C(=C6C(N4C(C(C2)N3C)O)COC(=O)C8(CS5)C9=CC(=C(C=C9CCN8)O)OC)OCO7)C)OC(=O)C)C(=C1OC)O,0.22787136
CC1CC2=C(CC1(C)C(=O)C)C(CCC2)(C)C,0.60398453
CC(C)C1N(CCO1)CCOC(=O)NCCCCCCNC(=O)OCCN2CCOC2C(C)C,0.2611557
CN1CC(=O)N2C(C1=O)CC3=C(C2C4=CC5=C(C=C4)OCO5)NC6=CC=CC=C36,0.25637797
CC12CCC3C(C1CCC2OC(=O)CCC4=CC=CO4)CCC5=CC(=O)CCC35,0.6625715
CC(=O)OCC(=O)C1(CCC2C1(CC=C3C2CCC4=CC(=O)CCC43C)C)O,0.6480362
C1=CC=C(C=C1)COC2=CC=C(C=C2)S(=O)(=O)C3=CC=C(C=C3)O,0.8082974
C1C(C(C(=O)O1)CC2=CC(=CC=C2)O)CC3=CC(=CC=C3)O,0.47736722
CN1C(=O)CC(NC1=O)C(=O)NC(CC2=CN=CN2)C(=O)N3CCCC3C(=O)N,0.01248793
CC(C)CC1C(=O)N2CCCC2C3(N1C(=O)C(O3)(C(C)C)NC(=O)C4CC5C(CC6=CNC7=CC=CC5=C67)N(C4)C)O,0.02300299
CC1=C(C=C(C(=O)N1)C#N)C2=CN3C=CN=C3C=C2.Cl,0.45205396
CCCC(=O)N1CCCN(CC1)C2=NC3=CC(=C(C=C3C(=N2)N)OC)OC.Cl,0.48411673
C1CCC2C(C1)C(=O)N(C2=O)CCCCN3CCN(CC3)C4=NSC5=CC=CC=C54.Cl,0.42726284
CN(C1CCCCC1)S(=O)(=O)C2=CC=CC=C2N,0.43757835
CC(=O)CC(=O)NC1=CC2=C(C=C1)NC(=O)N2,0.21528557
CCCC1C(=CC(=CN1C2=CC=CC=C2)CC)CC,0.5867448
CC1=C(C(C(=C(N1)C)P2(=O)OCC(CO2)(C)C)C3=CC(=CC=C3)[N+](=O)[O-])C(=O)OCCN(CC4=CC=CC=C4)C5=CC=CC=C5,0.8326479
C1CC1(C(CC2=CC=CC=C2Cl)(CN3C=NC=N3)O)Cl,0.7179107
CCOC1=CC(=C(C=C1C(=O)NCC2CN(CCO2)CC3=CC=C(C=C3)F)Cl)N.C(C(=O)O)C(CC(=O)O)(C(=O)O)O,0.31295925
CC1=CC2=C(C=C1)OCC(=O)CO2,0.17204405
COC(=O)C1=CC=CC=C1C(=O)C2=CC=C(C=C2)OCCN3CCCCC3.Cl,0.46121454
CC1=C(C(C(=C(N1)C)C(=O)OCCC2=CC=C(C=C2)N3CCN(CC3)C(C4=CC=CC=C4)C5=CC=CC=C5)C6=CC(=CC=C6)[N+](=O)[O-])C(=O)OC,0.80063903
C1=CC=C2C(=C1)C=C(N2CC(=O)O)C(=O)NC3=NC(=CS3)C4=CC=CC=C4Cl,0.31187308
C1C(C(C(CC1(C(=O)O)OC(=O)C=CC2=CC(=C(C=C2)O)O)OC(=O)C=CC3=CC(=C(C=C3)O)O)O)O,0.5150953
CC1=CC(=O)C(C(=O)O1)C(=O)C,0.27827623
CC1=C(C=C(C=C1)NC(=O)C2=CC=C(C=C2)CN3CCN(CC3)C)NC4=NC=CC(=N4)C5=CN=CC=C5.CS(=O)(=O)O,0.62273824
CN(C)CCC1=CNC2=C1C=C(C=C2)CS(=O)(=O)N3CCCC3,0.16509412
CC1=NC=C(C=C1)C2=C(C=C(C=N2)Cl)C3=CC=C(C=C3)S(=O)(=O)C,0.39637306
CC(=CC1C(C1(C)C)C(=O)OCN2C(=O)CN(C2=O)CC#C)C,0.17953125
COC1=C(C=C2C(=C1)N=CN=C2NC3=CC(=C(C=C3)F)Cl)OCCCN4CCOCC4,0.8651777
C1CC2=C(CC1NS(=O)(=O)C3=CC=C(C=C3)F)C4=CC=CC=C4N2CCC(=O)O,0.18266243
COC1=C(C=CC(=C1)CCC(=O)CC(=O)CCC2=CC(=C(C=C2)O)OC)O,0.19160663
CC1N2C3=CC(=C(C=C3C(=O)C(=C2S1)C(=O)O)F)N4CCNCC4,0.14323564
CS(=O)(=O)NC1=C(C=C2C(=C1)OC=C(C2=O)NC=O)OC3=CC=CC=C3,0.54032105
CCN1CCN(CC1)C2=NC3=C(CCCCCC3)C(=C2)C4=CC=C(C=C4)F,0.5711474
CC12C(CC(O1)N3C4=CC=CC=C4C5=C6C(=C7C8=CC=CC=C8N2C7=C53)CNC6=O)(CO)O,0.7814693
CCOC1=CC=CC=C1OC(C2CNCCO2)C3=CC=CC=C3.CS(=O)(=O)O,0.34713164
C1CSC2=NC(=O)C(C(=O)N21)CC3=CC=C(C=C3)Cl,0.34454048
C1CN(CC=C1C2=CC(=CC=C2)C(F)(F)F)CCC3=CC4=CC=CC=C4C=C3.Cl,0.80304754
C1=CC(=C(C(=C1)F)CN2C=C(N=N2)C(=O)N)F,0.18074559
CCCC1=NC(=C(N1CC2=CC=C(C=C2)C3=CC=CC=C3C4=NNN=N4)C(=O)OCC5=C(OC(=O)O5)C)C(C)(C)O,0.47013032
C1=CC2=NC=C(N2C=C1)CC(O)(P(=O)(O)O)P(=O)(O)O,0.010616604
CCCCCCCCCCCCCCCCCCNC(=O)OC1CCN(CC1)C(=O)OCC(COC(=O)N(CC2=CC=CC=[N+]2CC)C(=O)C3=CC=CC=C3OC)OC.[Cl-],0.51887065
CC(C)CN(CC(C(CC1=CC=CC=C1)NC(=O)OC2CCOC2)OP(=O)([O-])[O-])S(=O)(=O)C3=CC=C(C=C3)N.[Ca+2],0.09683258
C1CN(CCC1N)C2=NC(=CC=C2)Cl.Cl,0.41752923
CCCCCOC1=C(C=C(C=C1)C2C(=O)NC(=O)S2)OCC,0.379134
CCN1C=CN=C1CC2COC3=CC=CC=C3O2,0.24937263
C1CCC2(C1)CC(=O)NC(=O)C2,0.19537036
C1=CC=C(C=C1)N2C=NN=N2,0.29547882
CN(C)CCCC1(C2=C(CO1)C=C(C=C2)C#N)C3=CC=C(C=C3)F.C(=O)(C(=O)O)O,0.64786613
C#CCC(CC1=CN=C2C(=N1)C(=NC(=N2)N)N)C3=CC=C(C=C3)C(=O)NC(CCC(=O)O)C(=O)O,0.2232491
CC(C)(C)C(C(=O)NC(CC1=CC=CC=C1)C(CN(CC2=CC=C(C=C2)C3=CC=CC=N3)NC(=O)C(C(C)(C)C)NC(=O)OC)O)NC(=O)OC,0.08628216
COC1=C(C=CC(=C1)NS(=O)(=O)C)NC2=C3C=CC=CC3=NC4=CC=CC=C42.Cl,0.7875826
C1=CC(=CC=C1C2C(C(=O)N2C3=CC=C(C=C3)F)CCC(C4=CC=C(C=C4)F)O)O,0.82573736
CC1=C(C(C(=C(N1)C)C(=O)OCCN2CCN(CC2)C(C3=CC=CC=C3)C4=CC=CC=C4)C5=CC(=CC=C5)[N+](=O)[O-])C(=O)OC.Cl.Cl,0.82197875
COC1=C(C=C(C=C1)C2(CCC(CC2)C(=O)O)C#N)OC3CCCC3,0.46455288
CNC1CCC2=C(C1)C3=C(N2)C=CC(=C3)C(=O)N.C(CC(=O)O)C(=O)O.O,0.14566092
CCC1(CC(C2=C(C3=C(C=C2C1C(=O)OC)C(=O)C4=C(C3=O)C(=CC=C4)O)O)OC5CC(C(C(O5)C)OC6CC(C(C(O6)C)OC7CCC(=O)C(O7)C)O)N(C)C)O.Cl,0.8837681
CCOC1=C(C=CC(=C1)C(C)(C)C)C2COC(=N2)C3=C(C=CC=C3F)F,0.7462874
C1CN(CCN1CC(COC2=CC=CC3=C2C=CC=N3)O)C4C5=CC=CC=C5C6C(C6(F)F)C7=CC=CC=C47.Cl.Cl.Cl,0.49061993
C1CN2CCC1C(C2)OC(=O)N3CCC4=CC=CC=C4C3C5=CC=CC=C5.Cl,0.41963914
CC1=C(N(C2=C1C=C(C=C2)O)CC3=CC=C(C=C3)OCCN4CCCCCC4)C5=CC=C(C=C5)O.CC(=O)O,0.85831285
COC1=CC=CC2=C3C(=C(C=C21)[N+](=O)[O-])C(=CC4=C3OCO4)C(=O)[O-].[Na+],0.7333907
CC(C)(C)NCC(CSC1=NC(=CS1)C2=CC=C(S2)C(=O)N)O.Cl,0.2729388
CN1CCOC(C2=CC=CC=C2C1)C3=CC=CC=C3.Cl,0.25580654
C1COCCN1C(=O)NCCNCC(COC2=CC=C(C=C2)O)O,0.14942169
CC1=CN=C(C(=C1OC)C)CSC2=NC3=C(N2)C=C(C=C3)OC,0.82202464
C1CN(CCC1CC2=CC=C(C=C2)F)CCS(=O)C3=CC4=C(C=C3)NC(=O)O4,0.6682429
CC1C(CCN1CC2=CC=CC=C2)NC(=O)C3=CC(=C(C=C3OC)NC)Cl,0.18425187
C=CC(=O)NC1=C(C=C2C(=C1)C(=NC=N2)NC3=CC(=C(C=C3)F)Cl)OCCCN4CCOCC4,0.90806586
CC(C1=CC=CC2=CC=CC=C21)NCCCC3=CC(=CC=C3)C(F)(F)F.Cl,0.62548435
CC1=CC=C(C=C1)N2C(=CC(=N2)C(C)(C)C)NC(=O)NC3=CC=C(C4=CC=CC=C43)OCCN5CCOCC5,0.8396948
C1C2C3=CC=CC=C3CC4=CC=CC=C4N2C(=N1)N.Cl,0.505356
CC1C2=C(CN1)C=C(C=C2)C3=C(C4=C(C=C3)C(=O)C(=CN4C5CC5)C(=O)O)OC(F)F.CS(=O)(=O)O.O,0.33183265
CC1=C(C(C(=C(N1)C)C(=O)OC(C)(C)CN(C)CCC(C2=CC=CC=C2)C3=CC=CC=C3)C4=CC(=CC=C4)[N+](=O)[O-])C(=O)OC.Cl,0.8882831
CCCCC(C1(CCC2C(O1)CC(=O)C2CCCCCCC(=O)O)O)(F)F,0.2864841
CC1=NC(=C(O1)C2=CC(=C(C=C2)S(=O)(=O)N)F)C3CCCCC3,0.206204
C1=CC(=CC=C1CCOC2C(C(C(C(O2)CO)O)O)O)O,0.5405347
CN1CCN(CC1)C2=NN=C3C(=C2)N(C4=CC=CC=C4O3)C,0.5820257
C1CCN(CC1)CCOC(C2=CC=CC=C2)C3=CC=C(C=C3)Cl.Cl,0.7007958
C1=CC=C(C=C1)[P+](CCCCC(=O)O)(C2=CC=CC=C2)C3=CC=CC=C3.[Br-],0.875292
C1CN(CCN1CC2=CC3=C(C=C2)OCO3)C(=O)COC4=CC=C(C=C4)Cl.Cl,0.10166699
C1CCCCCC(=O)CCCC=CCCCC1,0.063527994
CN1CC2C(C1)C3=C(C=CC(=C3)Cl)OC4=CC=CC=C24,0.52695096
CC1C(C(CC(O1)OC2CC(OC(C2O)C)OC3=CC4=CC5=C(C(=O)C(C(C5)C(C(=O)C(C(C)O)O)OC)OC6CC(C(C(O6)C)O)OC7CC(C(C(O7)C)O)OC8CC(C(C(O8)C)O)(C)O)C(=C4C(=C3C)O)O)O)O,0.73063314
C1CNCCN(C1)S(=O)(=O)C2=CC=CC3=C2C=CN=C3.Cl,0.20625703
CC1(OCC(O1)COC(=O)CCC2=CC=C(C=C2)OCC(CNCCNC(=O)N3CCOCC3)O)C.Cl,0.11208078
CC1=CC(=C(C(=C1)C)C(=O)P(=O)(C2=CC=CC=C2)C3=CC=CC=C3)C,0.6421571
CC[N+]1(CCCCC1)CCOC(=O)C(C2=CC=CC=C2)(C3=CC=CC=C3)O.[Br-],0.2804941
C1CC2C(C(C1O2)C(=O)O)C(=O)O,0.05516965
C[N+]1(CCCCC1)CC2COC(O2)(C3CCCCC3)C4=CC=CC=C4.[I-],0.6352116
CCN1CCC2=C(CC1)OC(=N2)N.Cl.Cl,0.23262273
CC1=C(N=C(O1)C2=CC=CC=C2)CCOC3=CC=C(C=C3)CC(C(=O)O)NC4=CC=CC=C4C(=O)C5=CC=CC=C5,0.42093906
CC1=NC2=C(C1(C)C)C3=CC=CC=C3C=C2,0.7695131
C1=CC=C2C=C3C(=CC2=C1)C(=NC3=N)N,0.4499325
COC1=CC=CC2=C1C3CN(CC3CO2)CCCCN4C(=O)C5=C(C6=NC(=CN=C6S5)C7=CC=CC=C7)NC4=O.Cl,0.760169
CC1=C(C2=C(C=C1)N=C(S2)C3=CC=C(C=C3)N)S(=O)(=O)O,0.52971894
CN1CCN(CC1)C2=C(C=C3C4=C2SCCN4C=C(C3=O)C(=O)O)F.Cl,0.12604016
CN1C=C(C2=CC=CC=C21)C3=C(C(=O)NC3=O)C4=CN(C5=CC=CC=C54)C6CCN(CC6)CC7=CC=CC=N7,0.6181919
CCC(C)(C)C(=O)OC1=C(C(=O)OC12CCCCC2)C3=C(C=C(C=C3)Cl)Cl,0.7108909
CC1(C2CC(=O)C3(C(C24COC(=O)CC4O1)CCC5(C36C(O6)C(=O)OC5C7=COC=C7)C)C)C,0.37619707
C(C1C(C(C(C(O1)OC2C(C(C(C(O2)CO)O)O)O)O)O)O)O.O.O,0.10023327
CNC1(CCCCC1=O)C2=CC=CC=C2Cl,0.21275797
CCOCCN1C2=CC=CC=C2N=C1C3CCN(CC3)CCC4=CC=C(C=C4)C(C)(C)C(=O)O,0.7157064
CC1=NC2(C(O1)CC3C2(CC(C4C3CCC5=CC(=O)C=CC45C)O)C)C(=O)COC(=O)C,0.45950273
CCOC1C(C(C(O1)C(COCC2=CC=CC=C2)OCC3=CC=CC=C3)OCC4=CC=CC=C4)O,0.6967475
C1CCN(CC1)CC2CCCCC2=O,0.29594794
C1CCN(CC1)C(=O)C2CCC(=O)N2,0.0662697
C1=CC2=C(C(=C1)Cl)SC=C2COC(CN3C=CN=C3)C4=C(C=C(C=C4)Cl)Cl.[N+](=O)(O)[O-],0.8738727
COC1=C(C=C2C(=C1O)C3C(C(C(C(O3)CO)O)O)OC2=O)O.O,0.3524965
CC1CC(C(C(O1)OC2C(CC3(CO3)C(=O)C(C(C(C(OC(=O)C(C(C2C)OC4CC(C(C(O4)C)OC(=O)C)OC)C)C)C)OC(=O)C)C)C)OC(=O)C)N(C)C,0.4273011
CCCN1CCCC(C1)C2=CC(=CC=C2)O.Cl,0.41233137
C1CCNC(C1)C2=CN=CC=C2,0.109613396
CC1=C(N=C(O1)C2=CC=CC=C2)CCOC3=CC=C(C=C3)CN(CC(=O)O)C(=O)OC4=CC=C(C=C4)OC,0.2893058
C1CCC(CC1)C(CCN2CCCC2)(C3=CC=CC=C3)O.Cl,0.50492465
CCOC(CC1=CC=C(C=C1)OCCC2=CC=C(C=C2)OS(=O)(=O)C)C(=O)O,0.36653814
CCC(=O)NCCC1CCC2=C1C3=C(C=C2)OCC3,0.70163995
CS(=O)(=O)CCNCC1=CC=C(O1)C2=CC3=C(C=C2)N=CN=C3NC4=CC(=C(C=C4)OCC5=CC(=CC=C5)F)Cl,0.7925143
C1CCN(CC1)CC(CON=C(C2=C[N+](=CC=C2)[O-])Cl)O,0.6660018
CC1=C2CCC(C(=O)N2C3=CC=CC=C13)CC4=C(NC=N4)C,0.36739475
C1COCCN1C2=CC3=C(C=C2C(F)(F)F)NC(=O)C(=O)N3CP(=O)(O)O,0.33568797
CCC1=CC(=CC(=C1C2=C(N3CCOCCN3C2=O)OC(=O)C(C)(C)C)CC)C,0.3924348
C1=CC=C(C(=C1)C2=CC=C(C=C2)Cl)NC(=O)C3=C(N=CC=C3)Cl,0.7774986
CC1(CCCCC1)C(=O)NC2=C(C(=C(C=C2)O)Cl)Cl,0.75791484
CC1(C(=O)N(C(=O)O1)NC2=CC=CC=C2)C3=CC=C(C=C3)OC4=CC=CC=C4,0.5354657
C1COCCN1S(=O)(=O)C2=CC=C(C=C2)NC(=O)C3=C(C=CC(=C3)Cl)NS(=O)(=O)C4=CC=C(S4)Cl,0.31751612
CC(C)CN(CC(C(CC1=CC=CC=C1)NC(=O)OC2COC3C2CCO3)O)S(=O)(=O)C4=CC=C(C=C4)N,0.16986836
C1=CC=C(C(=C1)C2=NN(C(=N2)C3=CC=CC=C3O)C4=CC=C(C=C4)C(=O)O)O,0.46336755
CC1=CC=C(C=C1)C=NN2C(=CSC2=S)C3=CC=CC=C3,0.7020663
CC1=CC2=C(C=C1CC(=O)C3=C(C=CS3)S(=O)(=O)NC4=C(C(=NO4)C)Cl)OCO2,0.16959509
CC(C)C(=O)OCC1=CC(=CC=C1)OC(=O)C2C(SC3N2C(=O)C3NC(=O)CC4=CC=CC=C4)(C)C,0.00027252332
C1CC(=O)NC(=O)C1N2CC3=C(C2=O)C=CC=C3N,0.10228866
CC1=CC(=O)OC2=C1C=CC(=C2)OC3C(C(C(CS3)O)O)O,0.5179933
CNC(=O)C1=CN(N=C1)C2=NC(=C3C(=N2)N(C=N3)C4C(C(C(O4)CO)O)O)N,0.56408125
CC1C2CCC3(C=CC(=O)C(=C3C2OC1=O)C)C,0.6527956
CC12CCC3C(C1CCC2O)CCC4=C3C=CC(=C4)OC(=O)C5=CC=CC=C5,0.69022983
CC12CCC3C(=CCC4=C3C=CC(=C4)O)C1CCC2=O,0.8103165
CC12CCC3C(C1CCC2OC(=O)CCC4=CC=CC=C4)CCC5=CC(=O)CCC35,0.6614316
CC12CCC(CC1O2)C3(CO3)C,0.11001236
C1CCCCCCCOC(=O)CCCCCC1,0.082738295
CCCCCCC(=O)OC1CCC2C1(CCC3C2CCC4C3(C(=CC(=O)C4)C)C)C,0.5992022
CC1=CC2C(CCC3(C2CC(=C)C3(C(=O)C)OC(=O)C)C)C4(C1=CC(=O)CC4)C,0.9117099
CC(C)(CCCC(CC(=O)OC)(C(=O)OC1C2C3=CC4=C(C=C3CCN5C2(CCC5)C=C1OC)OCO4)O)O,0.34355983
C1C(ON=C1Cl)C(C(=O)O)N,0.17711139
CC1=CC=C(C=C1)S(=O)(=O)O.C1CCC2=C(C1)C=CC=C2NC3=NCCN3,0.25713733
CCN(CC)CCOC(=O)C(CC1CCCO1)CC2=CC=CC3=CC=CC=C32.C(=O)(C(=O)O)O,0.3036835
CC1CCC2=C(C1)OC=C2C,0.17507665
B(C(CC(C)C)NC(=O)C(CC1=CC=CC=C1)NC(=O)C2=NC=CN=C2)(O)O,0.05311108
CC(C)C1=NC(=CS1)CN(C)C(=O)NC(C(C)C)C(=O)NC(CC2=CC=CC=C2)CC(C(CC3=CC=CC=C3)NC(=O)OCC4=CN=CS4)O,0.0973141
CC1(CCC2(CCC3(C(C2C1)C(=O)C=C4C3(CCC5C4(C=C(C(=O)C5(C)C)C#N)C)C)C)C(=O)OC)C,0.7136985
CC1=CC=C(C=C1)S(=O)(=O)O.CNC(=O)C1=NC=CC(=C1)OC2=CC=C(C=C2)NC(=O)NC3=CC(=C(C=C3)Cl)C(F)(F)F,0.74811524
CC1C(C(C(C(O1)OC2CC(C3(C4C(CCC3(C2)O)C5(CCC(C5(CC4O)C)C6=CC(=O)OC6)O)CO)O)O)O)O,0.4886075
C1C(C(OC1N2C=NC3=C2NC=NCC3O)CO)O,0.21551941
C1CN2CC3=CCOC4CC(=O)N5C6C4C3CC2C61C7=CC=CC=C75,0.5934324
CC1C2CCC3C2(CCC4C3CC=C5C4(CCC(C5)N(C)C)C)CN1C,0.5846424
CC1CC(=O)C=C(C12C(=O)C3=C(O2)C(=C(C=C3OC)OC)Cl)OC,0.59801173
CC(CN1C2=CC=CC=C2SC3=CC=CC=C31)CN(C)C.CC(CN1C2=CC=CC=C2SC3=CC=CC=C31)CN(C)C.C(C(C(=O)O)O)(C(=O)O)O,0.8954006
CN1C(=NN=N1)SCC2=C(N3C(C(C3=O)(NC(=O)C(C4=CC=C(C=C4)O)C(=O)[O-])OC)OC2)C(=O)[O-].[Na+].[Na+],0.008358805
C1=CN=C(N=C1)[N-]S(=O)(=O)C2=CC=C(C=C2)N.[Ag+],0.048757207
CC(=O)OC1C(CC2C1(CCC3C2CCC4C3(CC(C(C4)O)N5CCOCC5)C)C)[N+]6(CCCC6)CC=C,0.48625362
C1CC1NC2=C3C(=NC(=N2)N)N(C=N3)C4CC(C=C4)CO,0.6354122
CC1CC2C3CCC4=CC(=O)C=CC4(C3(C(CC2(C1(C(=O)CCl)OC(=O)C5=CC=CO5)C)O)Cl)C,0.63965
CC1=C(OC2=C(C1=O)C=CC=C2C(=O)OCCN3CCCCC3)C4=CC=CC=C4.Cl,0.51763
C1C(C(C(C(C1N)OC2C(C(C(C(O2)CO)O)O)N)OC3C(C(C(O3)CO)OC4C(C(C(C(O4)CN)O)O)N)O)O)N.OS(=O)(=O)O,0.14865234
CC(=O)NCC1CN(C(=O)O1)C2=CC(=C(C=C2)N3CCOCC3)F,0.08697744
COC1=C(C=C2C(=C1)C34CCN5C3CC6C7C4N2C(=O)CC7OCC=C6C5)OC,0.5403732
C1C2=CC(=C(C=C2C3C1(COC4=C3C=CC(=C4O)O)O)O)O,0.79589057
C1CCN2C(C1)C34CC2C=CC3=CC(=O)O4,0.3857979
CC1CC2C(C(C3(O2)CCC4C5CC=C6CC(CCC6(C5CC4=C3C)C)O)C)NC1,0.64259446
CCCCCOC(=O)COC1=C(C=C(C(=C1)N2C(=O)C3=C(C2=O)CCCC3)F)Cl,0.2824049
CN(C)C1=NC=NC2=C1N=CN2C3C(C(C(O3)CO)NC(=O)C(CC4=CC=C(C=C4)OC)N)O.Cl.Cl,0.20800008
CN1C2=CC=CC=C2C(=NC(C1=O)NC(=O)C3=CC4=CC=CC=C4N3)C5=CC=CC=C5,0.42169592
CC1C=CC=CCCC=CC=CC=CC=CC(CC2C(C(CC(O2)(CC(C(CCC(CC(CC(CC(=O)OC(C(C1O)C)C)O)O)O)O)O)O)O)C(=O)O)OC3C(C(C(C(O3)C)O)N)O,0.3784201
CC1=CC=CN2C1=NC=C(C2=O)C3=NN=N[N-]3.[K+],0.44800928
CC(C)(C)C1=CC=C(C=C1)CN(C)CC2=CC=CC3=CC=CC=C32.Cl,0.789332
CC1=C(C(C(=C(N1)C)C(=O)OC2CCN(C2)CC3=CC=CC=C3)C4=CC(=CC=C4)[N+](=O)[O-])C(=O)OC.Cl,0.8756234
CC12CCC(=O)C=C1CC(C3C24C(O4)CC5(C3CCC56CCC(=O)O6)C)C(=O)OC,0.5358923
CCOC(=O)C(CCC1=CC=CC=C1)NC2CSC(CN(C2=O)CC(=O)O)C3=CC=CS3.Cl,0.14938784
CC12CCC3C(C1CCC2O)CCC4C3(CC5C(C4)S5)C,0.5098901
CC(=O)NC1=C(C(=C(C(=C1I)C(=O)NC2C(C(C(OC2O)CO)O)O)I)N(C)C(=O)C)I,0.00092843437
CN1C2=CC=CC=C2C(=O)N(C3=CC=CC=C31)CCN(C)C.Cl,0.56092775
C1CN(CCN1CCO)C(=O)CN2C3=C(C=CC(=C3)Cl)SC2=O.Cl,0.09855389
CCC12CCCN3C1C4=C(CC3)C5=CC=CC=C5N4C(=C2)C(=O)OCC,0.5769393
CC(=O)OCC(=O)C12C(CC3C1(CC(C4(C3CCC5=CC(=O)C=CC54C)F)O)C)OC6(O2)CCCC6,0.44531804
CC1=CC=C(C=C1)S(=O)(=O)O.CC1(C(N2C(S1)C(C2=O)NC(=O)C(C3=CC=CC=C3)N)C(=O)OCOC(=O)C4C(S(=O)(=O)C5N4C(=O)C5)(C)C)C,0.00095817493
C1CN(CC1C(C2=CC=CC=C2)(C3=CC=CC=C3)C(=O)N)CCC4=CC5=C(C=C4)OCC5.Br,0.45406374
C(C1C2C(C(C(O1)OC3C(OC(C(C3O)O)OC4C(OC(C(C4O)O)OC5C(OC(C(C5O)O)OC6C(OC(C(C6O)O)OC7C(OC(C(C7O)O)OC8C(OC(O2)C(C8O)O)CO)CO)CO)CO)CO)CO)O)O)O,0.123314746
C(C1C2C(C(C(O1)OC3C(OC(C(C3O)O)OC4C(OC(C(C4O)O)OC5C(OC(C(C5O)O)OC6C(OC(C(C6O)O)OC7C(OC(O2)C(C7O)O)CO)CO)CO)CO)CO)O)O)O,0.123314746
CC1CC(C2C(CC(C(O2)(C(=O)C(=O)N3CCCCC3C(=O)OC(C(C(CC(=O)C(C=C(C1)C)CC=C)O)C)C(=CC4CCC(C(C4)OC)O)C)O)C)OC)OC,0.3367322
CC(C1C(O1)CC2COC(C(C2O)O)CC(=CC(=O)OCCCCCCCCC(=O)O)C)C(C)O,0.362344
CC1CCCC2(C(O2)CC(OC(=O)CC(C(C(=O)C(C1O)C)(C)C)O)C(=CC3=CSC(=N3)C)C)C,0.23668931
CC(C1C(=O)NC(CSSCC(C(=O)NC(C(=O)NC(C(=O)NC(C(=O)N1)CCCCN)CC2=CNC3=CC=CC=C32)CC4=CC=CC=C4)NC(=O)C(CC5=CC=CC=C5)N)C(=O)NC(CO)C(C)O)O,0.018731674
C1CC2C(=O)NC(CSSCCC(=O)NC(C(=O)NCC(=O)NC(C(=O)NC(C(=O)N2C1)CC3=CNC4=CC=CC=C43)CC(=O)O)CCCCN=C(N)N)C(=O)N,0.023175757
CC=C1C2CC3=C(C1(CC(=C2)C)N)C=CC(=O)N3,0.721244
COC1=CC(=CC(=C1O)OC)C2C3C(COC3=O)C(C4=CC5=C(C=C24)OCO5)OC6C(C(C7C(O6)COC(O7)C8=CC=CS8)O)O,0.44989064
CC(C)CC1C(=O)NC(C(=O)N2CCCC2C(=O)NC(C(=O)NC(C(=O)C(NC(=O)C(NC(C(=O)NC(C(=O)NC(C(=O)N1)CCCN)C(C)C)CC3=CC=C(C=C3)O)CCC(=O)O)CC(=O)N)CC4=CC=CC=C4)CC5=CC=CC=C5)CC6=CC=CC=C6,0.026686218
C1C(OC(O1)CO)N2C=CC(=NC2=O)N,0.2656094
C1=CC(=CC=C1C(C#N)C2=C(C=C(C=C2Cl)N3C(=O)NC(=O)C=N3)Cl)Cl,0.7428319
CC1C(C(=O)NC(C(=O)N2CCCC2C(=O)N(CC(=O)N(C(C(=O)O1)C(C)C)C)C)C(C)C)NC(=O)C3=C4C(=C(C=C3)C)OC5=C(C(=O)C(=C(C5=N4)C(=O)NC6C(OC(=O)C(N(C(=O)CN(C(=O)C7CCCN7C(=O)C(NC6=O)C(C)C)C)C)C(C)C)C)N)C,0.028327584
C1=CC=C(C=C1)CCCC2=CC=CC=N2,0.682352
C1CC12CN(CC2N)C3=C(C=C4C(=C3Cl)N(C=C(C4=O)C(=O)O)C5CC5F)F,0.3188531
CCC(C(C)O)N1C(=O)N(C=N1)C2=CC=C(C=C2)N3CCN(CC3)C4=CC=C(C=C4)OCC5CC(OC5)(CN6C=NC=N6)C7=C(C=C(C=C7)F)F,0.52547365
C1CC1N2C=C(C(=O)C3=CC(=C(C=C32)Cl)F)C(=O)O,0.28580222
CCN(CC)CCOC(=O)C1(CCCC1)C2=CC=CC=C2.CCN(CC)CCOC(=O)C1(CCCC1)C2=CC=CC=C2.C(CS(=O)(=O)O)S(=O)(=O)O,0.18873121
CC1=C(C=CO1)SSC2=C(OC=C2)C,0.1429045
C1CN(CCN1)C(=O)C2=CC=CO2,0.064487696
C1=CC=NC(=C1)C(=O)O.C1=CC=NC(=C1)C(=O)O.C1=CC=NC(=C1)C(=O)O.[Cr],0.12009191
CC(=O)OC1C2C(C(C(=O)O2)OC(=O)C)OC1=O,0.011959368
CC1=CC(=O)C(=CN1)C(=O)NC(C2=CC=C(C=C2)O)C(=O)NC3C4N(C3=O)C(=C(CS4)CSC5=NN=NN5C)C(=O)O,0.0022274249
CC1=CN=C(C(=C1OC)C)CS(=O)C2=NC3=C(N2)C=CC(=N3)OC,0.7929121
C1CCN(CC1)C(=O)C=CC=CC2=CC3=C(C=C2)OCO3,0.6105666
C1CC(N(C1)C(=O)C(CC2=CN=CN2)NC(=O)C3CCC(=O)N3)C(=O)N,0.009918468
C1=CC=C(C=C1)C=CC2=CC=NC=C2,0.83326715
C1CCN2CC3CC(C2C1)CN4C3CCCC4,0.27461815
CC1(C(N2C(S1)C(C2=O)NC(=O)C(C3=CC=CC=C3)NC(=O)N4CCN(C4=O)S(=O)(=O)C)C(=O)O)C,2.9204448e-05
CC12CCC3C(C1CCC2O)CCC45C3(CC(=C(C4O5)O)C#N)C,0.47867194
C[N+]1(C2CCC1CC(C2)OC(=O)C(C3=CC=CC=C3)(C4=CC=CC=C4)O)CCF,0.30255908
COC1=CC(=CC(=C1OC)OC)CC2C3=CC(=C(C=C3CCN2)O)O.Cl,0.44111916
C1C(=C(N2C(S1)C(C2=O)NC(=O)C(C3=CC=CC=C3)S(=O)(=O)[O-])C(=O)[O-])C[N+]4=CC=C(C=C4)C(=O)N.[Na+],0.0037537692
CN1C2CCC1CC(C2)OC(=O)C3=CNC4=CC=CC=C43,0.498813
CC1=C(C(C(=C(N1)C)C(=O)OC2CCCN(C2)CC3=CC=CC=C3)C4=CC(=CC=C4)[N+](=O)[O-])C(=O)OC.Cl,0.8735611
CC1C(C(CC(O1)OC2C(CC3=C(C2=O)C(=C4C(=C3)C=C(C(=C4O)C)OC5CC(C(C(O5)C)OC(=O)C)OC6CC(C(C(O6)C)OC)O)O)C(C(=O)C(C(C)O)O)OC)OC7CC(C(C(O7)C)O)OC8CC(C(C(O8)C)OC(=O)C)(C)O)O,0.7392613
CC1(C(N2C(S1)C(C2=O)NC(=O)C(C3=CSC=C3)C(=O)[O-])C(=O)[O-])C.[Na+].[Na+],2.9206343e-05
CCCC(CCC)C(=O)OC1CC2CCC(C1)[N+]2(C)C,0.28080946
C1=CC=C(C=C1)C2(C(=O)[N-]C(=O)N2)C3=CC=CC=C3.[Na+],0.119784184
CN(C)CCC=C1C2=CC=CC=C2SC3=C1C=C(C=C3)Cl,0.8686196
C1=NC(=S)C2=C(N1)N(C=N2)C3C(C(C(O3)CO)O)O,0.65263444
CC(C)(C)C1=NNC(=S)N(C1=O)N,0.73768
CCC(C(C1=C2C=CC(=O)NC2=C(C=C1)O)O)NC(C)C,0.40304974
C1=CC=C2C(=C1)NC(=S)S2,0.582966
C1=CC=C(C=C1)NC(=S)NC2=CC=CC=C2,0.8656775
C1=CC=C2C(=C1)NC(=S)N2,0.5475527
C1CCC(CC1)NC(=S)NC2CCCCC2,0.5578876
C1CC2C(CC1N2)C3=CN=C(C=C3)Cl,0.21627307
CN1CCN(CC1)C(=O)OC2C3=NC=CN=C3C(=O)N2C4=NC=C(C=C4)Cl,0.21231191
CC(=O)NC1=CC=C(C=C1)NC(=S)NC(=O)C2=CC=C(C=C2)C(C)(C)C,0.7043418
CN1C2CCC1CC(C2)OC(C3=CC=CC=C3)C4=CC=CC=C4,0.4244838
CC1=CCC(C1(C)C)CC=O,0.4651307
CC1CC(=O)C=C2C1(CC(CC2)C(=C)C)C,0.5944608
CC(=CC1=CC=CC=C1)C=C2C(=O)N(C(=S)S2)CC(=O)O,0.55946195
C1=CNC(=S)N=C1,0.42004737
C1=CC=C(C=C1)C=CCOC(=O)C=CC2=CC=CC=C2,0.70286614
C1CC(=CC2=CC=CS2)C(=O)C(=CC3=CC=CS3)C1,0.8014802
CCOC=C1C(=O)OC(=N1)C2=CC=CC=C2,0.4570954
CC1(CC2C1CCC3(C(O3)CCC2=C)C)C,0.15424009
C1C(C(C(CC1(C(=O)O)O)OC(=O)C=CC2=CC(=C(C=C2)O)O)O)O,0.35699356
CC1(CCCC2(C3C1C(C2=C)CC3)C)C,0.47052097
C1(=S)NNC(=S)S1,0.53009355
C1CNC(=S)N1,0.12036955
CN1C(=S)N=NN1,0.4379001
C1(=NC(=S)NN1)N,0.53498226
C1C(CC(=O)NC1=O)C2=CC=C(C=C2)Cl,0.093707636
C1=CC=C(C=C1)CNCCNCC2=CC=CC=C2.Cl.Cl,0.23237747
COC1=CC=C(C=C1)C2C(C(=O)NC3=CC=CC=C3S2)O,0.5779753
CC1=CC2=C(C=C1C)N(C3=NC(=O)NC(=O)C3=N2)CC(C(C(COP(=O)([O-])OP(=O)([O-])OCC4C(C(C(O4)N5C=NC6=C(N=CN=C65)N)O)O)O)O)O.[Na+].[Na+],0.16526455
CN1CCCC1C2=CN=CC=C2.CN1CCCC1C2=CN=CC=C2.OS(=O)(=O)O,0.16817567
CC1COC2=CC=CC=C2N1,0.19469275
CC1=CC2=C(C=C1)N3CCNC4C3=C2CCC4.CS(=O)(=O)O,0.25016862
CC1CCCC(CCCCCC2=C(C(=CC(=C2)O)O)C(=O)O1)O,0.37688208
CC1CC2=CC3=C(C(=C2C4=C(C(=C(C=C4CC1(C)O)OC)OC)OC)OC)OCO3,0.52576625
CC1=NC=C(C(=N1)N)CN(C=O)C(=C(CCO)SSCC2CCCO2)C,0.33500093
CCC1C2(C(C(C(=O)C(CC(C(C(C(=O)C(C(=O)O1)C)C)OC3C(C(CC(O3)C)N(C)C)O)(C)OC)C)C)N(C(=O)O2)CCCCN4C=C(N=C4)C5=CN=CC=C5)C,0.44827732
CC1=NN=C(N1C2CC3CCC(C2)N3CCC(C4=CC=CC=C4)NC(=O)C5CCC(CC5)(F)F)C(C)C,0.48187676
CN(CC1=C(C=CC=C1Cl)NC(=O)C2=CC=CC=C2)CC(=O)N3CCOCC3.Cl,0.2306746
C1CN(CCN1)C2=C3C(=CC=C2)OCCO3.Cl,0.21419872
CC(C)CC1C(=O)N(C(=S)N1)CC=C,0.21328121
CC1=NC=C(C(=N1)N)CN(C=O)C(=C(CCOP(=O)(O)O)SC(=O)C2=CC=CC=C2)C,0.26299846
C1CN(CCC1N2C3=CC=CC=C3NC2=S)CCCC(=O)C4=CC=C(C=C4)F,0.8399743
CC1C2=CC=CC=C2CN1NC(=O)C3=CC(=C(C=C3)Cl)S(=O)(=O)N,0.16927093
CS(=O)(=O)O.C1C2CC3CC(CC1N3CC2=O)OC(=O)C4=CNC5=CC=CC=C54,0.30635822
CCOC(=O)C1=NN(C(=N1)C(Cl)(Cl)Cl)C2=C(C=C(C=C2)Cl)Cl,0.8140002
CCC12CCC3C(C1C=CC2(C#C)O)CCC4=CC(=O)CCC34,0.8855741
CC(=C(C1=C(C=C(C=C1)Cl)Cl)OCCOC2=CC=C(C=C2)Cl)N3C=CN=C3,0.8591451
CC1=NC=C(C(=N1)N)CN(C=O)C(=C(CCOC(=O)C2=CC=CC=C2)SSC(=C(C)N(CC3=CN=C(N=C3N)C)C=O)CCOC(=O)C4=CC=CC=C4)C,0.41543877
COC=C(C1=CC=CC=C1OC2=NC=NC(=C2)OC3=CC=CC=C3C#N)C(=O)OC,0.6717106
CC(C)OC1=CC=C(C=C1)NC(=O)N2CCN(CC2)C3=NC=NC4=CC(=C(C=C43)OC)OCCCN5CCCCC5,0.4786884
CN(CCCN1CCC2=CC(=C(C=C2CC1=O)OC)OC)CCC3=CC(=C(C=C3)OC)OC.Cl,0.24860846
CN(CCCN1CCC2=CC(=C(C=C2CC1=O)OC)OC)CC3CC4=CC(=C(C=C34)OC)OC.Cl,0.42409545
COC1C(CC2CN3CCC4=C(C3CC2C1C(=O)OC)NC5=C4C=CC(=C5)OC)OC(=O)COC6=CC=C(C=C6)OC,0.29607943
CC1=C(C=CC(=C1)N2C(=O)NC(=O)N(C2=O)C)OC3=CC=C(C=C3)S(=O)(=O)C(F)(F)F,0.71380216
COCCCN1CCC(CC1)NC(=O)C2=CC(=C(C3=C2OCC3)N)Cl,0.33735338
CC1=C(C(=CC=C1)Cl)NC(=O)C2=CN=C(S2)NC3=CC(=NC(=N3)C)N4CCN(CC4)CCO,0.48452878
CN1CCC(CC1)COC2=C(C=C3C(=C2)N=CN=C3NC4=C(C=C(C=C4)Br)F)OC,0.74868995
CNC1C(C2C(CC(C(O2)OC3C(CC(C(C3O)O)N)N)N)OC1OC4C(C(C(C(O4)CO)N)O)O)O,0.10148916
CC(CN1C2=CC=CC=C2S(=O)(=O)C3=CC=CC=C31)CN(C)C.Cl,0.63110256
C1CC(CN(C1)CCC2=CC3=C(C=C2)OCO3)OC(C4=CC=CC=C4)C5=CC=CC=C5,0.5972703
CC1CCCC(=O)C1=O,0.2657909
C1CCC2(CC1)N(CCO2)C(=O)C(Cl)Cl,0.35222784
CC(C)(C)CC(C)(C)C1=CC(=C(C(=C1)N2N=C3C=CC=CC3=N2)O)CC4=C(C(=CC(=C4)C(C)(C)CC(C)(C)C)N5N=C6C=CC=CC6=N5)O,0.791178
CC(=O)C1=CC=C(C=C1)C2=CC=C(C=C2)C(=O)NCCCCN3CCN(CC3)C4=CC=CC=C4OC,0.30861586
CCC1OCC(O1)COC2=CC=C(C=C2)OC3=CC=CC=C3,0.78593075
C1=NC=N[N-]1.[Na+],0.22746705
C1=CC2=C(C=C1[N+](=O)[O-])C(=O)C(=O)N2,0.42228463
C1=CC=C(C=C1)COC(=O)C=CC2=CC=CC=C2,0.75839454
COC1=CC(=O)OC(=C1)C=CC2=CC=CC=C2,0.72727376
CCCC=CC=CC(=O)OC1C(=CC(=O)OC)CC2CC(OC(=O)CC(CC3CC(C(C(O3)(CC4CC(=CC(=O)OC)CC(O4)C=CC(C1(O2)O)(C)C)O)(C)C)OC(=O)C)O)C(C)O,0.39185047
C1CN(CCN1CCOCCO)C2=NC3=CC=CC=C3SC4=CC=CC=C42.C1CN(CCN1CCOCCO)C2=NC3=CC=CC=C3SC4=CC=CC=C42.C(=CC(=O)O)C(=O)O,0.53366387
CC12CCC3C(C1CCC2(C)O)CCC4C3(CC(=CO)C(=O)C4)C,0.53870404
CC1=CC(=C(N1C2=CC=CC=C2)C)C=CC3=[N+](C4=C(C=C3)C=C(C=C4)N(C)C)C,0.854268
C[N+]1(CCC2=CC(=C(C=C2C1CC3=CC(=C(C(=C3)OC)OC)OC)OC)OC)CCCOC(=O)CCC=CCCC(=O)OCCC[N+]4(CCC5=CC(=C(C=C5C4CC6=CC(=C(C(=C6)OC)OC)OC)OC)OC)C,0.53140455
CC(C1=CC=CC=C1)(C2=CC=C(C=C2)Cl)OCCC3CCCN3C.C(=CC(=O)O)C(=O)O,0.6169193
CC1=C2COC(=O)C2=C(C(=C1OC)CC=C(C)CCC(=O)OCCN3CCOCC3)O,0.35885492
C[N+]1(CCC2=CC(=C(C=C2C1CC3=CC(=C(C(=C3)OC)OC)OC)OC)OC)CCCOC(=O)CCC=CCCC(=O)OCCC[N+]4(CCC5=CC(=C(C=C5C4CC6=CC(=C(C(=C6)OC)OC)OC)OC)OC)C.[Cl-].[Cl-],0.514756
CN(CC=CC1=CC=CC=C1)CC2=CC=CC3=CC=CC=C32.Cl,0.65977234
CC(C=CC(C)C(C)(C)O)C1CCC2C1(CCCC2=CC=C3CC(CC(C3)O)O)C,0.8385118
CC1=C(C(CCC1=O)(C)C)C=CC(=CC=CC(=CC=CC=C(C)C=CC=C(C)C=CC2=C(C(=O)CCC2(C)C)C)C)C,0.41162324
CC(=CC=CC=C(C)C=CC=C(C)C(=O)OC1C(C(C(C(O1)COC2C(C(C(C(O2)CO)O)O)O)O)O)O)C=CC=C(C)C(=O)OC3C(C(C(C(O3)COC4C(C(C(C(O4)CO)O)O)O)O)O)O,0.32951465
CC1=C(C(CC(C1)O)(C)C)C=CC(=CC=CC(=CC=CC=C(C)C=CC=C(C)C=CC2C(=CC(CC2(C)C)O)C)C)C,0.4073344
C1=CC(=O)OC2=CC(=C(C=C21)OC3C(C(C(C(O3)CO)O)O)O)O,0.3961798
CC1=CCCC(=C)C2CC(C2CC1)(C)C,0.3714717
COC1=CC(=O)OC(C1)C=CC2=CC=CC=C2,0.6207121
COC1=CC(=O)OC(C1)C=CC2=CC3=C(C=C2)OCO3,0.598568
CC1CCCC(=O)CCCC=CC2=C(C(=CC(=C2)O)O)C(=O)O1,0.31031764
CC1C(C(C(C(O1)OCC2C(C(C(C(O2)OC3=CC(=C4C(=C3)OC(=CC4=O)C5=CC(=C(C=C5)OC)O)O)O)O)O)O)O)O,0.8282169
C1=CC2=C(C=C1O)OC3=C2C(=O)OC4=C3C=CC(=C4)O,0.86517334
C1=CC(=C(C=C1C=CC(=O)OC(C(C(=O)O)OC(=O)C=CC2=CC(=C(C=C2)O)O)C(=O)O)O)O,0.5294682
CC1C(C(C(C(O1)OC2C(C(OC(C2OC(=O)C=CC3=CC(=C(C=C3)O)O)COC4C(C(C(C(O4)CO)O)O)O)OCCC5=CC(=C(C=C5)O)O)O)O)O)O,0.5435696
C1=C2C3=C(C(=C1O)O)OC(=O)C4=CC(=C(C(=C43)OC2=O)O)O,0.9091987
C1CCN(CC1)CC2=CC(=NC=C2)OCC=CCNC(=O)CS(=O)CC3=CC=CO3,0.43404764
CC1=C(C(C(=C(N1)C)C(=O)OCC=CC2=CC=CC=C2)C3=CC(=CC=C3)[N+](=O)[O-])C(=O)OCCOC,0.89562887
CC(CCC=C(C)C)C1CCC2(C1(CCC34C2CCC5C3(C4)CCC(C5(C)C)OC(=O)C=CC6=CC(=C(C=C6)O)OC)C)C,0.5939389
CC1=C(C(CCC1)(C)C)C=CC(=CC=CC(=CC(=O)OC2=C(C3=C(C(=C2C)C)OC(CC3)(C)CCCC(C)CCCC(C)CCCC(C)C)C)C)C,0.67915225
CCCCCC(C1C(CC(CC(CC(CC(CC(C(C(C(=CC=CC=CC=CC=CC(C(OC1=O)C)O)C)O)O)O)O)O)O)O)O)O,0.53404367
CC(C1=CC=C(C=C1)C=C2CCCCC2=O)C(=O)O,0.3026832
C1CC2CC1C3C2CN(C3)NC(=O)C4=CC(=C(C=C4)Cl)S(=O)(=O)N,0.20907547
CC1(C(=[N+](C2=C1C3=CC=CC=C3C=C2)CCCCS(=O)(=O)[O-])C=CC=CC=CC=C4C(C5=C(N4CCCCS(=O)(=O)[O-])C=CC6=CC=CC=C65)(C)C)C.[Na+],0.78373694
CCN(CC)CC1=NC=CN1C2=C(C=C(C=C2)[N+](=O)[O-])C(=O)C3=CC=CC=C3Cl.C(=CC(=O)O)C(=O)O,0.59784436
CCCCCOC1=CC=CC=C1C(=CSC)N2C=CN=C2,0.8705199
C1CC1C2=NC3=CC=CC=C3C(=C2C=CC(CC(CC(=O)[O-])O)O)C4=CC=C(C=C4)F.C1CC1C2=NC3=CC=CC=C3C(=C2C=CC(CC(CC(=O)[O-])O)O)C4=CC=C(C=C4)F.[Ca+2],0.8271648
CC(C)C1=NC(=NC(=C1C=CC(CC(CC(=O)[O-])O)O)C2=CC=C(C=C2)F)N(C)S(=O)(=O)C.CC(C)C1=NC(=NC(=C1C=CC(CC(CC(=O)[O-])O)O)C2=CC=C(C=C2)F)N(C)S(=O)(=O)C.[Ca+2],0.66614014
COC1=CC(=CC(=C1OC)OC)C=CC(=O)N2CCN(CC2)CC(=O)N3CCCC3.C(=CC(=O)O)C(=O)O,0.1194236
CCCCC1=NC=C(N1CC2=CC=C(C=C2)C(=O)O)C=C(CC3=CC=CS3)C(=O)O.CS(=O)(=O)O,0.3373546
CCOCCN1C2=CC=CC=C2N=C1N3CCCN(CC3)C.C(=CC(=O)O)C(=O)O.C(=CC(=O)O)C(=O)O,0.29052967
CCC1C(C=C(C=CC(=O)C(CC(C(C(C(CC(=O)O1)O)C)OC2C(C(C(C(O2)C)O)N(C)C)O)CCN3CC(CC(C3)C)C)C)C)COC4C(C(C(C(O4)C)O)OC)OC,0.41941974
C1=CC=C(C=C1)C=CCOC(=O)C2=CC=CC=C2N,0.596396
CCC1C(=O)N(CC(=O)N(C(C(=O)NC(C(=O)N(C(C(=O)NC(C(=O)NC(C(=O)N(C(C(=O)N(C(C(=O)N(C(C(=O)N(C(C(=O)N1)C(C(C)CC=CC)O)C)C(C)C)C)CC(C)C)C)CC(C)C)C)C)C)CC(C)C)C)C(C)C)CC(C)C)C)C,0.04147412
C1CCC(CC1)C(CC2CCCCN2)C3CCCCC3.C(=CC(=O)O)C(=O)O,0.3573861
CC1CC=CC=CC=CC=CC(CC2C(C(CC(O2)(CC(CC3C(O3)C=CC(=O)O1)O)O)O)C(=O)O)OC4C(C(C(C(O4)C)O)N)O,0.2814759
CC(C1CCC(C(O1)OC2C(C(C(C(C2O)N(C)C(=O)CN)OC)O)N)N)N,0.13261735
C1CC(=C(N2C1C(C2=O)NC(=O)C(C3=CC=CC=C3)N)C(=O)O)Cl.O,0.0012186134
C=C1CCC2(C3CC4=C5C2(C1OC5=C(C=C4)O)CCN3CC6CC6)O,0.6416761
C=CCN1CCC23C4C(=O)CCC2(C1CC5=C3C(=C(C=C5)O)O4)O,0.45514342
CC1C(C(C(C(O1)OC2CCC3(C4CCC5(C(CCC5(C4CCC3=C2)O)C6=COC(=O)C=C6)C)C)O)O)O,0.72360563
CC1(OC2COC3(C(C2O1)OC(O3)(C)C)COS(=O)(=O)N)C,0.13399334
C1CC[N+]2(C1)C3CCC2CC(C3)OC(=O)C(C4=CC=CC=C4)(C5=CC=CC=C5)O.[Cl-],0.32672086
C(C1C2C(C(C(O1)OC3C(OC(C(C3O)O)OC4C(OC(C(C4O)O)OC5C(OC(C(C5O)O)OC6C(OC(C(C6O)O)OC7C(OC(C(C7O)O)OC8C(OC(C(C8O)O)OC9C(OC(O2)C(C9O)O)CO)CO)CO)CO)CO)CO)CO)O)O)O,0.123314776
CC1CC(C(C(C(CC(=O)OC(CC2C(O2)C=CC1=O)C)OC(=O)C)OC)OC3C(C(C(C(O3)C)OC4CC(C(C(O4)C)OC(=O)CC(C)C)(C)O)N(C)C)O)CC=O,0.37167037
CC(C=CC(C1CC1)O)C2CCC3C2(CCCC3=CC=C4CC(CC(C4=C)O)O)C,0.8773136
CC(=CC1=CC=C(C=C1)C(=O)O)C2=CC3=C(C=C2)C(CCC3(C)C)(C)C,0.7830541
C1CCN(C1)CC2=NC3=CC=CC=C3N2CC4=CC=C(C=C4)Cl.Cl,0.8293592
CC1=CN=C(C=[N+]1[O-])C(=O)O,0.07625183
CCC(C)C1C(=O)NC(C(=O)NC(C(=O)NC(CSSCCC(=O)NC(C(=O)N1)CC2=CC=C(C=C2)OCC)C(=O)N3CCCC3C(=O)NC(CCCN)C(=O)NCC(=O)N)CC(=O)N)C(C)O,0.007814358
CCCC1(CCC1)C(CC=CC2C(CC(=O)C2CCCCCCC(=O)OC)O)O,0.44089454
CCN1C2=C(C(=O)N(C1=O)CC)N(C(=N2)C=CC3=CC(=C(C=C3)OC)OC)C,0.31438506
CCC(C)CCCC(=O)NC(CCN)C(=O)NC(C(C)O)C(=O)NC(CCN)C(=O)NC1CCNC(=O)C(NC(=O)C(NC(=O)C(NC(=O)C(NC(=O)C(NC(=O)C(NC1=O)CCN)CC(C)C)CC(C)C)CCN)CCN)C(C)O,0.0043275557
CC1CCC(CC1=CC=C2CCCC3(C2CCC3C(C)C=CC(C)C(C)C)C)O,0.8741322
C1C(C(C(C1O)C=CC(COC2=CC=CC(=C2)C(F)(F)F)O)CC=CCCCC(=O)O)O,0.3709658
CC#CCC(C)C(C=CC1C(CC2C1CC(=CCCCC(=O)O)C2)O)O,0.5998684
C1CC(C1)CN2CCC34C5C(CCC3(C2CC6=C4C(=C(C=C6)O)O5)O)O,0.61768067
CS(=O)(=O)NC(=O)CCCC=CCC1C(C(CC1=O)O)C=CC(COC2=CC=CC=C2)O,0.28539538
CC12CCC(C(C1CCC(=C)C2CC=C3C(COC3=O)O)(C)CO)O,0.53241104
C1=CC=C(C=C1)CCCOC(=O)C=CC2=CC=CC=C2,0.6792137
CC=C1C(=O)NC(C(=O)OC2CC(=O)NC(C(=O)NC(CSSCCC=C2)C(=O)N1)C(C)C)C(C)C,0.075436294
C1=CC=C(C=C1)NN=C2C(=CC3=CC(=C(C(=C3C2=O)N)N=NC4=CC=C(C=C4)C5=CC=C(C=C5)N=NC6=C(C=C(C=C6)N)N)S(=O)(=O)[O-])S(=O)(=O)[O-].[Na+].[Na+],0.7007183
C1CC1CN2CCC34C5C(=O)CCC3(C2CC6=C4C(=C(C=C6)O)O5)O,0.56627226
CCOC(=O)C(CCC1=CC=CC=C1)NC(C)C(=O)N(CC(=O)O)C2CC3=CC=CC=C3C2.Cl,0.14033139
CCOC(=O)C(CCC1=CC=CC=C1)NC2CCC3=CC=CC=C3N(C2=O)CC(=O)O.Cl,0.18735968
CCOC(=O)C(CCC1=CC=CC=C1)NC(C)C(=O)N2C3CCCC3CC2C(=O)O,0.10052181
CCC(C)C1N=C(C(S1)C)C,0.385198
C1=CC=C(C=C1)CCOC(=O)C=CC2=CC=CC=C2,0.75657654
CCC(C)COC(=O)C=CC1=CC=C(C=C1)N=CC2=CC=C(C=C2)OC,0.6815132
CCC1C(=O)N2CCCC2C(=O)N(C(C(=O)N3CCC(=O)CC3C(=O)NC(C(=O)OC(C(C(=O)N1)NC(=O)C4=C(C=CC=N4)O)C)C5=CC=CC=C5)CC6=CC=CC=C6)C,0.023892999
CC(C)(C)NC(=O)C1CN(CCN1CC(CC(CC2=CC=CC=C2)C(=O)NC3C(CC4=CC=CC=C34)O)O)CC5=CN=CC=C5.OS(=O)(=O)O,0.2411704
CCN1C(=CC=CC2=[N+](C3=CC=CC=C3C=C2)CC)C=CC4=CC=CC=C41.[I-],0.93612266
CON=C(C1=CC=CO1)C(=O)NC2C3N(C2=O)C(=C(CS3)COC(=O)N)C(=O)O,0.0017410815
CCN1C(=CC(=N1)CC2=CC=CC=C2)C3CCN(CC3)CC4CC(CC4C5=CC(=CC=C5)F)N(C)C(C(C)C)C(=O)O,0.640934
CCOC(=O)C(CCC1=CC=CC=C1)NC(C)C(=O)N2C3CCCCC3CC2C(=O)O,0.097803846
C[N+]1(C2CC(CC1C3C2O3)OC(=O)C(C4=CC=CS4)(C5=CC=CS5)O)C.[Br-],0.06297109
CC(C(C1=CC=CC=C1)O)NCCC(=O)C2=CC(=CC=C2)OC.Cl,0.14529805
CC(C1=CC=CC=C1)NCCC(C2=CC=CC=C2)C3=CC=CC=C3.Cl,0.6303039
CN1CCC(=C2C3=CC=CC=C3SC4=CC=CC=C42)CC1.C(=CC(=O)O)C(=O)O,0.6642546
CN(CC1=C(C(=CC(=C1)Br)Br)N)C2CCCCC2.Cl,0.5199181
C1CN(CCN1)C2=NC3=CC=CC=C3C=C2.C(=CC(=O)O)C(=O)O,0.27942628
C1=CC=C(C=C1)NC=CC=CC=NC2=CC=CC=C2.Cl,0.78840613
CCN1C2=CC=CC=C2SC1=CC=CC=CC3=[N+](C4=CC=CC=C4S3)CC.[I-],0.9279189
CCN(CC)CCCC(C)NC1=C2C=CC(=CC2=NC(=C1)C=CC3=CC=CC=C3Cl)Cl,0.88977224
CCN1C2=CC=CC=C2SC1=CC=CC3=[N+](C4=CC=CC=C4S3)CC.[I-],0.95150995
CN1COCN(C1=N[N+](=O)[O-])CC2=CN=C(S2)Cl,0.48688015
CCC1C2CC3C4C5(CC(C2C5O)N3C1O)C6=CC=CC=C6N4C,0.54411334
CC1=C(N=C(N=C1N)C(CC(=O)N)NCC(C(=O)N)N)C(=O)NC(C(C2=CN=CN2)OC3C(C(C(C(O3)CO)O)O)OC4C(C(C(C(O4)CO)O)OC(=O)N)O)C(=O)NC(C)C(C(C)C(=O)NC(C(C)O)C(=O)NCCC5=NC(=CS5)C6=NC(=CS6)C(=O)NCCCNC(C)C7=CC=CC=C7)O.OS(=O)(=O)O,0.03628908
CCC(C)C1C(CCC2(O1)CC3CC(O2)CC=C(C(C(C=CC=C4COC5C4(C(C=C(C5O)C)C(=O)O3)O)C)OC6CC(C(C(O6)C)OC7CC(C(C(O7)C)O)OC)OC)C)C,0.6046244
CC(C)C(C(=O)NC(CC1=CC=C(C=C1)O)C(=O)NC(C(C)C)C(=O)NC(CC2=CN=CN2)C(=O)N3CCCC3C(=O)NC(C)C(=O)O)NC(=O)C(CCCN=C(N)N)NC(=O)CNC,0.0023917297
C1=CC=C(C=C1)O[P+](=O)OC2=CC=CC=C2,0.16286817
C1=CC=C(C=C1)[Sn](C2=CC=CC=C2)C3=CC=CC=C3.O,0.99986064
C1=CC=C2C(=C1)C3=CC=CC=C3[P+](=O)O2,0.6307101
CON=C(C1=CSC(=N1)N)C(=O)NC2C3N(C2=O)C(=C(CS3)CSC(=O)C4=CC=CO4)C(=O)O,0.003812472
CCCCCC(C=CC1C(CC2C1CC(=CCCCC(=O)[O-])O2)O)O.[Na+],0.3828038
C1C(=C(N2C(S1)C(C2=O)NC(=O)C(C3=CC=C(C=C3)O)N)C(=O)O)CSC4=NNN=C4,0.0015688983
COC1=CC(=C(C=C1C(=O)NC2CCN(CC2)CC3=CC=CC=C3)Cl)N.C(=CC(=O)O)C(=O)O,0.25286794
COC1=CC(=C(C(=C1)OC)C(=O)CCCN2CCCC2)OC.Cl,0.32309335
CC1C(C(CC(O1)OC2C(C(C(OC2OC3=C4C=C5C=C3OC6=C(C=C(C=C6)C(C(C(=O)NC(C(=O)NC5C(=O)NC7C8=CC(=C(C=C8)O)C9=C(C=C(C=C9O)O)C(NC(=O)C(C(C1=CC(=C(O4)C=C1)Cl)O)NC7=O)C(=O)O)CC(=O)N)NC(=O)C(CC(C)C)NC)O)Cl)CO)O)O)(C)N)O.Cl,0.049852867
CC12C3=CC=CC=C3CC(N1)C4=CC=CC=C24.C(=CC(=O)O)C(=O)O,0.28725445
COC(=O)N(C1=CC=CC=C1COC2=NN(C=C2)C3=CC=C(C=C3)Cl)OC,0.744268
CCC(C1C(CC(O1)(CC)C2CCC(C(O2)C)(CC)O)C)C(=O)C(C)C(C(C)CCC3=C(C(=C(C=C3)C)O)C(=O)[O-])O.[Na+],0.3075269
CC1CCC2C13CC=C(C(C3)C2(C)C)C,0.6480545
C[NH+]1CC(C2=C(C1)C(=CC=C2)N)C3=CC=CC=C3.C(=CC(=O)[O-])C(=O)O,0.27490625
CC1=CC=C(C=C1)C=C2C3CCC(C2=O)(C3(C)C)C,0.7108478
C1N2CN3CN1C[N+](C2)(C3)CC=CCl.[Cl-],0.61430424
CCC(CC)(CC(=O)NC1=CC=CC(=C1)C=CC2=NC(=CS2)C3CCC3)C(=O)O,0.45901233
CC1C=CC=C(C(=O)NC2=C(C3=C(C4=C(C(=C3O)C)OC(C4=O)(OC=CC(C(C(C(C(C(C1O)C)O)C)OC(=O)C)C)OC)C)C5=C2N6C=CC(=CC6=N5)C)O)C,0.7680449
CN(C)CCN(CC1=CC=CS1)C2=CC=CC=N2.CN(C)CCN(CC1=CC=CS1)C2=CC=CC=N2.C(=CC(=O)O)C(=O)O.C(=CC(=O)O)C(=O)O.C(=CC(=O)O)C(=O)O,0.1731598
CCCCN(CCCC)CC(C1=CC(=CC2=C1C3=C(C2=CC4=CC=C(C=C4)Cl)C=C(C=C3)Cl)Cl)O,0.7033206
CC1=C(SC=N1)C=CC2=C(N3C(C(C3=O)NC(=O)C(=NOC)C4=CSC(=N4)N)SC2)C(=O)OCOC(=O)C(C)(C)C,0.007905768
CC(C)(C)C1=CC(=CC(=C1O)C(C)(C)C)C=C2C(=O)N=C(S2)N.CS(=O)(=O)O,0.6631949
CC1=C(C=CC=C1C2=CC=CC=C2)COC(=O)C3C(C3(C)C)C=C(C(F)(F)F)Cl,0.77743345
CCC(C)C1C(C=CC2(O1)CC3CC(O2)CC=C(C(C(C=CC=C4COC5C4(C(C=C(C5O)C)C(=O)O3)O)C)OC6CC(C(C(O6)C)OC7CC(C(C(O7)C)NC(=O)C)OC)OC)C)C,0.46725893
CCCCCCOC(=O)N=C(C1=CC=C(C=C1)NCC2=NC3=C(N2C)C=CC(=C3)C(=O)N(CCC(=O)OCC)C4=CC=CC=N4)N,0.63344806
CNC(=O)C1=CC=CC=C1SC2=CC3=C(C=C2)C(=NN3)C=CC4=CC=CC=N4,0.7943395
C1CC1(C(CC2=CC=CC=C2Cl)(CN3C(=S)N=CN3)O)Cl,0.7562034
CCOC(=O)C1=NOC(C1)(C2=CC=CC=C2)C3=CC=CC=C3,0.5242888
CC1CN(CCN1C(COC)C2=CC=C(C=C2)C(F)(F)F)C3(CCN(CC3)C(=O)C4=C(N=CN=C4C)C)C.C(=CC(=O)O)C(=O)O,0.25969383
C1C(C(CN1C(=O)C(C(CC2=CC=CC=C2)NC(=O)C3=CC4=C(N3)C=CC(=C4)Cl)O)O)O,0.18057318
CC1=CCCC2(C(O2)C3C(CC1)C(=C)C(=O)O3)C,0.26775923
CCC1C(C2C(C(C(CC(C(C(C(C(C(=O)O1)C)OC3CC(C(C(O3)C)O)(C)OC)C)OC4C(C(CC(O4)C)N(C)C)O)(C)O)C)NC(O2)COCCOC)C)(C)O,0.46885785
CC1CCC2(C(C3C(O2)C(C4C3(CCC5C4CCC6C5(CC(C(C6)OC7C(C(C(C(O7)CO)OC8C(C(C(C(O8)CO)O)OC9C(C(C(CO9)O)O)O)OC2C(C(C(C(O2)CO)O)OC2C(C(C(C(O2)CO)O)O)O)O)O)O)O)C)C)O)C)OC1,0.1357675
CC1CC(C(C(C=C(C(C(C=CC=C(C(=O)NC2=CC(=O)C(=C(C1)C2=O)NCC=C)C)OC)OC(=O)N)C)C)O)OC,0.37845483
CCC1C=C(CC(CC(C2C(CC(C(O2)(C(=O)C(=O)N3CCCCC3C(=O)OC(C(C(CC1=O)O)C)C(=CC4CCC(C(C4)OC)Cl)C)O)C)OC)OC)C)C,0.3444691
CC(C)(C(=O)O)ON=C(C1=CSC(=N1)N)C(=O)NC2C3N(C2=O)C(=C(CS3)C[N+]4=CC=CC=C4)C(=O)[O-].O.O.O.O.O,0.0070201205
CCC1C(C2C(O2)(C=CC(=O)C(CC(C(C(C(CC(=O)O1)O)C)OC3C(C(CC(O3)C)N(C)C)O)CC=O)C)C)C,0.2727191
CC1=NN(N=N1)CC2=C(N3C(C(C3=O)NC(=O)C(=NOC)C4=CSC(=N4)N)SC2)C(=O)O,0.0015168152
CC1(CCC(=CC2=CC=C(C=C2)Cl)C1(CN3C=NC=N3)O)C,0.8337144
CCC12CCC3C(C1CCC2(C#C)OC(=O)C)CCC4=CC(=NO)CCC34,0.813436
CNCCCC1C2=CC=CC=C2C=CC3=CC=CC=C13.Cl,0.7199467
CC1C2CC3=C(C1(CCN2CC4CC4)C)C=C(C=C3)O,0.75961477
C1C(=NC(=O)N1N=CC2=CC=C(O2)C3=CC=C(C=C3)[N+](=O)[O-])[O-].[Na+],0.7704275
C1C(=O)NC(=O)N1N=CC2=CC=C(O2)[N+](=O)[O-],0.49014887
CN1C2CCC1CC(C2)OC3C4=CC=CC=C4CCC5=CC=CC=C35.C(C(=O)O)C(CC(=O)O)(C(=O)O)O,0.5103812
CCC(=O)OC(CC1=CC=CC=C1)(C2=CC=CC=C2)C(C)CN(C)C.C1=CC=C2C=C(C=CC2=C1)S(=O)(=O)O,0.43947285
C1CCC(C1)CCCCCCCCCCCCC(=O)NC2=CC=C(C=C2)S(=O)(=O)C3=CC=C(C=C3)NC(=O)CCCCCCCCCCCCC4CCCC4,0.4861614
CC1CS(=O)(=O)CCN1N=CC2=CC=C(O2)[N+](=O)[O-],0.7899642
C1=CC(=CC=C1NC2=NC(=NC(=N2)N(CCO)CCO)NC3=CC(=C(C=C3)C=CC4=C(C=C(C=C4)NC5=NC(=NC(=N5)NC6=CC=C(C=C6)S(=O)(=O)[O-])N(CCO)CCO)S(=O)(=O)[O-])S(=O)(=O)[O-])S(=O)(=O)[O-].[Na+].[Na+].[Na+].[Na+],0.67871416
CCOC(=O)C(CCC1=CC=CC=C1)NC(C)C(=O)N2CC3(CC2C(=O)O)SCCS3.Cl,0.07613531
CC1=CC=C(C=C1)C2OCC3C(O2)C(OC(O3)C4=CC=C(C=C4)C)C(CO)O,0.35422507
CC12CCC3C(C1CC=C2)CCC4C3(CCC(=O)C4)C,0.55342966
COC1=C(C(=C(C=C1)C=NNC(=O)C2=CC=NC=C2)C(=O)O)OC,0.2242068
CN1CCN(CC1)C2=CC=CC=C2C=C3C(=O)N(CCS3)C4=CC(=C(C=C4)Cl)Cl,0.7598933
CCC1C(C(C(C(=NOCOCCOC)C(CC(C(C(C(C(C(=O)O1)C)OC2CC(C(C(O2)C)O)(C)OC)C)OC3C(C(CC(O3)C)N(C)C)O)(C)O)C)C)O)(C)O,0.53627837
CCC12CC(=C)C3C(C1CCC2(C#C)O)CCC4=CC(=O)CCC34,0.8447931
CC1=C(OC(=O)O1)COC(=O)C2C(SC3N2C(=O)C3NC(=O)C(C4=CC=CC=C4)N)(C)C.Cl,6.0535087e-05
CC1=CC=CC=C1N2CCN(CC2)CCC3=NN=C4N3CCCC4.Cl,0.28148532
C1CCC2=C(C1)C(=C3CCCC3=N2)N.O.Cl,0.30674955
CC12CCC(CC1CCC3C2CCC4(C35C(O5)CC4C6=COC(=O)C=C6)C)O,0.44665718
C1CCN(CC1)C2C(CC(C2CCC=CCCC(=O)O)OCC3=CC=C(C=C3)C4=CC=CC=C4)O.Cl,0.57827526
C1CCC2CN(CC2C1)C(=O)CC(CC3=CC=CC=C3)C(=O)[O-].C1CCC2CN(CC2C1)C(=O)CC(CC3=CC=CC=C3)C(=O)[O-].O.O.[Ca+2],0.2808849
CC12CCC3C(C1CCC2C(=O)NC4=C(C=CC(=C4)C(F)(F)F)C(F)(F)F)CCC5C3(C=CC(=O)N5)C,0.66983813
C1CC2CN(C(=O)C3=CC=CC(=C23)C1)C4CN5CCC4CC5.Cl,0.37486392
C1CC1CONC(=O)C2=C(C(=C(C=C2)F)F)NC3=C(C=C(C=C3)I)Cl,0.61847943
CS(=O)(=O)O.CS(=O)(=O)O.C=CCNC1=NC(=NC(=N1)N2CCN(CC2)C(C3=CC=C(C=C3)F)C4=CC=C(C=C4)F)NCC=C,0.7198029
CCCCN1C(=O)C(NC(=O)C12CCN(CC2)CC3=CC=C(C=C3)OC4=CC=C(C=C4)C(=O)O)C(C5CCCCC5)O.Cl,0.27276948
CC12CCCC(C1CCC34C2CCC(C3)(C(=C)C4)OC5C(C(C(C(O5)CO)O)OC6C(C(C(C(O6)CO)O)O)O)OC7C(C(C(C(O7)CO)O)O)O)(C)C(=O)OC8C(C(C(C(O8)CO)O)O)O,0.19991365
CC1C(NC(=O)N1C)C2=CC=CC=C2,0.10263577
CC=C(CCC(C)C1CCC2C1(CCC3C2=CCC4C3(CCC(C4C)O)C)C)C(C)C,0.6837084
C1=CC(=C(C=C1Cl)Cl)CON=C(CN2C=CN=C2)C3=C(C=C(C=C3)Cl)Cl.[N+](=O)(O)[O-],0.85257673
C1=CC(=CC=C1C=NNC(=NN=CC2=CC=C(C=C2)Cl)N)Cl,0.84257114
C[N+]1(CCCC1)CC2=C(N3C(C(C3=O)NC(=O)C(=NOC)C4=CSC(=N4)N)SC2)C(=O)O.O.Cl.[Cl-],0.0011455434
CCOC(=O)CNC(C1CCCCC1)C(=O)N2CCC2C(=O)NCC3=CC=C(C=C3)C(=NO)N,0.052604906
CC1=NNC(=O)N(C1)N=CC2=CN=CC=C2,0.31790823
C1COCCN1CC2CN(C(=O)O2)N=CC3=CC=C(O3)[N+](=O)[O-].Cl,0.67704827
CON=C(C1=CSC(=N1)N)C(=O)NC2C3N(C2=O)C(=C(CS3)C[N+]4=CC=CC5=C4CCCC5)C(=O)[O-].OS(=O)(=O)O,0.0093141785
CC1CCC2(CC3CC(O2)CC=C(C(C(C=CC=C4COC5C4(C(C=C(C5=NO)C)C(=O)O3)O)C)OC6CC(C(C(O6)C)O)OC)C)OC1C7CCCCC7,0.44390756
CON=C1CN(CC1CN)C2=C(C=C3C(=O)C(=CN(C3=N2)C4CC4)C(=O)O)F.CS(=O)(=O)O,0.24312027
CON=C(C1=NSC(=N1)N)C(=O)NC2C3N(C2=O)C(=C(CS3)C[N+]4=C5C=CC=NN5C=C4)C(=O)[O-].Cl,0.005208063
C1CN2CCC1N(CC2)C(=O)OC3=CC=C(C=C3)Br,0.28486988
C1=CC(=CC(=C1)C2=C(C=CC(=C2)CCCCCCC3=CC(=C(C=C3)OC4C(C(C(C(O4)CO)O)O)O)C5=CC=CC(=C5)CC(=O)O)OC6C(C(C(C(O6)CO)O)O)O)CC(=O)O,0.54659796
COC1=C(C=C(C=C1)OC(F)(F)F)CNC2CCCNC2C3=CC=CC=C3,0.70472676
CC(=O)OC1CCC2(C3CCC4(C(C3CC=C2C1)CC=C4C5=CN=CC=C5)C)C,0.7399516
CC(C)C(C(=O)NC1CC2=CC=CC=C2C3CCCC(N3C1=O)C(=O)O)SC(=O)C,0.047856227
CON=C(C1=CSC(=N1)N)C(=O)NC2C3N(C2=O)C(=C(CS3)CN4C=CC(=N)N4CCO)C(=O)O.OS(=O)(=O)O,0.0042821895
CCOC1=NC2=C(C=C1)NC=C(C2=O)C(=O)NCC3=CC=CC=C3,0.56894314
CC1C=CC=C2COC3C2(C(C=C(C3O)C)C(=O)OC4CC(CC=C(C1OC5CC(C(C(O5)C)OC6CC(C(C(O6)C)O)OC)OC)C)OC7(C4)C=CC(C(O7)C8CCCCC8)C)O,0.58582336
CC1CC(=CCC2CC(CC3(O2)CC(=NOC)C(C(O3)C(=CC(C)C)C)C)OC(=O)C4C=C(C(C5C4(C(=CC=C1)CO5)O)O)C)C,0.4440655
CSCCC(C(=O)NCC(=O)NC(CC1=CNC2=CC=CC=C21)C(=O)NC(CCSC)C(=O)NC(CC(=O)O)C(=O)NC(CC3=CC=CC=C3)C(=O)N)NC(=O)C(CC4=CC=C(C=C4)OS(=O)(=O)O)NC(=O)C(CC(=O)O)N,0.0070871077
CNCC1=CC=C(C=C1)NC(=O)C2=CNC3=C2C(=O)CCC3,0.3584753
CC1=NC=C(C(=N1)N)CN(C=O)C(=C(CCO)SSCC2CCCO2)C.Cl,0.32291964
CCC1=C(N(N=C1C(=O)NN2CCCCC2)C3=C(C=C(C=C3)Cl)Cl)C4=CC=C(C=C4)Br,0.64394015
CC1=C(SC(=N1)SCC2=C(N3C(C(C3=O)NC(=O)C(=NOC)C4=CSC(=N4)N)SC2)C(=O)[O-])CC(=O)[O-].[Na+].[Na+],0.0075612552
CC(C)(C)OC(=O)NCCC(=O)NC(CC1=CNC2=CC=CC=C21)C(=O)NC(CCSC)C(=O)NC(CC(=O)O)C(=O)NC(CC3=CC=CC=C3)C(=O)N,0.017707802
CC(C1CCC(C(O1)OC2C(CC(C(C2O)OC3C(C(C(CO3)(C)O)NC)O)N)N)N)N.CC(C1CCC(C(O1)OC2C(CC(C(C2O)OC3C(C(C(CO3)(C)O)NC)O)N)N)N)NC.CC1(COC(C(C1NC)O)OC2C(CC(C(C2O)OC3C(CCC(O3)CN)N)N)N)O.OS(=O)(=O)O,0.18545452
CC1CCC=C2C1(CC(CC2)C(=C)C)C,0.43254963
CC1=CC=C(C=C1)C2=C(N=C(N2S(=O)(=O)N(C)C)C#N)Cl,0.49116126
C1COCCC1(C(=O)NO)NS(=O)(=O)C2=CC=C(C=C2)OC3=CC=C(C=C3)F,0.38754168
C1=CC2=C(C(=C1)O)C(=O)C3=C(C2C4C(C(C(C(O4)CO)O)O)O)C=C(C=C3O)CO,0.41959095
C1CCC(C1)(C2=CC3=C(C=C2)C(C(CO3)CC4=CC=C(C=C4)C5=CC=CC=C5)O)C(=O)O,0.60079455
C1CN(CCN1CCC2=CC(=O)N(C3=C2C=CC(=C3)F)CC(=O)N)C4=NC=CC5=C4C=CS5,0.4245608
CC(C)C1=C2C(=CC(=C1)OC)S(=O)(=O)N(C2=O)COC3=CC(=O)N4C=CC=C(C4=N3)OCCN5CCCCC5,0.57300436
C1COCC(=O)N1C2=CC=C(C=C2)N3CC(OC3=O)CNC(=O)C4=CC=C(S4)Cl,0.1898631
CCC1=C(NC2=C1C(=O)C(CC2)CN3CCOCC3)C.Cl,0.28573623
CN(C)CCC=C1C2=CC=CC=C2CSC3=CC=CC=C31.Cl,0.8030799
CN(C)C(=O)C1CC(CN1C2(C3=C(C=CC(=C3)Cl)N(C2=O)S(=O)(=O)C4=C(C=C(C=C4)OC)OC)C5=CC=CC=C5OC)O,0.28130004
CC1=CC(=C(C(=C1)C)C2=C(C3(CCCC3)OC2=O)OC(=O)CC(C)(C)C)C,0.61911607
CC(C)(C1=COC(=C1)S(=O)(=O)NC(=O)NC2=C3CCCC3=CC4=C2CCC4)O,0.22278942
CN1CCC(C(C1)O)C2=C(C=C(C3=C2OC(=CC3=O)C4=CC=CC=C4Cl)O)O.Cl,0.8706148
CC(=O)NC1CCC2=CC(=C(C(=C2C3=CC=C(C(=O)C=C13)SC)OC)OC)OC4C(C(C(C(O4)CO)O)O)O,0.51670027
CC(CC1=CC=C(C=C1)OC)NCC(C2=CC(=C(C=C2)O)NC=O)O.CC(CC1=CC=C(C=C1)OC)NCC(C2=CC(=C(C=C2)O)NC=O)O.C(=CC(=O)O)C(=O)O.O.O,0.21182112
CCC(C)C1C(C=CC2(O1)CC3CC(O2)CC=C(C(C(C=CC=C4COC5C4(C(C=C(C5O)C)C(=O)O3)O)C)OC6CC(C(C(O6)C)OC7CC(C(C(O7)C)O)OC)OC)C)C.CC1C=CC=C2COC3C2(C(C=C(C3O)C)C(=O)OC4CC(CC=C(C1OC5CC(C(C(O5)C)OC6CC(C(C(O6)C)O)OC)OC)C)OC7(C4)C=CC(C(O7)C(C)C)C)O,0.59293914
C1CN2CCC1C(C2)NC(=O)C3=NC=C4C(=C3)C=CO4,0.144361
C1CN2CCC1C(C2)NC(=O)C3=CC4=C(C=C3)OCCO4,0.22847137
CC1=C(C=CC(=C1)SCC2=C(N=C(S2)C3=CC(=C(C=C3)C(F)(F)F)F)C)OCC(=O)O,0.544287
COC(=O)C12CC3=C(C1=NN(CO2)C(=O)N(C4=CC=C(C=C4)OC(F)(F)F)C(=O)OC)C=CC(=C3)Cl,0.7530842
CN(C)C(=O)NC1(CCN(CC1)CCCC2(CCCN(C2)C(=O)C3=CC=CC=C3)C4=CC(=C(C=C4)Cl)Cl)C5=CC=CC=C5,0.73872334
CC(C(=O)O)OC1=CC(=C(C=C1)CNC(=O)C2=C(N=CC=C2)OC3=CC4=C(C=C3)OCO4)F,0.38502708
C1C(C(C2=C(O1)C=CC(=C2)OCC3=NC4=C(S3)C=CC(=C4)F)O)CC5=CC(=CC=C5)C(=O)O,0.5468423
CC(=O)OCC(=O)C1(C(=C)CC2C1(CC(C3(C2CCC4=CC(=O)C=CC43C)F)O)C)O,0.30521742
CCC(=O)O.CCC(=O)O.C1CN=C(N1)C2=CC(=CC=C2)NC(=O)NC3=CC=CC(=C3)C4=NCCN4,0.2856546
CC(C)CCCC(C)C1CC(=O)C2=C3CCC4CC(CCC4(C3CCC12C)C)O,0.5949929
CC1=C(C2=C(O1)C(=CC=C2)NC(=O)C3=C(C=CC=C3Cl)Cl)C(C)(C)O,0.6478357
CC1=C(C=C(C=C1)NC2=NC=CC(=N2)N(C)C3=CC4=NN(C(=C4C=C3)C)C)S(=O)(=O)N,0.73115754
CC1CC(=O)NN=C1C2=CC3=C(C=C2)N=C(N3)C4=CC=C(C=C4)OC.Cl,0.6377614
CN1C=NC2=C1C=C(C(=C2F)NC3=C(C=C(C=C3)Br)Cl)C(=O)NOCCO,0.64776707
CCC1CC(C2=C(N1C(=O)OC(C)C)C=CC(=C2)C(F)(F)F)N(CC3=CC(=CC(=C3)C(F)(F)F)C(F)(F)F)C(=O)C,0.807122
CC(=O)OC1=CC2=C(S1)CCN(C2)C(C3=CC=CC=C3F)C(=O)C4CC4.Cl,0.34165
COC1=CC(=O)OC(C1)CCC2=CC=CC=C2,0.53644544
CC1=C2C(=CC(=C1C(=O)O)O)C(=O)C3=C(C2=O)C(=C(C(=C3O)O)C4C(C(C(C(O4)CO)O)O)O)O,0.768675
CNC1CC(C2=CC=CC=C12)C3=CC(=C(C=C3)Cl)Cl.Cl,0.7793639
CCC(C)C(C(=O)NCC(=O)NC(CC(C)C)C(=O)NC(CCSC)C(=O)N)NC(=O)C(CC1=CC=CC=C1)NC(=O)C(C)NC(=O)C(CC(=O)O)NC(=O)C(CCCCN)NC(=O)C(CO)NC(=O)C2CCCN2C(=O)C3CCC(=O)N3,0.0014185965
CC1(C(=O)N(C(=N1)SC)NC2=CC=CC=C2)C3=CC=CC=C3,0.5732931
CC(C)(C1=CC=C(C=C1)CNC(=O)C2=C(N=CC=C2)OC3=CC=C(C=C3)F)O,0.5524782
CS(=O)(=O)C1=C(C=C(C=C1)C(CC2CCC(=O)C2)C(=O)NC3=NC=CN=C3)Cl,0.31845006
C[N+]1=CN(C=C1)CC2=CC=CC=C2.[Cl-],0.49297896
CCN1C=C[N+](=C1)C.CC1=CC=C(C=C1)S(=O)(=O)[O-],0.23713905
CCC(C)C1C(=O)NC(C(=O)NC(C(=O)NC(C(=O)NC(C(=O)NCCCCC(C(=O)NC(C(=O)N1)CCCN)NC(=O)C(C(C)CC)NC(=O)C(CCC(=O)O)NC(=O)C(CC(C)C)NC(=O)C2CSC(=N2)C(C(C)CC)N)CC(=O)N)CC(=O)O)CC3=CN=CN3)CC4=CC=CC=C4,0.0069373366
CCOC(=O)C1=NN(C(C1)(C)C(=O)OCC)C2=C(C=C(C=C2)Cl)Cl,0.59928125
CON=C(C1=CC=CC=C1OC2=C(C(=NC=N2)OC3=CC=CC=C3Cl)F)C4=NOCCO4,0.69995755
CN(C)C(=O)C1=CC=CC=C1NS(=O)(=O)NC(=O)NC2=NC(=CC(=N2)OC)OC,0.15118489
CC1(CCC=C2C13CCC(C3)C2(C)C)C,0.6479696
C1=CC(=C(C(=C1)Cl)C(=O)NCC2=C(C=C(C=N2)C(F)(F)F)Cl)Cl,0.5985391
C1=CC=C(C(=C1)C2=NC(=NO2)C3=CC(=CC=C3)C(=O)O)F,0.20997603
C1C2CC2N(C1C#N)C(=O)C(C34CC5CC(C3)CC(C5)(C4)O)N,0.112265006
COC=C(C1=CC=CC=C1COC2=CC=CC(=N2)C(F)(F)F)C(=O)OC,0.66384995
CC1C(C(CC(O1)OC2CC(CC3=C2C(=C4C(=C3O)C(=O)C5=C(C4=O)C(=CC=C5)OC)O)(C(=O)CO)O)N)OC6CCCCO6,0.9602337
CC(C)CC(C(=O)C1(CO1)C)NC(=O)C(CC2=CC=CC=C2)NC(=O)C(CC(C)C)NC(=O)C(CCC3=CC=CC=C3)NC(=O)CN4CCOCC4,0.020968009
C1=CC(=CC(=C1)C(F)(F)F)C(=NNC(=O)NC2=CC=C(C=C2)OC(F)(F)F)CC3=CC=C(C=C3)C#N,0.9022107
CCC(C)C1C(C=CC2(O1)CC3CC(O2)CC=C(C(C(C=CC=C4COC5C4(C(C=C(C5O)C)C(=O)O3)O)C)OC6CC(C(C(O6)C)OC7CC(C(C(O7)C)NC)OC)OC)C)C.C1=CC=C(C=C1)C(=O)O,0.4694855
CC1CNCCC2=C1C=C(C=C2)Cl,0.28863007
C1CCN(CC1)C2(CCN(CC2)CCCC(=O)C3=CC=C(C=C3)F)C(=O)N.Cl.Cl,0.50886583
CC(C)C1=C(C(=CC=C1)C(C)C)N2C(=O)C3=C(C2=O)C=C(C=C3)O,0.7506203
COC1=CN=C(N2C1=NC(=N2)NS(=O)(=O)C3=C(C=CC=C3OCC(F)F)C(F)(F)F)OC,0.62739223
CC(C)(C(=O)OCC=C)OC(=O)C1=C(C=CC(=C1)N2C(=O)C=C(N(C2=O)C)C(F)(F)F)Cl,0.6332494
CON=C(C1=CSC(=N1)N)C(=O)NC2C3N(C2=O)C(=C(CS3)C[N+]4=CC=CC5=C4CCC5)C(=O)[O-].OS(=O)(=O)O,0.008395688
CN1C(=NN=N1)SCC2=C(N3C(C(C3=O)NC(=O)C(=NOC)C4=CSC(=N4)N)SC2)C(=O)O.CN1C(=NN=N1)SCC2=C(N3C(C(C3=O)NC(=O)C(=NOC)C4=CSC(=N4)N)SC2)C(=O)O.Cl,0.004189734
C1=CC(=C(C(=C1)C(=O)C2=CC=C(C=C2)Br)N)CC(=O)[O-].C1=CC(=C(C(=C1)C(=O)C2=CC=C(C=C2)Br)N)CC(=O)[O-].O.O.O.[Na+].[Na+],0.29400072
CN1C=CC2=CC3=C(CCN3C(=O)NC4=CN=CC=C4)C=C21.Cl,0.4782262
C1CCN(CC1)CC2=CC(=CC=C2)OCCCNC3=NC4=CC=CC=C4S3.C(=CC(=O)O)C(=O)O.C(=CC(=O)O)C(=O)O,0.43986005
CCC(C)C1C(=O)NC(C(=O)NC(C(=O)NC(CSSCC(C(=O)NC(C(=O)N1)CC2=CC=C(C=C2)O)N)C(=O)N3CCCC3C(=O)NC(CC(C)C)C(=O)NCC(=O)N)CC(=O)N)CCC(=O)N.CC(=O)O,0.0099160625
C1=CC(=CC=C1N)S(=O)(=O)[N-]C2=NC=CS2.[Na+],0.029796625
C1=CC2=C(C(=C1)O)C(=O)C3=C(C2C4C(C(C(C(O4)CO)O)O)O)C=C(C=C3O)CO,0.4195909
C1C2C=CC1C3C2C4(C(=C(C3(C4(Cl)Cl)Cl)Cl)Cl)Cl,0.75631696
CC1(C(C1C(=O)OCC2=COC(=C2)CC3=CC=CC=C3)C=C4CCSC4=O)C,0.5902788
C1=CC=C2C(=C1)NC(=O)C3=C(O2)C=CC(=C3)Cl,0.5919532
CC(C)(C1=CC(=C(C=C1)O)C2=CC=CC=C2)C3=CC(=C(C=C3)O)C4=CC=CC=C4,0.9286116
CC1C(SC(=O)N1C(=O)NC2CCCCC2)C3=CC=C(C=C3)Cl,0.31631756
CC12CCCC3(C1C(C45C3CCC(C4)(C(=C)C5O)O)C(=O)O)OC2=O,0.31504136
C1=CN(C(=O)NC1=O)C2C(C(C(O2)COP(=O)(O)OC3C(OC(C3O)N4C=CC(=O)NC4=O)CO)O)O.N,0.16731885
C12C(C(C3C1O3)Cl)C4(C(=C(C2(C4(Cl)Cl)Cl)Cl)Cl)Cl,0.53371257
CC1=CC2=C(C=C1C(F)(F)F)N(CC2)C(=O)NC3=CN=C(C=C3)OC4=C(N=CC=C4)C.Cl,0.6286714
CC1=C(C2=CC3=C(C(=C([N-]3)C=C4C(=C(C(=N4)C=C5C(=C(C(=N5)C=C1[N-]2)C)C(C)SCC(C(=O)NC)N)C)C(C)SCC(C(=O)NC)N)C)CCC(=O)O)CCC(=O)O.[Fe+2],0.53174657
CC1CC2C(OC3(C1C4(CCC56CC57CCC(C(C7CCC6C4(C3O)C)(C)C)OC8C(C(C(CO8)O)O)O)C)O2)C(C)(C)O,0.4985142
CC(C1C(=O)NC(C(=O)NC(C(=O)NC(C(=O)NC(CSSCC(C(=O)NC(C(=O)NC(C(=O)NC(C(=O)NC(C(=O)NC(C(=O)NC(C(=O)N1)CCCCN)CC2=CNC3=CC=CC=C32)CC4=CC=CC=C4)CC5=CC=CC=C5)CC(=O)N)CCCCN)NC(=O)CNC(=O)C(C)N)C(=O)O)CO)C(C)O)CC6=CC=CC=C6)O,0.009736002
CCC(C)C(C(=O)NC(CC(C)C)C(=O)NC(CC(=O)N)C(=O)O)NC(=O)C(CO)NC(=O)C(CC(=O)N)NC(=O)C(CC(C)C)NC(=O)C(CC1=CC=C(C=C1)O)NC(=O)C(CCCCN)NC(=O)C(CCCCN)NC(=O)C(C(C)C)NC(=O)C(C)NC(=O)C(CCSC)NC(=O)C(CCC(=O)N)NC(=O)C(CCCCN)NC(=O)C(CCCNC(=N)N)NC(=O)C(CC(C)C)NC(=O)C(CCCNC(=N)N)NC(=O)C(C(C)O)NC(=O)C(CC2=CC=C(C=C2)O)NC(=O)C(CC(=O)N)NC(=O)C(CC(=O)O)NC(=O)C(C(C)O)NC(=O)C(CC3=CC=CC=C3)NC(=O)C(C(C)C)NC(=O)C(C)NC(=O)C(CC(=O)O)NC(=O)C(CO)NC(=O)C(CC4=CN=CN4)N,0.0013728556
C1=C(C=C(C(=C1O)O)O)C(=O)OC2=CC(=CC(=C2O)O)C(=O)OCC3C(C(C(C(O3)OC(=O)C4=CC(=C(C(=C4)OC(=O)C5=CC(=C(C(=C5)O)O)O)O)O)OC(=O)C6=CC(=C(C(=C6)OC(=O)C7=CC(=C(C(=C7)O)O)O)O)O)OC(=O)C8=CC(=C(C(=C8)OC(=O)C9=CC(=C(C(=C9)O)O)O)O)O)OC(=O)C1=CC(=C(C(=C1)OC(=O)C1=CC(=C(C(=C1)O)O)O)O)O,0.6141478
CC1CC(=CC(C1C=O)C)C.CC1C=C(CC(C1C)C=O)C,0.27904126
COC1=CC2=C(C=CN=C2C=C1)C(C3CC4CCN3CC4C=C)O.COC1=CC2=C(C=CN=C2C=C1)C(C3CC4CCN3CC4C=C)O.O.O.OS(=O)(=O)O,0.4777806
COC1=C(C2=C[N+]3=C(C=C2C=C1)C4=CC(=C(C=C4CC3)OC)OC)OC.O.[Cl-],0.52858675
C(COCC1C(C(C(C(O1)OCCO)OCCO)OCCO)OCCO)O.C(C1C(C(C(C(O1)O)O)O)O)O,0.28331137
C1CCC(CC1)N.C1CCC(CC1)N.C(C(COP(=O)(O)O)O)O,0.23933469
C[N+]1(CCC23C4C(=O)CCC2(C1CC5=C3C(=C(C=C5)O)O4)O)CC=C.[I-],0.71859795
CCC(C)C1C(=O)NC(C(=O)NC(=C)C(=O)NC(C(=O)NC23CCC(=NC2C4=CSC(=N4)C(C(OC(=O)C5=NC6=C(C=CC(C6O)N1)C(=C5)C(C)O)C)NC(=O)C7=CSC(=N7)C(NC(=O)C8CSC(=N8)C(=CC)NC(=O)C(NC(=O)C9=CSC3=N9)C(C)O)C(C)(C(C)O)O)C1=NC(=CS1)C(=O)NC(=C)C(=O)NC(=C)C(=O)N)C)C,0.043882124
C1=CC=C2C(=C1)C(=O)O[Bi]O2.O,0.5804815
CC1=C2C(=C(C=C1)[N+](=O)[O-])[Hg]O2,0.9925649
C1=C(C=C2C(=C1O)O[Bi]O2)C(=O)O.O,0.4476622
CCC(C)C(=O)OC1CC(C=C2C1C(C(C=C2)C)CCC(CC(CC(=O)[O-])O)O)O.[Na+],0.70506716
CC1=NC(=NC(=N1)OC)NC(=O)[N-]S(=O)(=O)C2=C(C=CC(=C2)I)C(=O)OC.[Na+],0.17597167
CN(C)C(=O)CCSC(C1=CC=CC(=C1)C=CC2=NC3=C(C=CC(=C3)Cl)C=C2)SCCC(=O)[O-].[Na+],0.68852144
C1C(C(C(C1O)C=CC(COC2=CC(=CC=C2)Cl)O)CC=CCCCC(=O)[O-])O.[Na+],0.3579921
C1CCC2=NC3=C(CN2CC1)C(=CC(=C3)Cl)Cl.Cl,0.6123829
COC1=CC(=C(C=C1C(=O)NC2CN3CCC2CC3)Cl)N.O.Cl,0.20183279
C1CC(CN(C1)CCC2=CC3=C(C=C2)OCO3)OC(C4=CC=CC=C4)C5=CC=CC=C5.C(=CC(=O)O)C(=O)O,0.47394872
CC1(CCC(=O)C2C13CCC(C3)C2(C)C)C,0.51787996
C1CCC(CC1)C2=C(C=CC(=C2)C3(CCCCC3)C4=CC(=C(C=C4)O)C5CCCCC5)O,0.92657226
CC1(C(N2C(S1(=O)=O)CC2=O)C(=O)[O-])CN3C=CN=N3.[Na+],0.0674397
CC#CCC(C)C(C=CC1C(CC2C1C3=CC=CC(=C3O2)CCCC(=O)[O-])O)O.[Na+],0.40756172
CC1=C(N(C(=C1)CC(=O)[O-])C)C(=O)C2=CC=C(C=C2)Cl.O.O.[Na+],0.20172018
CC1=C(C=CC2=C1OC(=O)C(=C2[O-])NC(=O)C3=CC(=C(C=C3)O)CC=C(C)C)OC4C(C(C(C(O4)(C)C)OC)OC(=O)N)O.[Na+],0.60922056
C1CCC(CC1)C(C=CC2C(CC3C2CC(=CC4=CC(=CC=C4)C(=O)[O-])O3)O)O.[Na+],0.45426345
CN1C2=CC=CC=C2C(C3=C(S1(=O)=O)C=C(C=C3)Cl)NCCCCCCC(=O)[O-].[Na+],0.52446777
CCN1CCN(C(=O)C1=O)C(=O)NC(C2=CC=C(C=C2)O)C(=O)NC3C4N(C3=O)C(=C(CS4)CSC5=NN=NN5C)C(=O)[O-].[Na+],0.0013876706
CC(C)C1=C(C(=C(C(=N1)C(C)C)COC)C2=CC=C(C=C2)F)C=CC(CC(CC(=O)[O-])O)O.[Na+],0.6021212
CCN1CCN(C(=O)C1=O)C(=O)NC(C2=CC=CC=C2)C(=O)NC3C4N(C3=O)C(C(S4)(C)C)C(=O)[O-].[Na+],3.031368e-05
CCC1(CCC(O1)C2(CCC3(O2)CC(C(C(O3)C(C)C(C(C)C(=O)[O-])OC)C)O)C)C4C(CC(O4)C5C(CC(C(O5)(CO)O)C)C)C.[Na+],0.27531505
CCOC1=C(C2=CC=CC=C2C=C1)C(=O)NC3C4N(C3=O)C(C(S4)(C)C)C(=O)[O-].[Na+],0.0006007545
CC1CC2C3CCC4=CC(=O)C=CC4(C3(C(CC2(C1(C(=O)COC(=O)C5=CC(=CC=C5)S(=O)(=O)[O-])O)C)O)F)C.[Na+],0.27050558
CC1C2CCC3(C(C2(CCC1O)C)C(CC4C3(CC(C4=C(CCC=C(C)C)C(=O)[O-])OC(=O)C)C)O)C.[Na+],0.48737735
CCC1(C(=O)NC(=NC1=O)[O-])C2=CC=CC=C2.[Na+],0.068155214
CC1=CC(=C(C=C1)NN=C2C(=O)C=CC(=NNC3=CC=C(C=C3)S(=O)(=O)[O-])C2=O)C.[Na+],0.63768315
CC1(C(N2C(S1)C(C2=O)NC(=O)C3=C(C=CC=C3OC)OC)C(=O)[O-])C.O.[Na+],0.00031466738
CC1(C(N2C(S1)C(C2=O)N3C(=O)C(NC3(C)C)C4=CC=CC=C4)C(=O)[O-])C.[K+],0.0004929822
C1=CC=C(C=C1)C(=O)NC(CC2=CC=C(C=C2)O)C(=O)NC3=CC=C(C=C3)C(=O)[O-].[Na+],0.30534697
CCC(=O)OC(C(C)C)OP(=O)(CCCCC1=CC=CC=C1)CC(=O)N2CC(CC2C(=O)[O-])C3CCCCC3.[Na+],0.43345457
COC1=CC(=NC(=N1)SC2=C(C(=CC=C2)Cl)C(=O)[O-])OC.[Na+],0.5516575
COC1=CC(=NC(=N1)OC2=C(C(=CC=C2)OC3=NC(=CC(=N3)OC)OC)C(=O)[O-])OC.[Na+],0.4620352
CC1(C(N2C(S1)C(C2=O)NC(=O)C(C3=CC=CC=C3)NC(=O)N4CCNC4=O)C(=O)[O-])C.[Na+],1.0777986e-05
C1=CC=C2C(=C1)N=C3C(=CC(=O)C4=C3C(=O)C=C(N4)C(=O)[O-])O2.[Na+],0.7143109
CC1C=CC=C(C(=O)NC2=CC(=C3C(=C2O)C(=C(C4=C3C(=O)C(O4)(OC=CC(C(C(C(C(C(C1O)C)O)C)OC(=O)C)C)OC)C)C)O)[O-])C.[Na+],0.6644632
CC1=CC(=C(C=C1N=NC2=CC=C(C=C2)S(=O)(=O)[O-])OC)N=NC3=CC=C(C=C3)OC.[Na+],0.69372493
CCC(C1CCC(C(O1)C(C)C(C(C)C(=O)C(CC)C2C(CC(C3(O2)C=CC(C4(O3)CCC(O4)(C)C5CCC(C(O5)C)(CC)O)O)C)C)O)C)C(=O)[O-].[Na+],0.24602927
[Li+].C1C2N(C1=O)C(C(=CCO)O2)C(=O)[O-],0.11835892
C1CCN(CC1)CCOC(=O)C(C2=CC=CC=C2)(C3=CC=CC=C3)O.Cl,0.3087922
C1=CC(=CN=C1)CC2=CC3=C(C=C2)OC(=C3)C(=O)[O-].O.[Na+],0.5102308
CCC(C)CCCCC(=O)NC(CCN)C(=O)NC(C(C)O)C(=O)NC(CCN)C(=O)NC1CCNC(=O)C(NC(=O)C(NC(=O)C(NC(=O)C(NC(=O)C(NC(=O)C(NC1=O)CCN)CC(C)C)CC(C)C)CCN)CCN)C(C)O,0.004776462
C1CC2=C(C=CC(=C2)F)OC1C(CNCC(C3CCC4=C(O3)C=CC(=C4)F)O)O.Cl,0.33841833
C1CN(CCC1C(=O)C2=CC=C(C=C2)F)CCN3C(=O)C4=CC=CC=C4NC3=S.Cl,0.6008507
CN1CCC(CC1)NC(=O)C2=CC(=C(C=C2)NC3=NC=C4C(=N3)N(CC(C(=O)N4C)(F)F)C5CCCC5)OC,0.45969176
CC(C)CC(C(=O)NC(CCCN=C(N)N)C(=O)N1CCCC1C(=O)NCC(=O)N)NC(=O)C(CC2=CNC3=CC=CC=C32)NC(=O)C(CC4=CC=C(C=C4)O)NC(=O)C(CO)NC(=O)C(CC5=CNC6=CC=CC=C65)NC(=O)C(CC7=CN=CN7)NC(=O)C8CCC(=O)N8.C1=CC=C2C(=C1)C=C(C(=C2CC3=C(C(=CC4=CC=CC=C43)C(=O)O)O)O)C(=O)O,0.018629594
CCNC(=O)C1CCCN1C(=O)C(CCCN=C(N)N)NC(=O)C(CC(C)C)NC(=O)C(CC2=CNC3=CC=CC=C32)NC(=O)C(CC4=CC=C(C=C4)O)NC(=O)C(CO)NC(=O)C(CC5=CNC6=CC=CC=C65)NC(=O)C(CC7=CN=CN7)NC(=O)C8CCC(=O)N8.CC(=O)O,0.0082016755
CCC1=CC2CC(C3=C(CN(C2)C1)C4=CC=CC=C4N3)(C5=C(C=C6C(=C5)C78CCN9C7C(C=CC9)(C(C(C8N6C)(C(=O)OC)O)OC(=O)C)CC)OC)C(=O)OC.C(C(C(=O)O)O)(C(=O)O)O,0.39647746
CC1CCCC(N1CC2=CC=C(C=C2)CC(C(=O)N(C)C(C)C)NC(=O)CC(C3=CC4=C(C=C3)OCO4)NS(=O)(=O)C5=CC6=C(C=C5)C=C(C=C6)OC)C.Cl,0.33686617
CCC(C)CCCCC(=O)NCCC1C(=O)NC(C(=O)NC(C(=O)NC(C(=O)NC(C(=O)NC(C(=O)NC(C(=O)NC(C(=O)N1)CC(C)C)CCN)CC(C)C)CCN)CCN)CCN)C(C)O,0.012456016
CN1CCC(CC1)NC2=NC=C3C(=N2)C(=NC=N3)NC4=CC(=C(C=C4)F)Cl.Cl.Cl,0.89146405
C1CC(C1)(C2=CC=C(C=C2)C3=C(C=C4C(=N3)C=CN5C4=NNC5=O)C6=CC=CC=C6)N.Cl.Cl,0.77679366
CC(=O)OCC1C(C(C(C(O1)OC2C(OC(C(C2O)OC(=O)C3=CC=CC=C3C(=O)O)O)COC(=O)C)O)OC(=O)C4=CC=CC=C4C(=O)O)O,0.060025454
C[N+]1=C2C=C(C=CC2=CC3=C1C=C(C=C3)N)N.C1=CC(=CC2=NC3=C(C=CC(=C3)N)C=C21)N.Cl.Cl.Cl.[Cl-],0.7657382
CC(CC1=CC=C(C=C1)OC)NCC(C2=CC(=C(C=C2)O)NC=O)O.CC(CC1=CC=C(C=C1)OC)NCC(C2=CC(=C(C=C2)O)NC=O)O.C(=CC(=O)O)C(=O)O,0.21756041
CC1=NN=C(O1)C(=O)NC(C)(C)C2=NC(=C(C(=O)N2C)O)C(=O)NCC3=CC=C(C=C3)F,0.24297675
CN1C2=CC=CC=C2C(=C(C1=O)C(=O)N(C)C3=CC=CC=C3)O,0.6213317
CN(C)C1C2C(C3C(=C)C4=C(C=CC(=C4C(=C3C(=O)C2(C(=C(C1=O)C(=O)N)O)O)O)O)Cl)O.C1=CC(=C(C=C1S(=O)(=O)O)C(=O)O)O,0.20144771
CC1=CN=C(S1)NC(=O)C2=C(C3=CC=CC=C3S(=O)(=O)N2C)O,0.2536129
CC1=CC(=NO1)NC(=O)C2=C(C3=CC=CC=C3S(=O)(=O)N2C)O,0.12165688
C1CC(C2=CC=CC=C2C1)C3=C(C4=CC=CC=C4OC3=O)O,0.7518863
C(C(C1C(=C(C(=O)O1)[O-])O)O)O.C(C(C1C(=C(C(=O)O1)[O-])O)O)O.O.O.[Ca+2],0.33015734
CC1(C2CC3C(C(=O)C(=C(C3(C(=O)C2=C(C4=C1C=CC=C4O)O)O)O)C(=O)NCN5CCCC5)N(C)C)O,0.2565194
CN(C)C1C2C(C3C(=C)C4=C(C(=CC=C4)O)C(=C3C(=O)C2(C(=C(C1=O)C(=O)N)O)O)O)O.Cl,0.27719358
CC1=CC(=C(C=C1CO)C(C)(C)C)SC2=C(CC(OC2=O)(CCC3=CC=C(C=C3)N)C(C)C)O,0.76988065
CC1C=CC=CC=CC=CC=CC=CC=CC(CC2C(C(CC(O2)(CC(CC(CC(CC(CC(=O)CC(CC(=O)OC1C(C)CCC(CC(=O)C3=CC=C(C=C3)N)O)O)O)O)O)O)O)O)C(=O)OC)OC4C(C(C(C(O4)C)O)N)O.CC1C=CC=CC=CC=CC=CC=CC=CC(CC2C(C(CC(O2)(CC(CC(CC(CC(CC(=O)CC(CC(=O)OC1C(C)CCC(CC(=O)C3=CC=C(C=C3)NC)O)O)O)O)O)O)O)O)C(=O)OC)OC4C(C(C(C(O4)C)O)N)O,0.5324905
C1(C2C(C(OC1C(=O)O2)O)O)O,0.15087622
C1=CSC2=C(C1O)C=CS2,0.38756868
CC1=C(C(=C(C=C1C2(C3=CC=CC=C3OS2(=O)=O)C4=CC(=C(C(=C4C)Br)[O-])Br)Br)O)Br.[Na+],0.60647196
CC1=CC(=CC(=C1N)S(=O)(=O)O)C(=C2C=CC(=[NH+]C3=CC=C(C=C3)S(=O)(=O)[O-])C=C2)C4=CC=C(C=C4)NC5=CC=C(C=C5)S(=O)(=O)[O-].[Na+].[Na+],0.61830187
COC1=C(C(=C(C=C1)CCN(CCC2=C(C(=C(C=C2)OC)OC)OC)C(=O)C(C3=CC=CC=C3)C4=NCCC5=CC(=C(C=C54)OC)OC)OC)OC.Cl,0.5978046
C[N+](C)(CCOC1=CC=CC=C1)CC2=CC=CS2.[I-],0.5618968
C1CC(C(NC1)CC(=O)CN2C=NC3=CC(=C(C=C3C2=O)Cl)Br)O.Cl,0.24647573
CN1C(=NC(=O)C(=N1)[O-])SCC2=C(N3C(C(C3=O)NC(=O)C(=NOC)C4=CSC(=N4)N)SC2)C(=O)[O-].[Na+].[Na+],0.009387822
C1CN=C(N1)C2=CC3=CC=CC=C3C=C2.C(=O)(C(=O)O)O,0.22841677
CCC1C(C=C(C=CC(=O)C(CC(C(C(C(CC(=O)O1)O)C)OC2C(C(C(C(O2)C)OC3CC(C(C(O3)C)O)(C)O)N(C)C)O)CC=O)C)C)COC4C(C(C(C(O4)C)O)OC)OC.C(C(C(=O)O)O)(C(=O)O)O,0.3077594
CC1CCC2(C(C3C(O2)CC4C3(CCC5C4CCC6C5(CCC(C6)O)C)C)C)NC1.Cl,0.3439476
C1CN2CCC1C(=C(COC3=CC4=C(C=C3)C5=CC=CC=C5N4)F)C2.Cl,0.8162896
CCN1C2=CC=CC=C2SC1=CC=CC=CC3=[N+](C4=CC=CC=C4S3)CC.[Cl-],0.8848389
C1CNCCC1CCC2=CNC3=CC=CC=C32.Cl,0.6072529
CC1=C(C(=O)CC1OC(=O)C2C(C2(C)C)C=C(C)C)CC=CC=C.CC1=C(C(=O)CC1OC(=O)C2C(C2(C)C)C=C(C)C(=O)OC)CC=CC=C,0.48385358
CCCC(=NOCC=C)[C-]1C(=O)CC(C(C1=O)C(=O)OC)(C)C.[Na+],0.5805127
C1=CC(=C(C=C1[N+](=O)[O-])[N+](=O)[O-])ON=CC2=CC(=C(C(=C2)Br)O)Br,0.8443533
CC1=CC=C(C=C1)C(C)OC(=O)C2(CCC(C2(C)C)C(=O)O)C.C(CO)NCCO,0.26666278
CC(C)C1=C(N(N(C1=O)C2=CC=CC=C2)C)CCN(C)C(C)CC3=CC=CC=C3,0.14152256
CC1=CC2=C(C=C1C)N(C=N2)C3C(C(C(O3)CO)OP(=O)([O-])OC(C)CNC(=O)CCC4(C(C5C6(C(C(C(=N6)C(=C7C(C(C(=N7)C=C8C(C(C(=N8)C(=C4[N-]5)C)CCC(=O)N)(C)C)CCC(=O)N)(C)CC(=O)N)C)CCC(=O)N)(C)CC(=O)N)C)CC(=O)N)C)O.CC(=O)[O-].[Co+3],0.17533472
CC(C)CC(C(=O)NC(CC(=O)O)C(=O)NC(CC(=O)N)C(=O)NC(CC1=CC=C(C=C1)O)C(=O)NC(CCCNC(=N)N)C(=O)NCC(=O)NC(CC2=CC=C(C=C2)O)C(=O)NC(CO)C(=O)NC(CC(C)C)C(=O)NCC(=O)NC(CC(=O)N)C(=O)O)NC(=O)CNC(=O)C(CC3=CN=CN3)NC(=O)C(CCCNC(=N)N)NC(=O)C(CCCCN)NC(=O)C(CCSC)NC(=O)C(C)NC(=O)C(C)NC(=O)C(C)NC(=O)C(CC(C)C)NC(=O)C(CCC(=O)O)NC(=O)C(CS)NC(=O)C(CCCNC(=N)N)NC(=O)CNC(=O)C(CC4=CC=CC=C4)NC(=O)C(C(C)C)N,0.0010911594
C=C1C(CC(C1CO)O)N2C=NC3=C2N=C(NC3=O)N,0.14495541
C1=CC(=CC=C1C(=O)NC(CCC(=O)O)C(=O)O)NCC2=CN=C3C(=N2)C(=O)NC(=N3)N,0.12783366
CC1C=CC=C(C(=O)NC2=C(C(=C3C(=C2O)C(=C(C4=C3C(=O)C(O4)(OC=CC(C(C(C(C(C(C1O)C)O)C)OC(=O)C)C)OC)C)C)O)O)C=NN5CCN(CC5)C)C,0.7550483
CN1CCN(CC1)C2=NC3=C(C=CC(=C3)Cl)NC4=CC=CC=C42,0.6083761
C1=NNC2=C1C(=O)NC(=O)N2,0.32978114
CCCOC1=CC=CC=C1C2=NC3=NNN=C3C(=O)N2,0.5594493
CC1=NC2=C(C=C(C=C2)CN(C)C3=CC=C(S3)C(=O)NC(CCC(=O)O)C(=O)O)C(=O)N1,0.10987798
C1=NNC2=C1C(=O)NC=N2,0.32940418
COC(=O)NN=CC1=[N+](C2=CC=CC=C2[N+](=C1)[O-])[O-],0.8020465
CC1C=CC=C(C(=O)NC2=C(C(=C3C(=C2O)C(=C(C4=C3C(=O)C(O4)(OC=CC(C(C(C(C(C(C1O)C)O)C)OC(=O)C)C)OC)C)C)O)O)C=NN5CCN(CC5)C6CCCC6)C,0.77027845
C1=CC=C2C(=C1)C(=O)NC=N2,0.32287833
CC1=C(C2=C(C=C1)N=C(NC2=O)N)SC3=CC=NC=C3.Cl.Cl,0.7059718
C=CCN1C2=C(N=C(NC2=O)N)N(C1=O)C3C(C(C(O3)CO)O)O,0.22970384
C1C2=C(C=CC(=C2Cl)Cl)N=C3N1CC(=O)N3.Cl,0.13838848
C1=CC=C(C=C1)C2=C(C(=O)NC(=N2)N)Br,0.28560215
C1=CC(=CC=C1CCC2=CNC3=C2C(=O)NC(=N3)N)C(=O)NC(CCC(=O)[O-])C(=O)[O-].[Na+].[Na+],0.2913529
CCCC1=NN(C2=C1N=C(NC2=O)C3=C(C=CC(=C3)S(=O)(=O)N4CCN(CC4)C)OCC)C.C(C(=O)O)C(CC(=O)O)(C(=O)O)O,0.26799217
CC(C1=CC(=CC(=C1)C(F)(F)F)C(F)(F)F)OC2C(N(CCO2)CC3=NNC(=O)N3)C4=CC=C(C=C4)F,0.634005
CC1C(=O)NC2=NC3=C(CN12)C(=CC=C3)Cl,0.14179249
CC1=CC(=O)C2=C(C3=C4C5=C2C1=C(C=C5C(C(=C4C(=O)C=C3O)O)(C)C)O)O,0.90119094
CC1=C(C=C(C=C1)N2C(=O)C(=C(N2)C)N=NC3=CC=CC(=C3O)C4=CC(=CC=C4)C(=O)O)C,0.56779474
CCC(=NOCC)C1=C(CC(CC1=O)C2=C(C=C(C=C2C)C)C)O,0.44778097
CN1CC(=O)NC1=NC(=O)NC2=CC(=CC=C2)Cl,0.3525923
C1C(N=C(NC1O)N)C2C(=O)NCC(C(=O)NC(C(=O)NC(C(=O)NC(=CNC(=O)N)C(=O)N2)CO)CO)NC(=O)CC(CCCN)N.OS(=O)(=O)O,0.006815844
C1CCC(CC1)(CC2=NOC(=O)N2)CN.Cl,0.19207038
CC(C)N1C2=NC=NC(=C2C(=N1)C3=CC4=C(N3)C=CC(=C4)O)N,0.78865576
CCC(=NOCC=CCl)C1=C(CC(CC1=O)C2CCOCC2)O,0.30364507
CN1C(CC2=CC(=C(C=C21)O)N=NC(=O)N)S(=O)(=O)[O-].[Na+],0.36841682
CCCCCCCCCC(=O)NC1C(C(C(OC1OC2=C3C=C4C=C2OC5=C(C=C(C=C5)C(C6C(=O)NC(C7=C(C(=CC(=C7)O)OC8C(C(C(C(O8)CO)O)O)O)C9=C(C=CC(=C9)C(C(=O)N6)NC(=O)C4NC(=O)C1C2=CC(=CC(=C2)OC2=C(C=CC(=C2)C(C(=O)NC(CC2=CC(=C(O3)C=C2)Cl)C(=O)N1)N)O)O)O)C(=O)O)OC1C(C(C(C(O1)CO)O)O)NC(=O)C)Cl)CO)O)O,0.06130568
CNC1CC(C(C(C1O)OC2C3C(C(C(O2)CO)O)OC4(O3)C(C(C(C(O4)C(CO)N)O)O)O)O)N,0.06025883
CC1=CC2=C(C=C1C)N(C=N2)C3C(C(C(O3)CO)OP(=O)([O-])OC(C)CNC(=O)CCC4(C(C5C6(C(C(C(=N6)C(=C7C(C(C(=N7)C=C8C(C(C(=N8)C(=C4[N-]5)C)CCC(=O)N)(C)C)CCC(=O)N)(C)CC(=O)N)C)CCC(=O)N)(C)CC(=O)N)C)CC(=O)N)C)O.[C-]#N.[Co+3],0.17370597
