canonical_smiles,cytotoxic_label
C(CCl)Cl,0.079971746
C(C=O)Cl,0.43050975
C1=CC(=CN=C1)C#N,0.086215
C1=CC(=CC=C1C(=O)O)O,0.09892044
C1(C(=O)NC(=O)N1)NC(=O)N,0.059470695
CCCC=O,0.3827042
CCCCO,0.22216977
COC1=C(C=CC(=C1)C=C)O,0.49267617
C1=C(C=C(C(=C1O)O)O)C(=O)O,0.1555911
C1=CC=C(C=C1)C(=O)NCC(=O)O,0.09913304
C1=CC(=CC=C1C=O)[N+](=O)[O-],0.23602638
C(C(=O)O)P(=O)(O)O,0.14620973
CCO,0.16857415
C1(C(C(C(C(C1Cl)Cl)Cl)Cl)Cl)Cl,0.19740644
C1=CN=CN1,0.31883845
II,0.96623904
C1CSSC1CCCCC(=O)N,0.17370631
CC(=O)NC1=CC=CC=C1,0.16256489
C1=CC(=CN=C1)C(=O)N,0.07899101
CCOP(=S)(OCC)OC1=CC=C(C=C1)[N+](=O)[O-],0.5948091
C1=CC=C(C=C1)CC(=O)O,0.042355955
CCC(=O)O,0.09254047
CC(=O)C(=O)O,0.113006875
CC1=C(SC=N1)CCO,0.067376725
CN(C)C,0.026083097
CCC(C)N(C)C(=O)C1=CC2=CC=CC=C2C(=N1)C3=CC=CC=C3Cl,0.7676977
C1=CC=C(C(=C1)C(F)(F)F)N2C=CN=C2,0.13036501
CN1C=CN=C1,0.12759984
C1=NNC(=N1)N,0.22378898
CC(=O)NP(=O)(OC)SC,0.44611186
CCC(C1=CC=CC=C1)C(=O)NC(=O)NC(=O)C,0.16458695
CC(=O)NC(CC1=CC=CC=C1)C(=O)O,0.099104755
C1=CC(=C(C=C1[N+](=O)[O-])Cl)C(=O)N,0.27700472
CC(C)NCC(COC1=CC=CC=C1CC=C)O,0.15233059
C=CCSCC1NC2=CC(=C(C=C2S(=O)(=O)N1)S(=O)(=O)N)Cl,0.05097336
CCCCC1=C(C2=CC=CC=C2O1)C(=O)C3=CC(=C(C(=C3)I)OCCN(CC)CC)I,0.84539855
CCOC(=O)OC(C)OC1=C(N(S(=O)(=O)C2=CC=CC=C21)C)C(=O)NC3=CC=CC=N3,0.43815276
COC1=CC=C(C=C1)C2C(=O)C3=CC=CC=C3C2=O,0.32188037
CCNC1=NC(=NC(=N1)Cl)NC(C)C,0.033753265
CN(C)CCCOC1(CCCCCC1)CC2=CC=CC=C2,0.7575669
CC(C)N1C(=O)C2=CC=CC=C2NS1(=O)=O,0.14124651
CC(C)COCC(CN(CC1=CC=CC=C1)C2=CC=CC=C2)N3CCCC3,0.90410423
C1=CC=C(C=C1)C2=CC=C(C=C2)C(C3=CC=CC=C3)N4C=CN=C4,0.9004258
CCN(CC)CCNC(=O)C1=CC(=C(C=C1OC)N)Br,0.33015043
C1=CC2=C(C(=C(C=C2Br)Br)O)N=C1,0.71804744
CC(C)(C)NCC(COC1=CC=CC=C1OCC2CCCO2)O,0.13489309
CC(C)C(CCCN(C)CCC1=CC(=C(C=C1)OC)OC)(C#N)C2=CC(=C(C=C2)OC)OC,0.83859813
C1=CC=C2C(=C1)C=CC3=CC=CC=C3N2C(=O)N,0.7796557
CC1(CC2=C(O1)C(=CC=C2)OC(=O)NC)C,0.2500695
C1=CC(=CC(=C1)Cl)NN=C(C#N)C#N,0.888442
CN1C(S(=O)(=O)CCC1=O)C2=CC=C(C=C2)Cl,0.2034391
CCCNC(=O)NS(=O)(=O)C1=CC=C(C=C1)Cl,0.036130544
C1=CC=C2C(=C1)C(=O)NC2(C3=CC(=C(C=C3)Cl)S(=O)(=O)N)O,0.30554643
CC(C)NCC(C1=CC(=C(C=C1)N)C#N)O,0.1238694
CCC(C)(C(=O)O)OC1=CC=C(C=C1)C2(CCCCC2)C3=CC=C(C=C3)OC(C)(CC)C(=O)O,0.42097834
C1CCN(CC1)C2(CCN(CC2)CCCN3C4=CC=CC=C4CCC5=C3C=C(C=C5)Cl)C(=O)N,0.98794055
C1COC2(N1CC(=O)NC3=C2C=C(C=C3)Cl)C4=CC=CC=C4Cl,0.1790826
C1CCC(C1)CC2NC3=CC(=C(C=C3S(=O)(=O)N2)S(=O)(=O)N)Cl,0.096005835
CC1(C(C1C(=O)OC(C#N)C2=CC(=CC=C2)OC3=CC=CC=C3)C=C(Cl)Cl)C,0.6900608
CCOP(=S)(OCC)OC1=NC(=NC(=C1)C)C(C)C,0.3200949
C1=CC(=CC=C1C(C2=CC=C(C=C2)Cl)C(Cl)(Cl)Cl)Cl,0.8796335
C1=CC(=C(C=C1Cl)CC2=C(C=CC(=C2)Cl)O)O,0.8739915
COC1=CC(=CC(=C1OC)OC)C(=O)OCCCN2CCCN(CC2)CCCOC(=O)C3=CC(=C(C(=C3)OC)OC)OC,0.7896207
CCCCN(CCN(CCCC)C(=O)N1CCOCC1)C(=O)N2CCOCC2,0.41274923
C1=CC=C(C=C1)C(=O)C2=CC=CC=C2,0.5993078
CN1C2=C(C(=O)N(C1=O)C)N(C=N2)CC(CO)O,0.11932695
CC1=CC(=NC(=N1)N2C(=CC(=N2)C)OC)OC,0.12199217
CCN(CC)CCOC1=CC=CC=C1C(=O)CCC2=CC=CC=C2,0.64376485
COC1=C(C=CC(=C1)CC=C)O,0.48908496
CC1=C(C=CC(=C1)OP(=S)(OC)OC)SC,0.66562444
C1=CC=C(C(=C1)C(=O)O)NC2=CC=CC(=C2)C(F)(F)F,0.29529962
C1CN(CCN1CCCN2C3=CC=CC=C3SC4=C2C=C(C=C4)C(F)(F)F)CCO,0.9824123
CNCCC(C1=CC=CC=C1)OC2=CC=C(C=C2)C(F)(F)F,0.8435824
CC(C1=CC(=C(C=C1)C2=CC=CC=C2)F)C(=O)OC(C)OC(=O)C,0.5571032
CC1=NC2=C(N1)C(=O)N(C(=O)N2CC3=CC=CO3)C,0.22951892
C1CCC(CC1)(CC(=O)O)CN,0.21195428
CC1=CN=C(C=N1)C(=O)NCCC2=CC=C(C=C2)S(=O)(=O)NC(=O)NC3CCCCC3,0.14692585
COC1=C(C=C(C=C1)Cl)C(=O)NCCC2=CC=C(C=C2)S(=O)(=O)NC(=O)NC3CCCCC3,0.31440398
C1=CC(=CC=C1C(=O)O)S(=O)(=O)N(Cl)Cl,0.17822745
C1CN(CCC1(C2=CC=C(C=C2)Cl)O)CCCC(=O)C3=CC=C(C=C3)F,0.8080338
C1NC2=CC(=C(C=C2S(=O)(=O)N1)S(=O)(=O)N)Cl,0.031523332
C1NC2=C(C=C(C(=C2)C(F)(F)F)S(=O)(=O)N)S(=O)(=O)N1,0.04629367
CC1=C(C(=O)C(=C(C1=O)OC)OC)CCCCCCCCCCO,0.6538824
CC(=O)N(CC(CO)O)C1=C(C(=C(C(=C1I)C(=O)NCC(CO)O)I)C(=O)NCC(CO)O)I,0.04050366
C(CO)N(C1=C(C(=C(C(=C1I)C(=O)NCC(CO)O)I)C(=O)NCC(CO)O)I)C(=O)CO,0.051172305
CCCCC1=NC2(CCCC2)C(=O)N1CC3=CC=C(C=C3)C4=CC=CC=C4C5=NNN=N5,0.8060511
CC(C)NCC(C1=CC(=C(C=C1)O)O)O,0.17052525
C1=C(OC=C(C1=O)O)CO,0.12007825
C1=CC(=CC=C1C#N)C(C2=CC=C(C=C2)C#N)N3C=NC=N3,0.9023031
C1=CC=C(C=C1)N2C3=CC=CC=C3C(C2=O)(CC4=CC=NC=C4)CC5=CC=NC=C5,0.80314654
CN(C1=NC(=CC=C1)OC)C(=S)OC2=CC3=C(CCCC3)C=C2,0.7035487
CCOC(=O)N1CCC(=C2C3=C(CCC4=C2N=CC=C4)C=C(C=C3)Cl)CC1,0.8407031
CC1=CC(=O)C2=CC=CC=C2C1=O,0.43285885
CCCC(C)(COC(=O)N)COC(=O)N,0.120005235
COC1=C2C(=CC3=C1OC=C3)C=CC(=O)O2,0.33576366
COC(=O)NC1=NC2=C(N1)C=C(C=C2)C(=O)C3=CC=CS3,0.8667884
CCN(CC)CCNC(=O)C1=CC(=C(C=C1OC)N)Cl,0.36199945
C1CCN(CC1)C2=NC(=N)N(C(=C2)N)O,0.46704206
C1CCN2C(C1)NC(=O)C23CCN(CC3)CCCN4C5=CC=CC=C5CCC6=C4C=C(C=C6)Cl,0.98550296
CC1=C2C(=NC=C1)N(C3=C(C=CC=N3)C(=O)N2)C4CC4,0.3045992
CC1=C(C(C(=C(N1)C)C(=O)OCCN(C)CC2=CC=CC=C2)C3=CC(=CC=C3)[N+](=O)[O-])C(=O)OC,0.8380958
CC(CCC1=CC=CC=C1)NC(C)C(C2=CC=C(C=C2)O)O,0.503784
C1=CC=C(C=C1)C2=C(OC(=N2)CCC(=O)O)C3=CC=CC=C3,0.32928658
CC(C)(CC1=CC=CC=C1)N(C)C(=O)CN(CCO)CC(=O)N(C)C(C)(C)CC2=CC=CC=C2,0.31581953
CCCOC1=CC2=C(C=C1)N=C(N2)NC(=O)OC,0.8723721
C(CN)C(O)(P(=O)(O)O)P(=O)(O)O,0.16322735
C1=CC=C(C=C1)C2C(=O)N=C(O2)N,0.12337309
CC(=O)CCCCN1C(=O)C2=C(N=CN2C)N(C1=O)C,0.42279845
CC(COC1=CC=CC=C1)N(CCCl)CC2=CC=CC=C2,0.72109175
C1=CC=C(C=C1)CCCOC(=O)N,0.2944301
CCOP(=S)(OCC)SCSCC,0.46702012
CC1=NC(=C(C(=N1)Cl)NC2=NCCN2)OC,0.018908251
C1CN(CCN1CC2=CC3=C(C=C2)OCO3)C4=NC=CC=N4,0.8755135
CN1C(NC2=CC(=C(C=C2S1(=O)=O)S(=O)(=O)N)Cl)CSCC(F)(F)F,0.09431518
C1CCN(CC1)CCC(C2=CC=CC=C2)(C3=CC=CC=C3)O,0.5498291
CC(C)(C)C1=CC(=CC(=C1O)C(C)(C)C)SC(C)(C)SC2=CC(=C(C(=C2)C(C)(C)C)O)C(C)(C)C,0.9404653
CCN(CC)CCNC(=O)C1=CC=C(C=C1)N,0.3074688
CC(C)N(C1=CC=CC=C1)C(=O)CCl,0.4115438
CC(C)C1=C(C(=CC=C1)C(C)C)O,0.8728168
CCC1=C(C(=NC(=N1)N)N)C2=CC=C(C=C2)Cl,0.34945306
C1CN(CCN1CCOCCO)C2=NC3=CC=CC=C3SC4=CC=CC=C42,0.8604163
CCCCSP(=O)(SCCCC)SCCCC,0.73000365
CC(C)(C(=O)OCCCOC(=O)C(C)(C)OC1=CC=C(C=C1)Cl)OC2=CC=C(C=C2)Cl,0.6600018
C1=CC=C(C=C1)NC(=O)CCCCCCC(=O)NO,0.46898472
CC1=CC(=NC(=N1)NS(=O)(=O)C2=CC=C(C=C2)N)C,0.044057675
C1=CC=NC(=C1)NS(=O)(=O)C2=CC=C(C=C2)N,0.089976266
C1=CC=C(C=C1)N2C(=O)C(C(=O)N2C3=CC=CC=C3)CCS(=O)C4=CC=CC=C4,0.5246114
CC1=C(ON=C1C)NS(=O)(=O)C2=CC=C(C=C2)N,0.04321115
CCCCC1(C(=O)N(N(C1=O)C2=CC=CC=C2)C3=CC=CC=C3)COC(=O)CCC(=O)O,0.5835887
CC1CN(CCN1)C2=C(C=C3C(=C2OC)N(C=C(C3=O)C(=O)O)C4CC4)F,0.018071506
CC(C)(C)C1=CC=C(C=C1)C(CCCN2CCC(CC2)C(C3=CC=CC=C3)(C4=CC=CC=C4)O)O,0.8430357
CN(C)C(=S)SSC(=S)N(C)C,0.9326482
C1=CC(=C(C=C1Cl)Cl)C(CN2C=CN=C2)OCC3=C(SC=C3)Cl,0.9166963
CCN(CC)C1=CC(=NC2=NC=NN12)C,0.116862796
C(Br)(Br)Br,0.2306842
C(CCl)N(CCCl)CCCl,0.24500467
COC1=CC(=CC(=C1OC)OC)CC2=CN=C(N=C2N)N,0.13683087
CC(C)(C)CC(C)(C)C1=CC=C(C=C1)OCCO,0.7493355
CC1=C(C2=C(CCC(O2)(C)COC3=CC=C(C=C3)CC4C(=O)NC(=O)S4)C(=C1O)C)C,0.760674
COC1=C(C=CC(=C1)C2=NNC(=O)C=C2)OC(F)F,0.2846224
CC12CC(C3C(C1CCC2(C(=O)CO)O)CCC4=CC(=O)C=CC34C)O,0.3798848
C1=CC(=C(C(=C1Cl)C(=O)O)Cl)Cl,0.039311282
C1=CC(=C(C(=C1)Cl)Cl)C(=O)O,0.03837151
CC1=CC=C(C=C1)N(CC2=NCCN2)C3=CC(=CC=C3)O,0.45288825
CC(C)NCC(C1=CC(=C(C=C1)O)O)O.Cl,0.14150026
CNCC(C1=CC(=C(C=C1)O)O)O,0.31118527
C1=CC(=C(C=C1C(=O)O)Cl)Cl,0.07660929
CC(=O)SC1CC2=CC(=O)CCC2(C3C1C4CCC5(C4(CC3)C)CCC(=O)O5)C,0.5410163
CC12CCC3C(C1CCC2=O)CC=C4C3(CCC(C4)O)C,0.570795
CCC1C(COC1=O)CC2=CN=CN2C,0.22504613
C1=CC(=C(C=C1OC2=C(C=C(C=C2I)CC(C(=O)O)N)I)I)O,0.348422
CN(CCCl)CCCl.Cl,0.07428034
C1=CC=C2C(=C1)C=CC3=CC4=CC=CC=C4C=C32,0.8184319
CC12CCC3C(C1CCC2(C#C)O)CCC4=C3C=CC(=C4)O,0.7784798
CC1=C2C=CC3=CC=CC=C3C2=C(C4=CC=CC=C14)C,0.76898116
CC1=C(C(=O)N(N1C)C2=CC=CC=C2)N(C)C,0.12685633
C1=CC=C(C=C1)CCO,0.13824035
CC(=O)OCC[N+](C)(C)C.[Cl-],0.06872
C1C2C(C(C(O2)N3C=NC4=C(N=CN=C43)N)O)OP(=O)(O1)O,0.37343538
CCOS(=O)(=O)C,0.19215877
CC(CCCN)NC1=C2C(=CC(=C1)OC)C=CC=N2.OP(=O)(O)O.OP(=O)(O)O,0.45898208
CC[N+](CC)(CC)CCOC1=C(C(=CC=C1)OCC[N+](CC)(CC)CC)OCC[N+](CC)(CC)CC.[I-].[I-].[I-],0.8655454
CC1CC(C(=O)C(C1)C(CC2CC(=O)NC(=O)C2)O)C,0.21540575
CN1C=NC2=C1C(=O)N(C(=O)N2C)C.C(C(=O)O)C(CC(=O)O)(C(=O)O)O,0.20884964
CC1(C(N2C(S1)C(C2=O)NC(=O)C(C3=CC=CC=C3)N)C(=O)O)C,0.0018262906
C(C(C(C(C(CO)O)O)O)O)O,0.15988472
C1=CC=C(C=C1)C(=O)CBr,0.625547
CC(C(C(=O)O)N)O,0.0805593
CC(C)NCC(C1=CC=C(C=C1)[N+](=O)[O-])O,0.16428673
C(Cl)Cl,0.045172255
C[N+](=O)[O-],0.32322052
CC(C)(C)S,0.04154938
C(F)(Cl)(Cl)Cl,0.025290197
CC(C)(C)OO,0.07406043
CC(C)(C)C(=O)O,0.051980298
CC(C)(CO)[N+](=O)[O-],0.21854311
CC1=C(C(=C(C=C1C2(C3=CC=CC=C3S(=O)(=O)O2)C4=CC(=C(C(=C4C)Br)O)Br)Br)O)Br,0.9009007
CC12C(C=CC3(C1C(C45C3CCC(C4)(C(=C)C5)O)C(=O)O)OC2=O)O,0.3999298
CC1(C(=O)NC(=O)N1)C,0.07412278
CC(CO)(CO)CO,0.06997966
CCO[Si](OCC)(OCC)OCC,0.18112905
CC1=CC=C(C=C1)OP(=O)(OC2=CC=C(C=C2)C)OC3=CC=C(C=C3)C,0.7142796
CC(C)C#N,0.15116161
C=C(CCl)Cl,0.06981381
C(=C(Cl)Cl)Cl,0.056425612
CC[N+](=O)[O-],0.21362805
CC(C)C(=O)O,0.063272275
C(C(=O)O)(Cl)Cl,0.108238384
CCC(C)(C)C1=CC(=C(C=C1O)C(C)(C)CC)O,0.9213696
CC(C)(C1=CC=CC=C1)OOC(C)(C)C2=CC=CC=C2,0.42730668
CCC(C)(C)C1=CC=C(C=C1)O,0.90628487
CC1=C(ON=C1C)N(C(=O)C)S(=O)(=O)C2=CC=C(C=C2)N,0.119416095
C1=CC2=C3C(=C1)C(=O)OC(=O)C3=CC=C2,0.22075519
CC1=C(C2=C(C=C1)C(=O)C3=CC=CC=C3C2=O)N,0.67650586
CC1=C(C(=CC=C1)C(=O)O)O,0.07522246
CC1CC2C3CCC(C3(CC(C2C4(C1=CC(=O)C=C4)C)O)C)(C(=O)CO)O,0.44132376
CC1=CC2=C(C=C1)C(=O)C3=CC=CC=C3C2=O,0.5504157
C1=CC=C2C(=C1)C(=O)C3=CC=CC=C3C2=O,0.56989163
C1C=CCC2C1C(=O)NC2=O,0.3806967
CCCCC(CC)COC(=O)C1=CC=CC=C1C(=O)OCCCC,0.5350885
C1=CC=C2C(=C1)C=CC=C2[N+](=O)[O-],0.20346506
C1=CC=C2C(=C1)C=CC=C2CC(=O)O,0.06229534
CCOC=C(C(=O)OCC)C(=O)OCC,0.4030203
CC1=C(C(=CC=C1)N)C,0.22578529
C1(=O)N(C(=O)N(C(=O)N1Cl)Cl)Cl,0.1862702
CCC(CC)C(=O)O,0.19192053
C1=COC(=C1)C(=O)O,0.060352128
C1=C(C=C(C(=C1N)O)S(=O)(=O)O)Cl,0.15254115
CCC1=CC(=C(C(=C1)C(C)(C)C)O)CC2=C(C(=CC(=C2)CC)C(C)(C)C)O,0.88597876
CC1=CC(=C(C=C1Cl)S(=O)(=O)O)N,0.16102722
CC1=CC=CC=C1[N+](=O)[O-],0.115512855
C1=C(C=C(C(=C1C(=O)O)Cl)[N+](=O)[O-])Cl,0.077290766
COC1=CC=CC=C1N,0.3601906
C1=CC(=CC2=C(C=C(C=C21)S(=O)(=O)O)O)N,0.29699665
CN(C)C1=CC=C(C=C1)C(=O)C2=CC=C(C=C2)N(C)C,0.9535603
C1=CC=C2C(=C1)C=CC=N2,0.40440372
CC1=CC2=CC=CC=C2C=C1,0.1861969
CCN(CC)C1=CC=CC=C1,0.30421737
CCN(CCO)C1=CC=CC(=C1)C,0.1671432
C1=CC=C(C=C1)C2=CC=CC=C2,0.6528531
C1=CC(=CC=C1C2=CC=C(C=C2)N)N,0.8276453
C1=CC=C(C=C1)C2=CC=C(C=C2)C3=CC=CC=C3,0.8935047
CC1=CC(=C(C=C1)O)OC,0.2979025
COC(=O)C1=CN=CC=C1,0.13448979
C1=CC=C(C=C1)C(=O)OC2=CC=CC=C2,0.6364245
CCOC(=O)CC(=O)C1=CC=CC=C1,0.21818163
CC(C)OC(=O)COC1=C(C=C(C=C1)Cl)Cl,0.15208966
CCC1=NN=C(S1)NS(=O)(=O)C2=CC=C(C=C2)N,0.020323578
CCCCOC(=O)COC1=C(C=C(C=C1)Cl)Cl,0.2216115
CC1=C(C=CC(=C1)Cl)OCCCC(=O)O,0.1842313
CC1=CC=CC=C1Br,0.16012575
C1=CC=C(C(=C1)N)Cl,0.42688254
CC1=C(C=C(C=C1)N)Cl,0.11081781
CC1=CC(=C(C=C1)C)N,0.1032488
CCOC(=O)C(=O)OCC,0.12925404
CC1=CC(=C(C=C1C)C)C,0.06446688
C(C(CBr)Br)Cl,0.20671351
CC1CCCC1,0.34866145
C1CCC(C1)O,0.366895
CCC1=CC(=C(C=C1)O)C(C)(C)C,0.8321306
C1=CC(=C(C=C1[N+](=O)[O-])[N+](=O)[O-])N,0.586507
C1=CC(=C(C=C1Cl)SC2=C(C=CC(=C2)Cl)O)O,0.89332426
COC1=C(C=CC(=C1)[N+](=O)[O-])N,0.2749375
CCC(CC)C=O,0.41627508
C1=COC(=C1)C=O,0.19561619
C1=CC=C(C=C1)C(Cl)(Cl)Cl,0.34564713
C1=CC=C(C=C1)S(=O)(=O)Cl,0.1602142
C1=CC(=CC(=C1)Cl)C(F)(F)F,0.081801176
C1=CC(=CC=C1N)[As](=O)(O)O,0.23542851
CC(C)(C)C1=CC=C(C=C1)C(=O)O,0.5756423
CC(=O)C1=CC=CC=C1,0.20697956
C1=CC=C(C=C1)C(=O)Cl,0.13684428
CC1=CC(=CC=C1)C(=O)O,0.041802425
CNCC(=O)C1=CC(=C(C=C1)O)O,0.34026462
C1=CC(=CC(=C1)[N+](=O)[O-])C=O,0.3388464
C1=CC(=CC(=C1)[N+](=O)[O-])[N+](=O)[O-],0.5894277
CC1=CC=C(C=C1)C(C)C,0.7684995
CC(C)C1=CC=C(C=C1)O,0.9182849
C1=CC(=CC=C1N)[N+](=O)[O-],0.2714728
CC(=O)C1=CC=C(C=C1)[N+](=O)[O-],0.35602316
C1=CC(=CC=C1[N+](=O)[O-])[N+](=O)[O-],0.652924
CCC1=CC=CC=C1,0.13728963
C1=CC=C(C=C1)CCl,0.22564283
C1CCC(=NO)CC1,0.42783636
CCN1CCOCC1,0.07044619
C1CCN(CC1)N=O,0.43845403
C1CN2CCC1CC2,0.25231633
CC(C(=O)O)OC1=CC(=CC=C1)Cl,0.08032607
C1=CC=C(C=C1)OC2=CC=C(C=C2)Br,0.7821824
C1=CC(=CC=C1N)OC2=CC=C(C=C2)Cl,0.87249297
CCC(C)NC1=CC=C(C=C1)NC(C)CC,0.8331604
CC1=C(C=CC(=C1)OC)N,0.32547703
CCCCN(CCCC)CCO,0.38193047
CCCCCCCCCCCCN(CCCCCCCCCCCC)CCCCCCCCCCCC,0.9308437
C1=CC=C(C=C1)COC2=CC=C(C=C2)O,0.8756949
CC(C)CC(=O)OCC1=CC=CC=C1,0.4092737
C1=CC=C(C=C1)CCBr,0.2717379
CCCCC1CCC(=O)O1,0.22799076
CCCCC1=CC=CC=C1,0.33444947
CCCCCC1CCC(=O)O1,0.4049846
CC1=CC=C(C=C1)C=O,0.06278559
COC1=CC=C(C=C1)CO,0.19007616
COC(=O)CC#N,0.15061802
CCOC(=O)CC(=O)OCC,0.20477952
CC(CCC=C(C)C)CCOC=O,0.4401817
CCCC(=O)OCCC(C)C,0.38025653
CC1=CC=C(C=C1)S,0.2819975
CC(C)COC(=O)C=C,0.3511057
CCCBr,0.13104211
C=CCCl,0.11465112
CC(CC(C)(C)O)O,0.13773227
CCCCOP(=O)(O)OCCCC,0.34248626
CC(=O)CC(C)(C)OC,0.14975671
CC(C)OC(C)C,0.08040797
CC1COC(=O)O1,0.0894426
C1=CC(=CC(=C1)Cl)N,0.20404907
CC1=NC(=CC=C1)C,0.036193464
CC1=CC(=CC(=C1)N)C,0.100067645
C1(=NC(=NC(=N1)Cl)Cl)Cl,0.049268886
CC(C)CC(=O)CC(C)C,0.27277347
CC1=CN=CC=C1,0.08951024
C1=CC=NC(=C1)Br,0.23752382
CC(C)OCCO,0.105501465
CCCCCl,0.1115618
CCCCN,0.24746871
COCCO,0.13056615
C1=COC=C1,0.18892816
CC(C)(CCC(C)(C)O)O,0.13022254
CCCCCCCCCC(=O)OC,0.44075477
CCCCCC,0.2836272
CCCCC=O,0.2948802
COCCOC,0.11403877
C1COCCN1,0.070799604
CCCCCCC(=O)O,0.19303733
C(CCBr)CCBr,0.16249476
CCCCCCS,0.4166933
C(CNCCN)N,0.15178722
CCCCCCC=C,0.37697792
CCCCCCCCCCCC(=O)OC,0.46109617
CCCCCCCCBr,0.36718613
C(CCl)OCOCCCl,0.1690316
CCCCNCCCC,0.33148235
CCCCCCCCCCCCCCCC[N+](C)(C)C.[Cl-],0.78284925
CCCCCCCOC(=O)C,0.45856085
CCCCCCCCCCBr,0.47720635
COCCOCCOCCO,0.25184765
CCCCCCCCCCCC,0.4975466
CCOCCOCCOCCO,0.30971837
CCCCCCCCCCCCCCBr,0.54581195
CCCCCCCCCCCCCCO,0.51833314
CCCCC(CC)CN1C(=O)C2C3CC(C2C1=O)C=C3,0.8541125
CC(C)(C=C)O,0.09018036
CC(=O)OC1=CC=C(C=C1)C2(C3=CC=CC=C3NC2=O)C4=CC=C(C=C4)OC(=O)C,0.8851293
CCC(C)C1(C(=O)NC(=O)NC1=O)CC=C,0.21104231
CC1CC(CC(C1)(C)C)O,0.47939298
C1=CC=C2C(=C1)C(=O)C3=C(C2=O)C=C(C=C3)N,0.625487
CC1CC(CC(C1)(C)C)OC(=O)C2=CC=CC=C2O,0.71209115
C1=CC=C(C=C1)COC(=O)C2=CC=CC=C2O,0.66420954
C1(=C(C(=C(C(=C1Cl)Cl)Cl)Cl)Cl)Cl,0.1345694
COC1=C(C=C(C=C1)[N+](=O)[O-])[N+](=O)[O-],0.546687
CC1=CC(=C(C(=C1)C(C)(C)C)O)CC2=C(C(=CC(=C2)C)C(C)(C)C)O,0.8398476
COC1=C(C=CC(=C1)C2=CC(=C(C=C2)N)OC)N,0.8015249
C1=CC=C(C=C1)CC2=C(C=CC(=C2)Cl)O,0.85150003
CC1=CC=CC=C1NC(=O)C,0.18831713
C1=CC=C2C(=C1)N=C(S2)SSC3=NC4=CC=CC=C4S3,0.95745873
CCOC1=C(C=CC(=C1)C=O)O,0.21745871
C1=CC(=CC=C1NC(=O)N)[As](=O)(O)O,0.23619165
C1=C(SC(=N1)N)[N+](=O)[O-],0.2337494
C1=CC(=CC(=C1)[N+](=O)[O-])C(=O)Cl,0.30996624
C1=CC(=CC=C1C(=O)Cl)[N+](=O)[O-],0.4335622
C1CCC(CC1)C2=C(C(=CC(=C2)[N+](=O)[O-])[N+](=O)[O-])O,0.7597327
COC(=O)C1=CC=CC=C1C(=O)OC,0.25078088
CCCCCOC(=O)C1=CC=CC=C1C(=O)OCCCCC,0.59184027
C1=CC=C(C=C1)C(=O)C2=C(C=C(C=C2)O)O,0.75429803
CCCCOC(=O)C1=CC=CC=C1C(=O)O,0.21937285
C1=CC=C2C(=C1)C=CC=C2NC(=O)C3=CC=CC=C3C(=O)O,0.39212218
C1=CC=C2C(=C1)C=CC=C2N,0.57965666
C1=CC(=CC2=CC(=C(C=C21)O)S(=O)(=O)[O-])S(=O)(=O)[O-].[Na+].[Na+],0.30607876
C1=CC(=CC=C1C(=O)OCC(CO)O)N,0.39504105
CC1=CC2=NNN=C2C=C1,0.41769433
C1=CC(=C(C=C1N)N)O.Cl.Cl,0.57152015
C1=CC(=CC=C1C(=O)O)S(=O)(=O)N,0.12123931
CC(COC1=CC=C(C=C1)C(C)(C)C)OS(=O)OCCCl,0.85337794
COC1=CC=C(C=C1)CC=C,0.50903994
CCC(=O)OCCC(C)CCC=C(C)C,0.4184544
CCCCCCC(CCCCCCCCCCC(=O)OC)O,0.5091356
CCC1=CC(=CC=C1)CC,0.13587761
CCCCCCC(=O)OCC=C,0.40148628
CC(=O)NCCO,0.07784194
CCCCCCC,0.33446366
CCCNCCC,0.17795847
CCCCCCNCCCCCC,0.57328516
CC(C)C(C(C)(C)CO)O,0.16223735
COC(OC)OC,0.19876343
COC1=CC=C(C=C1)OC,0.62389
CC12CCC3C(C1CCC2(C#C)O)CCC4=C3C=CC(=C4)OC5CCCC5,0.7827925
CCOC1=CC=C(C=C1)N,0.49684185
C(CS)N.Cl,0.12991482
C1=CC=C2C=C3C4=CC=CC=C4C5=CC=CC=C5C3=CC2=C1,0.823021
C1=NC=NN1,0.2550765
C1=CN=CC=N1,0.15662168
CCCCC(CC)COP(=O)(O)OCC(CC)CCCC,0.4819499
C[N+](CCCl)(CCCl)[O-],0.13885863
C12(C(C(C(C(C1(F)F)(F)F)(F)F)(F)F)(C(C(C(C2(F)F)(F)F)(F)F)(F)F)F)F,0.24345165
CC1=CC(=CC(=C1N(C)C)C)OC(=O)NC,0.80115896
C1=CC(=C(C=C1Cl)Cl)C(F)(F)F,0.17007713
C1=NC(=NC(=O)N1C2C(C(C(O2)CO)O)O)N,0.45081913
C1=CC(=CC=C1NC(=O)NC2=CC=C(C=C2)[N+](=O)[O-])[N+](=O)[O-],0.9433797
COS(=O)(=O)C(F)(F)F,0.228649
CCSCC,0.2657174
CCCCCCCCCC(=O)OC1CCC2C1(CCC3C2CCC4=CC(=O)CCC34)C,0.5360816
CCOC(=O)C(F)(F)F,0.14264107
C1=CC=C(C=C1)CC(=O)C2=CC=CC=C2,0.5490912
C1=CC(=CN=C1)N,0.1561981
CC1CCC2CC1C2(C)C,0.08915824
C1=CC2=C(C(=C1)O)C(=O)C3=C(C2=O)C=C(C=C3O)CO,0.68372685
CCC(C)C1=C(C(=CC(=C1)[N+](=O)[O-])[N+](=O)[O-])OC(=O)C=C(C)C,0.74755484
C1=CC=C(C=C1)C2=NC3=CC=CC=C3C(=C2O)C(=O)O,0.13117525
C1CC2=CC=CC=C2C1,0.4846393
CC1=CC(=C(C=C1C(C)(C)C)C(C)(C)C)O,0.93968
C1=CC(=NC(=C1)C(=O)O)C(=O)O,0.0088029625
C1=CC=C(C=C1)COC(=O)Cl,0.19627146
CC(CCC=C(C)C)CC(=O)O,0.30110157
C1=CC=NC(=C1)N,0.1710055
CC(C)CCCC(C)CCCC(C)CCCC(C)(C=C)O,0.48729104
[C-]#N.[C-]#N.[K+].[Ag+],0.57196796
CCC(C)S,0.20322703
CC12CCC(=O)CC1CCC3C2CCC4(C3CCC4O)C,0.5027123
C1CC(C2=CC=CC=C2C1)C3=NCCN3.Cl,0.09227469
CC1=NC=C(C(=C1O)CN)CO.Cl.Cl,0.08132268
CC1=CC=CC=C1C=O,0.15927726
C1=CC(=CC=C1C2=CC=C(C=C2)N)N.Cl.Cl,0.75043017
C(C(=O)CCl)Cl,0.1734213
C1=CC=C(C=C1)NC2=NC=NC(=N2)N,0.14694995
C1=CC=C(C=C1)CSCC2=CC=CC=C2,0.7615659
C1=CC(=CC=C1O)I,0.778677
CC(=O)OC(C)(C)C,0.08233299
CCOC(=O)NC(C(Cl)(Cl)Cl)O,0.08568074
CC(C)CON=O,0.08255245
CC(C)CCOCCC(C)C,0.38438374
CCCCON=O,0.080631375
C1=CC(=CC=C1N)S(=O)(=O)NC(=O)N,0.02222359
C1=CC(=CC(=C1)O)[N+](=O)[O-],0.19827944
CC(=CCO)C,0.15386368
CC1=CC(=CC=C1)OP(=O)(OC2=CC=CC(=C2)C)OC3=CC=CC(=C3)C,0.75185204
CC=C(Cl)Cl,0.08337216
C1=CC(=C(C(=C1)C(=O)O)C(=O)O)C(=O)O,0.07042166
CN(C)C1=CC=C(C=C1)C(=C2C=CC(=[N+](C)C)C=C2)C3=CC=CC=C3.[Cl-],0.9864851
C(C1C(C(C(C(O1)OC2C(OC(C2O)(CO)O)CO)O)O)O)O,0.21493864
C1=NN=CN1N,0.057130035
CC1=C(C(=O)CC1OC(=O)C2C(C2(C)C)C=C(C)C)CC=C,0.56460255
C(C#N)Br,0.749267
CC1=CC(=CC=C1)Br,0.11756491
CCCCNC(=O)N,0.16021377
CC(C)(Cl)Cl,0.021641003
CC(C)([N+](=O)[O-])Cl,0.15618785
C[NH2+]C.CN(C)C(=S)[S-],0.9302808
C1=CC=C2C(=C1)C=C3C=CC=CC3=C2[N+](=O)[O-],0.5791845
C1=CC=C(C=C1)[Sb](C2=CC=CC=C2)C3=CC=CC=C3,0.9964567
C1=CC2=C(C(=C1)[N+](=O)[O-])N=CC=C2,0.2225289
C1=CC=C(C(=C1)C(=O)N)[N+](=O)[O-],0.17746684
CCC1=CC=CC=C1C,0.13404483
CC1=CC2=C(C=CC=N2)C=C1,0.18515213
C1=CC=C2C=C3C=C(C=CC3=CC2=C1)N,0.73466796
C1C(=O)CC2=CC=CC=C21,0.111256376
CC1=CC(=C(C=C1)Cl)O,0.4671484
C1=C(C=C(C=C1N)N)C(=O)O,0.044473868
C1=C(C=C(C=C1C(=O)O)[N+](=O)[O-])C(=O)O,0.062862344
COC(=O)C1=CC=C(C=C1)[N+](=O)[O-],0.5345033
CCC1=CC(=CC=C1)O,0.3200996
CC1=CC=C(C=C1)NC(=O)N,0.16334465
CC1=CC=C(C=C1)C=C,0.12775166
CCOC(=O)CS,0.20275874
C1=CC(=CC=C1N)N.Cl.Cl,0.21686466
CCC(C)COC(=O)C,0.18440807
CC(CC(C)O)O,0.16971138
CCOCC(=O)O,0.07423927
CCOCCOCC,0.15398179
CCOC(C)(C)C,0.0646346
CC(=O)[O-].CC(=O)[O-].[Mn+2],0.23733126
CCCCCCCCCCCCCCCCCC#N,0.607156
CCC1C(C(C(C(=O)C(CC(C(C(C(C(C(=O)O1)C)OC2CC(C(C(O2)C)O)(C)OC)C)OC3C(C(CC(O3)C)N(C)C)O)(C)O)C)C)O)(C)O,0.6196781
C1COCO1,0.13059588
CC1=CC=C(C=C1)S(=O)(=O)NC(=O)NC2CCCCC2,0.08905215
CC(C)(CCC(=O)O)C(=O)O,0.06642066
CC(C)N=C=NC(C)C,0.18703501
CCCCCCCCC(=O)C,0.44907573
CCC1CCC(=O)O1,0.11907777
CCCC1CCCC(=O)O1,0.22528234
CC(C)C1=CC(=CC(=C1)C(C)C)C(C)C,0.8595498
CC(C)OP(=S)(OC(C)C)SCCNS(=O)(=O)C1=CC=CC=C1,0.48914993
CCOP(O)OCC,0.242095
C1=CC=C(C(=C1)C(C2=CC=C(C=C2)Cl)C(Cl)(Cl)Cl)Cl,0.87475806
C1=CC=C(C=C1)P(=O)(C2=CC=CC=C2)C3=CC=CC=C3,0.76422673
CCCCCC(C#C)O,0.35803494
C1CCC(=O)C(C1)Cl,0.3707847
CC1=C(C=CC=C1N)N,0.38505414
C1=CC=C(C=C1)CCN=C(N)N=C(N)N.Cl,0.35844558
C1=CC=C(C=C1)OP(=O)(O)OC2=CC=CC=C2,0.32250872
C1=CC=C(C(=C1)C#N)Cl,0.20069103
CC(=O)C1CCCCC1=O,0.24360408
C1=CC=C(C=C1)SSC2=CC=CC=C2,0.95454216
CCO[Si](CCC#N)(OCC)OCC,0.18181369
C(C(=O)C(Cl)Cl)Cl,0.18313673
CC1(C(=O)C(C1=O)(C)C)C,0.11042017
C1=C(C(=C(C(=C1Cl)Cl)O)Cl)Cl,0.70435625
C1=CC=C(C=C1)N2C(=O)C=CC2=O,0.7307357
CCOP(=O)(OCC)OC1=NC(=NC(=C1)C)C(C)C,0.3701527
CC12CCC(=O)C=C1C=CC3C2CCC4(C3CCC45CCC(=O)O5)C,0.58765244
CC1=C(C=CC(=C1)C2=CC(=C(C=C2)N=NC3=C(C4=CC=CC=C4C(=C3)S(=O)(=O)[O-])N)C)N=NC5=C(C6=CC=CC=C6C(=C5)S(=O)(=O)[O-])N.[Na+].[Na+],0.8129791
CCCCCCCCCCCCCCC(=O)O,0.46266812
C1C2C(COS(=O)(=O)O1)C3(C(=C(C2(C3(Cl)Cl)Cl)Cl)Cl)Cl,0.6316457
COCCO[Si](C=C)(OCCOC)OCCOC,0.44442466
CCCCCCCOC(=O)C1=CC=C(C=C1)O,0.8386603
CN(C)S(=O)(=O)N(C1=CC=CC=C1)SC(F)(Cl)Cl,0.804747
CCCCCCCCCCCCCC[N+](C)(C)C.[Br-],0.78946626
CCCCCCCCCCCCC=C,0.5218837
CC1=NC=C(C=C1)O,0.08036867
CC1=C(N=C(C(=N1)C)C)C,0.0738987
CC1=CC(=CC=C1)NC2=CC=CC=C2,0.88260186
CCCCC(CC)COP(=O)(OC1=CC=CC=C1)OC2=CC=CC=C2,0.72976106
CCCCCCCCCCCC(=O)OCC(CO)O,0.47535765
CCCC(=O)C1=CC(=C(C=C1O)O)O,0.7209158
C1=CN(C=C1)CC2=CC=CO2,0.2599538
CCCCCCCCCCCCCCCCCO,0.5631094
C1CCNC(C1)CCO,0.10019431
CC1(C(N2C(S1)C(C2=O)NC(=O)CC3=CC=CC=C3)C(=O)O)C.CC1(C(N2C(S1)C(C2=O)NC(=O)CC3=CC=CC=C3)C(=O)O)C.C1=CC=C(C=C1)CNCCNCC2=CC=CC=C2,0.01044689
CC(=C)C(=O)OCC(COC1=CC=C(C=C1)C(C)(C)C2=CC=C(C=C2)OCC(COC(=O)C(=C)C)O)O,0.6428496
C1=CC=C(C=C1)P(=O)(O)O,0.070773855
CC(=O)[O-].CC(=O)[O-].[Hg+2],0.265438
CCOC(=O)CC(C(=O)OCC)SP(=O)(OC)OC,0.66120404
CCN(CC)C(=O)N1CCN(CC1)C.C(C(=O)O)C(CC(=O)O)(C(=O)O)O,0.19721729
CC1=CC(=CC(=C1)OCC2CNC(=O)O2)C,0.16071823
C1=C(C=C(C(=C1Br)O)Br)C#N,0.6416787
C1=CC=C(C=C1)N2C(=O)C(=C(C=N2)N)Cl,0.5730187
C1C(C2(C(=C(C1(C2(Cl)Cl)Cl)Cl)Cl)Cl)CBr,0.6095947
C1=CC(=CC=C1N=NC2=CC(=C(C=C2)O)C(=O)O)[N+](=O)[O-],0.6220489
C=CCC1=CC=CC=C1O,0.5386875
CCC1NC2=CC(=C(C=C2S(=O)(=O)N1)S(=O)(=O)N)Cl,0.028504854
CC1=CC(=C(C(=C1)C(C)(C)C)O)C,0.7312375
CC[N+]1=CC=CC=C1.[Br-],0.115797706
CC(C)(C)C1=CC=C(C=C1)OC2CCCCC2O,0.895632
CCCCCCCC1=CC=C(C=C1)O,0.9504374
CCCCCCCCN(C)C,0.6014293
CC(=O)CC(=O)N(C)C,0.15721816
CCCCOC(=O)CCC(=O)C,0.30190513
C1CCC(CC1)N2CC3=CC(=C(C=C3C2=O)S(=O)(=O)N)Cl,0.39653727
CCCCC(=O)OC1(C(CC2C1(CC(C3(C2CCC4=CC(=O)C=CC43C)F)O)C)C)C(=O)CO,0.37111357
C1(=C(C(=NC(=C1Cl)Cl)Cl)Cl)Cl,0.25990313
CC(C)NC(=O)C=C,0.15384564
CC1=CC=CC=C1OCC2CO2,0.7284699
C1=CC=C(C=C1)CCN=C=S,0.43779045
CCN(CC1=CC(=CC=C1)S(=O)(=O)[O-])C2=CC=C(C=C2)C(=C3C=CC(=[N+](CC)CC4=CC(=CC=C4)S(=O)(=O)[O-])C=C3)C5=C(C=C(C=C5)O)S(=O)(=O)[O-].[Na+].[Na+],0.7321724
CC1CC2C3CCC4=CC(=O)C=CC4(C3(C(CC2(C1(C(=O)COP(=O)([O-])[O-])O)C)O)F)C.[Na+].[Na+],0.2393601
CCCCCCCCCCCCCCCl,0.54718417
CCN(CC)CCOC(=O)C=C,0.32574213
CC1=CCC(CC1)C(C)(C)O,0.1997781
CCCCC(CC)COCC1CO1,0.77631164
CN(C)C1=CC=C(C=C1)C(=N)C2=CC=C(C=C2)N(C)C.Cl,0.96599245
CCCCCCCCOC(=O)C=C,0.68928635
CCCCCCOC(=O)C=C,0.70953906
C1CCC(CC1)SSC2CCCCC2,0.7379272
C1CCN(CC1)C=O,0.22583498
C1=CC=C2C(=C1)C(=O)NS2,0.50649405
COC1=CC(=C(C=C1)N)OC,0.28868592
C1CC1C(=O)NC2=CC(=C(C=C2)Cl)Cl,0.81509936
CC1=CC(=C(C=C1)O)N=NC2=CC=C(C=C2)NC(=O)C,0.8714351
CC(=O)CC(C)(C)NC(=O)C=C,0.24343948
C1(=C(C(=O)C1=O)O)O,0.6617284
CCN(CC)C(=O)SCC,0.30610037
C1=CC=C(C=C1)CSC#N,0.30225873
C[N+](C)(C)CC1CO1.[Cl-],0.091097794
C1=CC=C(C=C1)N(CCC(=O)O)C(=O)C2=C(C(=C(C=C2I)I)N)I,0.30721647
CC1=CC(=C(C=C1)N=NC2=C(C=CC3=CC=CC=C32)O)C,0.87828636
CC1=C(C=CC(=C1)Cl)N.Cl,0.18904996
C1CCC(CC1)N=C=O,0.1604041
CCCCCCCCCCCC[N+](C)(C)CCCCCCCCCCCC.[Br-],0.96167517
C1=CC2=C(C=C1N=C=S)C(=O)OC23C4=C(C=C(C=C4)O)OC5=C3C=CC(=C5)O,0.98252493
CCCCCCCCCCCC(=O)N(CC)CC,0.57559425
C1(=NC(=NC(=N1)Cl)N)N,0.0158903
C1=CC=C2C(=C1)C(=NC2=N)N,0.48038408
CNC(=O)NC1=CC(=C(C=C1)Cl)Cl,0.7066563
CCCCNS(=O)(=O)C1=CC=CC=C1,0.40701786
CCCCCCCCCCCOC(=O)C1=CC=CC=C1C(=O)OCCCCCCCCCCC,0.62480825
C1=CC(=S)N(C=C1)[O-].[Na+],0.45046046
CC(=O)C1=CC2=C(C=C1)SC3=CC=CC=C3N2CCCN4CCC(CC4)CCO,0.9901181
C1=CC(=CC=C1C(=O)CCCCl)F,0.3669766
CN1CCC(=C2C3=CC=CC=C3CCC4=C2N=CC=C4)CC1,0.7857686
CC(C1=CC=CC=C1)N[NH3+].OS(=O)(=O)[O-],0.14363924
C=CC(=O)OCCOCCOC(=O)C=C,0.7444895
C1CC(OC1CO)N2C=NC3=C(N=CN=C32)N,0.5602708
CC(C)(COC(=O)C1=CC=CC=C1)COC(=O)C2=CC=CC=C2,0.44767043
CC1=C(C(=C(C2=C1OC(CC2)(C)CCCC(C)CCCC(C)CCCC(C)C)C)OC(=O)CCC(=O)O)C,0.57664394
C1COCCN1C=O,0.2521874
CC(CCC#N)C#N,0.1893527
CC(C)C1CCC(CC1)O,0.27522755
CCN(CC1=CC(=CC=C1)S(=O)(=O)[O-])C2=CC=C(C=C2)C(=C3C=CC(=[N+](CC)CC4=CC(=CC=C4)S(=O)(=O)[O-])C=C3)C5=CC=CC=C5.[Na+],0.9130916
CC(C)OC1=CC=CC=C1O,0.32412016
C(C(C(=O)O)S(=O)(=O)O)C(=O)O,0.16420853
CC1=C(C(=CC=C1)C)OCC(C)N.Cl,0.21757352
B(OC(C)C)(OC(C)C)OC(C)C,0.28985384
[NH3+]O.[Cl-],0.07019182
CCOP(=O)(OCC)OC1=NC(=C(C=C1Cl)Cl)Cl,0.7008575
C(CN(CC#N)CC#N)N(CC#N)CC#N,0.18176796
CC1=C(C=C(C=C1)C=O)C,0.10584941
CC(COP(=O)(OCC(C)Cl)OCC(C)Cl)Cl,0.30091932
C1=C(C=C(C(=C1C(=O)O)O)S(=O)(=O)O)N,0.077795394
C1=CC=C2C(=C1)C(=O)C3=C(C=C(C(=C3C2=O)N)S(=O)(=O)O)Br,0.28404108
C1CCCCCOCCCCOC(=O)CCCC1,0.531269
CCCCCCCCCCCC1=CC=CC=C1,0.8704111
CNC(=O)OC1=CC=CC=C1C2OCCO2,0.12465382
CC(C)(CO)N(C)C,0.099068195
CCCCCCCCCC[N+](C)(C)CCCCCCCCCC.[Cl-],0.96792275
CCCCCCCCCCCC[N+](C)(C)CC1=CC=CC=C1.[Br-],0.9508345
CN(C1CCCCC1)C2CCCCC2,0.52202827
CC(C(C)Cl)Cl,0.08299357
O=[Si]=O,0.32764098
[O-]S(=O)(=O)[O-].[Na+].[Na+],0.17043665
OP(=O)([O-])OP(=O)(O)[O-].[Na+].[Na+],0.15142573
CCN1CN(CN(C1)CC)CC,0.23355041
O=S(=O)(Cl)Cl,0.09157775
CC(C)OC(=O)NC1=CC=CC=C1,0.5226807
C[Si](C)(C)O[Si](C)(C)C,0.0661227
C[Si](=O)C,0.1522975
CCCCCCOC(=O)C(C)CC,0.53920937
CCC(C)N,0.11522536
[N+](=O)([O-])[O-].[N+](=O)([O-])[O-].[Ca+2],0.21782735
CCOC(=O)C1=CC=C(C=C1)N(C)C,0.77070135
C=CC(=O)OCCCCCCOC(=O)C=C,0.74975437
CCOC(=O)C1=CN2C(=CC(=N2)OP(=S)(OCC)OCC)N=C1C,0.32029042
C1=CC=[N+](C(=C1)[S-])[O-].C1=CC=[N+](C(=C1)[S-])[O-].[Zn+2],0.705403
CCCC(=O)OC1(CCC2C1(CC(C3C2CCC4=CC(=O)CCC34C)O)C)C(=O)CO,0.37290093
CC(CCl)OP(=O)(OC(C)CCl)OC(C)CCl,0.83799404
CC(CC1=CC=CC=C1)N(C)CC#C.Cl,0.20452964
C1=CC(=C(C(=C1CNNC(=O)C(CO)N)O)O)O.Cl,0.3591996
C1=CC(=CC=C1[N+](=O)[O-])OC2=C(C=C(C=C2)C(F)(F)F)[N+](=O)[O-],0.8271318
CCC1=NC=CN=C1CC,0.19658323
CCNC(=O)C(C)OC(=O)NC1=CC=CC=C1,0.31396955
CC1=C(C=C(C=C1)N)OC,0.18585855
CCC(C)(C)C1CCC(=O)CC1,0.30436528
CCS(=O)(=O)CCSP(=O)(OC)OC,0.51189184
C1=CC=C(C=C1)CCI,0.6678842
C1=CC(=C(C(=C1[N+](=O)[O-])Cl)Cl)Cl,0.5213632
C1CCC(CC1)SN2C(=O)C3=CC=CC=C3C2=O,0.7248384
C=CC(=O)OCCOCCOCCOCCOC(=O)C=C,0.79317504
CC(CCCC(C)(C)O)C=C,0.24432461
CCCCCCCCCC(CC)C1=CC=C(C=C1)S(=O)(=O)O,0.7571629
CC(C)OC1=C(C=C(C(=C1)N2C(=O)OC(=N2)C(C)(C)C)Cl)Cl,0.73097634
CC(C)(C)C1=NN=C(N(C1=O)N)SC,0.5437112
CCCCC(CC)COC(=O)C1=CC=C(C=C1)N(C)C,0.7846605
C1=CC=C2C(=C1)N=C(S2)SCSC#N,0.7059365
CC(=O)C1=NC=CN=C1,0.14956035
CC(C)CC1C(=O)N2CCCC2C3(N1C(=O)C(O3)(C(C)C)NC(=O)C4CN(C5CC6=C(NC7=CC=CC(=C67)C5=C4)Br)C)O.CS(=O)(=O)O,0.96231097
CCCC(C)C1(C(=O)NC(=O)NC1=O)CC=C,0.3232579
CC(=O)CCC1=CC(=C(C=C1)O)OC,0.18789102
C1=CC=C(C=C1)NNC2=CC=CC=C2,0.9100195
C1=CC=C(C=C1)CCCO,0.18150285
COC1=CC=C(C=C1)C=O,0.1529876
C[N+](C)(C)CCO.[OH-],0.0682522
CCCCCCCCCCCCCCCC[N+](C)(C)CC.[Br-],0.8410621
C(Cl)(Br)Br,0.11224885
CC12CC(C3(C(C1CC(C2(C(=O)CO)O)O)CCC4=CC(=O)C=CC43C)F)O,0.29217812
CC(=O)OCC1C(C(C(C(O1)OC2(C(C(C(O2)COC(=O)C)OC(=O)C)OC(=O)C)COC(=O)C)OC(=O)C)OC(=O)C)OC(=O)C,0.5712453
CCCCOP(=O)(OCCCC)OCCCC,0.5212724
CC(=C)C#N,0.14408363
CC(C)(C)C1=C(C(=CC=C1)C(C)(C)C)O,0.8820514
C1=CC=C(C=C1)CNC(=O)CN2C=CN=C2[N+](=O)[O-],0.2926038
CC(C)C1=CC2=C(C=C1)C=C(C=C2)C(C)C,0.89098036
CCCOC(=O)NCCCN(C)C,0.17716794
CCCCCCCCC(CCCCCC)C(=O)O,0.6287959
CN(C)C(=O)CNC(=O)CC1=CC=CC=C1,0.11024765
CC1=CC(=C(C=C1S(=O)(=O)[O-])OC)N=NC2=C(C=CC3=C2C=CC(=C3)S(=O)(=O)[O-])O.[Na+].[Na+],0.53527266
CC1(C(N2C(S1)C(C2=O)NC(=O)C(C3=CC=CC=C3)N)C(=O)OCOC(=O)C(C)(C)C)C,0.03168019
CCCCCCCCN1C(=O)C=CS1,0.96105546
C1CN(CCN1C(C(Cl)(Cl)Cl)NC=O)C(C(Cl)(Cl)Cl)NC=O,0.32061514
CCCCCC1=CC=CC(=O)O1,0.58858657
C1CC(CCC1CN)C(=O)OC2=CC=C(C=C2)CCC(=O)O.Cl,0.15697832
CC(C)CCCCCOC(=O)CS,0.58047193
CCN(CC)C1=C(C=C(C(=C1[N+](=O)[O-])N)C(F)(F)F)[N+](=O)[O-],0.6061817
CC(C)CCCCCCCOP(=O)(OC1=CC=CC=C1)OC2=CC=CC=C2,0.75871176
CCSCC1=CC=CC=C1OC(=O)NC,0.28800473
COC(=O)NC1=NC2=C(N1)C=C(C=C2)C(=O)C3CC3,0.8454065
CN(C)C1CSSSC1.C(=O)(C(=O)O)O,0.07818412
C1=CC(=CC=C1C(C(=O)O)N)O,0.08114509
CC1(C(N2C(S1)C(C2=O)N=CN3CCCCCC3)C(=O)O)C,0.00253662
CCC(C)NC1=C(C=C(C=C1[N+](=O)[O-])C(C)(C)C)[N+](=O)[O-],0.7262661
CC(C)C1=CC=C(C=C1)NC(=O)N(C)C,0.850341
C1=C(C(=CC(=C1Cl)Cl)Cl)C2=CC(=C(C=C2Cl)Cl)Cl,0.9143832
C1C(C(C(C(C1NC(=O)C(CCN)O)OC2C(C(C(C(O2)CO)O)N)O)O)OC3C(C(C(C(O3)CN)O)O)O)N,0.69182855
C(NC(=O)NC1C(=O)NC(=O)N1CO)NC(=O)NC2C(=O)NC(=O)N2CO,0.11580478
CCCCCCOC1=CC=C(C=C1)N,0.89958775
CCCCCCCCC(=O)OCC(C)OC(=O)CCCCCCCC,0.43543443
CC1=CC(=O)N(C(=C1)C2CCCCC2)O.C(CO)N,0.46406284
CC(C)(C)NCC(COC1=CC=CC2=C1CC(C(C2)O)O)O,0.13868135
CC1(C(=O)N(C(=O)O1)C2=CC(=CC(=C2)Cl)Cl)C=C,0.59272325
CC(=O)OCCCCCCCCC=C,0.50589013
C1=CC=C(C=C1)NC(=O)NC2=CN=NS2,0.373968
CC1(C(C1C(=O)OC(C#N)C2=CC(=CC=C2)OC3=CC=CC=C3)C=C(Br)Br)C,0.7261627
C1CCCCCC(=O)OCCOC(=O)CCCC1,0.73699164
C1=CC(=C(C(=C1)Cl)CN2C=NC3=C(N=CN=C32)N)F,0.53114456
CC1=C(C(=CC=C1)C)NC(=O)CN(CC(=O)O)CC(=O)O,0.2194345
CC(=O)CN(CC(=O)C)N=O,0.29921144
C1=CC(=C(C(=C1)Cl)SC(CCC2=CC=C(C=C2)Cl)CN3C=CN=C3)Cl.[N+](=O)(O)[O-],0.9537613
CCCN1CC(CC2C1CC3=CNC4=CC=CC2=C34)CSC.CS(=O)(=O)O,0.7623187
CC(C)OC1=CC=CC(=C1)NC(=O)C2=CC=CC=C2C(F)(F)F,0.69984967
C1=CC=C2C(=C1)C(OC2=O)OC(=O)C3=C(N=CC=C3)NC4=CC=CC(=C4)C(F)(F)F,0.78882396
C1(=C(SN=C1Cl)C(=O)O)Cl,0.089193664
CCCCOC(=O)C(C)OC1=CC=C(C=C1)OC2=NC=C(C=C2)C(F)(F)F,0.76127654
CN1C2=C(C(=O)N(C1=O)C)N(C=N2)CC3OCCO3,0.13086843
CS(=O)(=O)NC(=O)C1=C(C=CC(=C1)OC2=C(C=C(C=C2)C(F)(F)F)Cl)[N+](=O)[O-],0.62832654
CC1=CC(=NC(=N1)NC(=O)NS(=O)(=O)C2=CC=CC=C2C(=O)OC)C,0.09444328
CCC(C)C(=O)OC1CC(C=C2C1C(C(C=C2)C)CCC3CC(CC(=O)O3)O)C,0.78094107
C1(C(=C(C(=O)O1)Cl)C(Cl)Cl)O,0.3848664
CC1CN(CCC1(C2=CC=CC=C2)C(=O)O)C3CCC(CC3)(C#N)C4=CC=C(C=C4)F.Cl,0.4958404
CCN1CCCC1CNC(=O)C2=C(C=CC(=C2OC)Br)OC,0.36547145
CCNC(=O)N(CCCN(C)C)C(=O)C1CC2C(CC3=CNC4=CC=CC2=C34)N(C1)CC=C,0.6992656
CCCN(CCC)C(=O)CC1=C(N=C2N1C=C(C=C2)Cl)C3=CC=C(C=C3)Cl,0.7279761
C1CCN(CC1)CCOC2=CC=C(C=C2)C(=O)C3=C(SC4=C3C=CC(=C4)O)C5=CC=C(C=C5)O.Cl,0.9316691
COC1=CC(=NC(=N1)NC(=O)NS(=O)(=O)CC2=CC=CC=C2C(=O)OC)OC,0.11344475
CC#CC1(CCC2C1(CC(C3=C4CCC(=O)C=C4CCC23)C5=CC=C(C=C5)N(C)C)C)O,0.8536871
C1CN(CCN1)C2=C(C=C3C(=C2)N(C=C(C3=O)C(=O)O)C4=CC=C(C=C4)F)F,0.03863446
COCCOCC(OC)OC,0.23369056
C1CN(CCN1CCCCN2C(=O)C3=CC=CC=C3S2(=O)=O)C4=NC=CC=N4,0.9222365
CCCN(CCC1=CC=CS1)C2CCC3=C(C2)C=CC=C3O,0.9157123
CCC(C(=O)N)N1CCCC1=O,0.15215732
CC1CN(CC(N1)C)C2=C(C3=C(C(=C2F)F)C(=O)C(=CN3C4CC4)C(=O)O)F,0.02657012
CCC1(C2=C(COC1=O)C(=O)N3CC4=CC5=C(C=CC(=C5CN(C)C)O)N=C4C3=C2)O.Cl,0.7482271
COP(=O)(C(C1=CC=C(C=C1)Cl)OP(=O)(OC)OC)OC,0.5826411
C(C(C(=O)O)N)S.Cl,0.06688922
C1=CC=C(C=C1)NN.Cl,0.38828295
C1=CC(=C(C=C1S(=O)(=O)O)N)S(=O)(=O)O,0.1998168
CCN(CC)CCN,0.10231277
CCN(CC)CCOC(=O)C(=C)C,0.2139087
CC1=C(C(CC=C1)(C)C)C=O,0.46902648
CCOC1=CC=C(C=C1)NC(=O)CC(=O)C,0.44241828
CCCCC(CC)C(=O)[O-].CCCCC(CC)C(=O)[O-].[Ca+2],0.30157033
C(C(Br)(Br)Br)Br,0.8208158
CCC(CO)(COCC=C)COCC=C,0.35462743
CCC(C)(C)OC,0.09738314
CC(C)SCC1=CC=CO1,0.1203153
CCCCCC(=O)OCCC1=CC=CC=C1,0.5143995
O.O.O.O.O.O.O.[O-]S(=O)(=O)[O-].[Co+2],0.15935603
CC(=O)C1=C2CCC(C2=CC(=C1)C(C)(C)C)(C)C,0.85936314
CC1CC(C(=O)C1=O)C,0.34603614
[O-]S(=O)(=O)SSS(=O)(=O)[O-].[K+].[K+],0.37879843
CC1(CSC(CS1)(C)O)O,0.17414735
CCN(CC1=C(C=CC=C1Cl)F)C2=C(C=C(C=C2[N+](=O)[O-])C(F)(F)F)[N+](=O)[O-],0.70871276
C(NC(=O)N(CO)C1C(=O)N(C(=O)N1CO)CO)O,0.21850564
CC(=O)OC1CCCCC1C(C)(C)C,0.32081708
CCCCCCCCCCCCCC[N+]1=CC=CC=C1.[Br-],0.9884494
CC(C)CCC(=O)CCC(C)C,0.29793656
CC(C)(C)N(CCO)CCO,0.13171029
CCC1=CC(=C(C=C1)O)OC,0.40437055
C1C=CCC2C1CC=C2,0.34613484
C(S(=O)(=O)C(Cl)(Cl)Cl)(Cl)(Cl)Cl,0.10118789
C1C(O1)CN(CC2CO2)C3=CC=C(C=C3)OCC4CO4,0.97809225
CC(C)CC1=NC=CS1,0.13001595
CCCCC(CC)CO[N+](=O)[O-],0.41748518
CC(C(=O)C1=CC(=CC=C1)Cl)NC(C)(C)C.Cl,0.09933869
CC1CC(=O)C2(C(O1)OC3C(C(C(C(C3O2)NC)O)NC)O)O.Cl.Cl,0.21697402
CC(C)CC(C1(CCC1)C2=CC=C(C=C2)Cl)N(C)C.Cl,0.5624825
CC(CC1=CC2=C(C=C1)OCO2)C=O,0.29990986
C1=CC=C2C(=C1)C3=C(N2)C=NC=C3,0.53112
CC(=C)C(=O)OCC(CO)O,0.20223875
CC1=NC2=C(C=C1)C(=CC(=C2O)Br)Br,0.4398837
CC(C)CN1C=NC2=C1C(=O)N(C(=O)N2C)C,0.17771254
CCCCN1CCCC1C(=O)NC2=C(C=C(C=C2C)C)C,0.309282
CC1=NN=C2N1C3=C(C=C(S3)CCC(=O)N4CCOCC4)C(=NC2)C5=CC=CC=C5Cl,0.09839237
CC1=C(C(C(=C(N1)N)C(=O)OC2CN(C2)C(C3=CC=CC=C3)C4=CC=CC=C4)C5=CC(=CC=C5)[N+](=O)[O-])C(=O)OC(C)C,0.9101451
CN1CCC(CC1)OC(C2=CC=CC=C2)C3=CC=CC=C3.Cl,0.8799083
CCN(CC)CCNC(=O)C1=CC=C(C=C1)N.Cl,0.25942117
CC[N+](CC)(CC)CC1=CC=CC=C1.[Cl-],0.21796137
CCCCCCCCCCCCS(=O)(=O)Cl,0.59607697
[Li+].[Li+].[O-]S(=O)(=O)[O-],0.15852138
C1=CC=C(C(=C1)C(C2=CC=C(C=C2)O)C3=CC=C(C=C3)O)C(=O)O,0.8049534
C1=CC(=C(C=C1Cl)Cl)C(=O)Cl,0.2220076
CCOC(=O)C1=CC=C(C=C1)C,0.38814083
C1=CC2=NNN=C2C=C1Cl,0.6617008
C1=CC(=CC(=C1)OCCO)OCCO,0.08346313
COCCC1=CC=CC=N1,0.10035598
C1=CC=C(C=C1)OC(=O)C2=C(C3=CC=CC=C3C=C2)O,0.7679426
C1=C(C(=CC(=C1O)Cl)Cl)O,0.69667584
C(CN(CCO)CCO)N(CCO)CCO,0.26354867
C(C(C(=O)O)N)SSCC(C(=O)O)N,0.05980502
C1=CC(=C(C=C1[N+](=O)[O-])Cl)F,0.17372447
C(=O)(C(C(C(C(C(C(F)(F)F)(F)F)(F)F)(F)F)(F)F)(F)F)O,0.36524105
CC(C)(CCl)C1=CC=CC=C1,0.38758904
CN(C)CCOC1=CC=C(C=C1)CNC(=O)C2=CC(=C(C(=C2)OC)OC)OC.Cl,0.499886
C1=CC(=CC=C1COC(CN2C=CN=C2)C3=C(C=C(C=C3)Cl)Cl)Cl.[N+](=O)(O)[O-],0.91433257
CCN1C=C(C(=O)C2=CC(=C(C(=C21)F)N3CCNC(C3)C)F)C(=O)O.Cl,0.012461724
C1=C(C=C(C(=C1S(=O)C2=C(C(=CC(=C2)Cl)Cl)O)O)Cl)Cl,0.848558
CC1=CC=C(C=C1)OC(=O)C2=CC=CC=C2O,0.6047782
CC(C)C(=O)C1=CC=CC=C1,0.22730172
C1=CC=C(C=C1)CN(CC2=CC=CC=C2)O,0.58708584
COC1=CC(=CC(=C1)OC)OC,0.099325605
CC(C)(C)C1=CC=C(C=C1)N,0.8868397
C1=CC(=CC=C1C(=O)NC2=CC=C(C=C2)N)N,0.872322
C1=CC=C(C(=C1)C(=O)C2=CC=CC=C2O)O,0.72037876
C(COS(=O)(=O)O)N,0.19026248
C1COCCN1CNC(=O)C2=NC=CN=C2,0.082447805
CC(C)N(C)C,0.06107852
C1=CC=C(C=C1)C[P+](C2=CC=CC=C2)(C3=CC=CC=C3)C4=CC=CC=C4.[Cl-],0.88217413
CC(C)(C)C(=O)CC(=O)C(C)(C)C,0.28555796
CC(CCOC(=O)C(=C)C)OC(=O)C(=C)C,0.29565558
CC(C)NCC(COC1=CC=CC=C1OCC=C)O.Cl,0.11628888
CCOC1=CC=C(C=C1)C(C)(C)COCC2=CC(=CC=C2)OC3=CC=CC=C3,0.9008401
CN(CCC1=CC=C(C=C1)NS(=O)(=O)C)CCOC2=CC=C(C=C2)NS(=O)(=O)C,0.64916193
CN1CC2CC1CN2C3=C(C=C4C(=C3)N(C=C(C4=O)C(=O)O)C5CC5)F,0.044546604
CC(CN1CC(=O)NC(=O)C1)N2CC(=O)NC(=O)C2,0.015612495
CC(COC1=CC=CC=C1)NN,0.20118763
C[N+](C)(C)CCOC(=O)C(C1=CC=CC=C1)(C2=CC=CC=C2)O.[I-],0.2849557
C1=CC(=CC(=C1)S(=O)(=O)[O-])S(=O)(=O)[O-].[Na+].[Na+],0.23517372
CN1C=NC2=NC=NC(=C21)N,0.19624254
CCCC1=CC(=C(C=C1)OCC(=O)N2CCN(CC2)C(=O)COC3=C(C=C(C=C3)CCC)OC)OC,0.56571776
C1=CC=C(C=C1)CN=CC2=CC=CC=C2O,0.78697175
CC(C)(C)C1CCC(CC1)CC2=C(C3=CC=CC=C3C(=O)C2=O)O,0.6000097
CN1CCC2=CC3=C(C=C2C1O)OCO3.Cl,0.41407266
C1C(C(OC2=CC(=CC(=C21)O)O)C3=CC(=C(C=C3)O)O)O,0.81523126
C1=CC(=CC(=C1)C(=O)NN)C(=O)NN,0.25118044
C1=CC(=O)NC=C1C(=O)O,0.075689
C1=CC=C(C(=C1)C2=NN=C(N=N2)C3=CC=CC=C3Cl)Cl,0.03723958
COC(=O)C1=C(N=C(C(=N1)Cl)Cl)N,0.31815618
COC(=O)CCCC(=O)O,0.15006672
CCCCCCC(=O)C1=CC=CC=C1,0.5996446
CC1=C(C=C(C=C1)C(C)C2=CC(=C(C=C2)C)C)C,0.69645876
CCCC(=O)C(=O)O,0.15930639
CCCCCCCCCC#N,0.5142308
C(CI)C(C(C(C(C(C(F)(F)F)(F)F)(F)F)(F)F)(F)F)(F)F,0.5627981
CCCCCCCCCCCCCCCCCCOCCO,0.60408497
C1=CC=C(C=C1)NC2=CC=C(C=C2)N.Cl,0.923813
C1=CC=C(C(=C1)C(=C2C=C(C(=O)C(=C2)I)I)C3=CC(=C(C(=C3)I)[O-])I)C(=O)[O-].[Na+].[Na+],0.64200276
CCOC(=N)CC(=O)OCC.Cl,0.15926652
C1=CC2=C(C=C1C3=CC4=C(C=C3)C(=O)OC4=O)C(=O)OC2=O,0.06952237
CCCCCCCCNC,0.47154945
C1C2=CC=CC=C2C3=C1C=C(C=C3)O,0.8567071
C(COCCN)N,0.19739111
CC1=NC2=C(N1)C=C(C=C2)Cl,0.20460692
C1=CC(=C(C=C1C(=O)O)N)Cl,0.07073056
COC(=O)C1=CC(=CC(=C1)Cl)Cl,0.30439416
C1COCCN1C(=N)N=C(N)N.Cl,0.082680665
CCCCCCCC[Sn](CCCCCCCC)(Cl)Cl,0.9551364
C1COCCN1CCCl.Cl,0.053750265
C1CN(C(=O)N1)CCO,0.09071842
C1=CN=C(N=C1Cl)Cl,0.14364186
CC(=O)NC1=C(C=C(C(=C1)OC)C(=O)OC)Cl,0.2606212
CCN(C)C(=O)OC1=CC=CC(=C1)C(C)N(C)C.C(C(C(=O)O)O)(C(=O)O)O,0.13635963
CC(=O)CC(=O)NC1=CC(=C(C=C1OC)Cl)OC,0.24689302
C1=CC(=C(C(=C1)Cl)C(=O)Cl)Cl,0.17821282
C1=CC=C2C(=C1)C(=O)N(C(=O)N2)CCCl,0.31450936
CC(=C)C(=O)NCCCN(C)C,0.21105687
CCCCC(CC)C(=O)Cl,0.33367664
C1=CC=C(C=C1)C2=C(C=C(C=C2)O)Cl,0.842261
CN1CC2=C(C=CC(=C2)C(=O)N3CCC(CC3)C4CCNCC4)NC(C1=O)CC(=O)O,0.3080303
C(C(COP(=O)([O-])[O-])O)O.[K+].[K+],0.17989276
CCCCC(=O)N(C)C,0.19408786
CC(=O)CC(=O)NC1=C(C=CC(=C1)OC)OC,0.22228141
C1=C(C(=CC(=C1Cl)Cl)Cl)S(=O)(=O)O,0.18415648
CC(C)CC(C)(C1=CC=C(C=C1)O)C2=CC=C(C=C2)O,0.93254805
CCCOCCOCCO,0.3142037
CCOC(=O)C(=C)C#N,0.28493363
CCOC(=O)C1=CC=CC=C1OC,0.22457266
CC(C)(C(=O)C1=CC=CC=C1)O,0.21252534
C[N+]1(CCOCC1)[O-],0.11053396
CCC12COCN1COC2,0.112920485
CC[N+](C)(CC)CC.[Cl-],0.060497705
[CH-]1C=CC=C1.[CH-]1C=CC=C1.Cl[V]Cl,0.30475882
CC(C)CCCC(C)(C)O,0.18349496
CC(C)(C)C(=O)CCl,0.10752315
CCO[Si](CCCS)(OCC)OCC,0.22669923
C(COCCS)OCCS,0.5387393
CCCCOC(=O)CCS,0.3809959
CCCCCCCCOCCC#N,0.55504364
C1CCC2C(C1)C(=O)OC2=O,0.113141775
CC(C)C1CCC(C1(CN2C=NC=N2)O)CC3=CC=C(C=C3)Cl,0.77086204
CCOC1=NC(=CC2=NC(=NN21)S(=O)(=O)NC3=C(C=CC=C3Cl)C(=O)OC)F,0.27992517
CC1=C(C(=C(C2=C1OC(CC2)(C)CCCC(C)CCCC(C)CCCC(C)C)C)OC(=O)C)C,0.6649032
COP(=S)(N)OC,0.35857847
CCOC(=O)NCCC[Si](OCC)(OCC)OCC,0.5690212
C1=CC=C(C=C1)C2=NNN=N2,0.08362205
CC(C)CCOC(=O)C1=CC=C(C=C1)N(C)C,0.7981868
CC(=O)C1=CC2=CC=CC=C2S1,0.29982093
COCCOCCOCCOCCO,0.36164638
CC1=C(SC=C1)C(=CCCN2CCCC(C2)C(=O)O)C3=C(C=CS3)C.Cl,0.4099373
CCN(CC)C(C)C(=O)C1=CC=CC=C1.Cl,0.14878576
C1C(O1)CN(CC2CO2)C3=CC=C(C=C3)CC4=CC=C(C=C4)N(CC5CO5)CC6CO6,0.99275804
CC(C)(CCCC1=CCC(CC1)C=O)O,0.3365295
C1CCC(C1)N(CC2=CC=C(C=C2)Cl)C(=O)NC3=CC=CC=C3,0.8595875
CCOC(=O)C(C)OC1=CC=C(C=C1)OC2=NC3=C(O2)C=C(C=C3)Cl,0.7629071
C1=CC(=C(C(=C1)F)C(=O)NC(=O)NC2=CC(=C(C(=C2F)Cl)F)Cl)F,0.7544214
CC1=CC2=C(C(=C(C=C2)Cl)C(=O)O)N=C1,0.03934737
CCC(C)SP(=O)(N1CCSC1=O)OCC,0.58509207
CC(C)C(C(=O)OC(C#N)C1=CC(=CC=C1)OC2=CC=CC=C2)NC3=C(C=C(C=C3)C(F)(F)F)Cl,0.79987437
CCCC[N+](C)(CCCC)CCCC.[Cl-],0.93115616
CCC(CC)NC1=CC(=C(C=C1)C)C,0.60822284
CCN(CCC#N)C1=CC=C(C=C1)N=NC2=CC=C(C=C2)[N+](=O)[O-],0.9122035
CC(C)(C(=O)C1=CC=C(C=C1)SC)N2CCOCC2,0.24862856
CC(C(=O)OCC#C)OC1=CC=C(C=C1)OC2=C(C=C(C=N2)Cl)F,0.6692115
CCN(CC)CCOC(=O)C(C1CCCCC1)C2=CC=CC=C2.Cl,0.49626327
CC(=O)C1=CCC2C1(CCC3C2CC=C4C3(CCC(C4)OC(=O)C)C)C,0.5495413
CC12CCCC1C3CCC4CC(CCC4(C3CC2)C)O,0.48826468
C1C(NCS1)C(=O)O,0.042619914
C1=CC(=CC=C1C(=O)OCCCOC(=O)C2=CC=C(C=C2)N)N,0.8053729
C1=CC(=C(C(=C1)F)C(=O)NC(=O)NC2=CC(=C(C=C2)OC(C(OC(F)(F)F)F)(F)F)Cl)F,0.77530855
CCCCC(CC)COC(=O)C1=CC=CC=C1,0.5755581
CC(C)C(C)(C#N)N,0.14983243
C(CSSCCC(=O)O)C(=O)O,0.08508627
C1=CC(=C(C=C1Br)Br)OC2=C(C=C(C=C2)Br)Br,0.6924238
COC(=O)C(CBr)Br,0.3548354
C1CC2=C(C=C3C=CC4=C5C3=C2C=CC5=CC=C4)C(=O)C1,0.8432588
CC1=CC(=NN1CO)C,0.12446434
C1=CC(=CC=C1C(=O)C(=O)C2=CC=C(C=C2)Br)Br,0.62380075
CC1=CC(=C(C=C1)OP(=S)(NC(C)C)OC)[N+](=O)[O-],0.5523627
CC12CCC3C(C1CCC2OC(=O)CCC4CCCCC4)CCC5=CC(=O)CCC35,0.5575384
CCC(=O)OC1CC2C3CCC4=C(C3CCC2(C1OC(=O)CC)C)C=CC(=C4)OC(=O)CC,0.44397286
CC1C2CC(C1(C)C)CC2C3CCCC(C3)O,0.41617936
CC(C)CCCCCOC(=O)CCS,0.46772638
C1=CC(=C(C=C1SC#N)[N+](=O)[O-])N,0.45956987
CC(C1C2CC(=C(N2C1=O)C(=O)O)SCCN=CN)O,0.012138133
CN(CCCC(C1=CN=CC=C1)O)N=O,0.3119449
COC(C1=CC=CC=C1)C(=O)O,0.09233541
O.O.[O-][Cr](=O)(=O)O[Cr](=O)(=O)[O-].[Na+].[Na+],0.5456269
CCN(CC)CCOC1=CC=C(C=C1)CC2=CC=CC=C2,0.8346641
CN1CC(=O)N2C(C1=O)CC3=C(C2C4=CC5=C(C=C4)OCO5)NC6=CC=CC=C36,0.8540551
CC1=CCC(CC1)C(C)(C)OC(=O)C,0.25904503
CC[N+]1(CCCC1)C.[Br-],0.069193564
CC1=CC(=C(C(=C1)Cl)N)C,0.15920496
CCOC1=CC(=C(C=C1C(=O)C)OCC)OCC,0.45701593
CCC(COCCOC(=O)C=C)(COCCOC(=O)C=C)COCCOC(=O)C=C,0.85291505
CCCCN1CCCCC1C(=O)NC2=C(C=CC=C2C)C.Cl,0.3199839
CCCC1C(=CC(=CN1C2=CC=CC=C2)CC)CC,0.8217874
CC(C1=C(C(=CC(=C1)C(C)(C)C)C(C)(C)C)O)C2=C(C(=CC(=C2)C(C)(C)C)C(C)(C)C)O,0.9314205
CC(C)C(CCCN(C)CCC1=CC(=C(C=C1)OC)OC)(C#N)C2=CC(=C(C(=C2)OC)OC)OC.Cl,0.82361
C(C(C(C(C(C(F)(F)F)(F)F)(F)F)(F)F)(F)F)(C(C(C(C(F)(F)F)(F)F)(F)F)(F)F)(F)F,0.4665367
COC(=O)C1=CC=CC=C1C(=O)C2=CC=C(C=C2)OCCN3CCCCC3.Cl,0.66052526
CC1=C(C(C(=C(N1)C)C(=O)OCCC2=CC=C(C=C2)N3CCN(CC3)C(C4=CC=CC=C4)C5=CC=CC=C5)C6=CC(=CC=C6)[N+](=O)[O-])C(=O)OC,0.8970406
CCCCCCCCCCCCCCCCCCOC(=O)C(=C)C,0.66602176
C1CC1C=O,0.23186862
C1=CC(=CC=C1C(=O)C2=CC=C(C=C2)Cl)O,0.8712072
CC1=NC=C(C=C1)C2=C(C=C(C=N2)Cl)C3=CC=C(C=C3)S(=O)(=O)C,0.6452334
C1CC2=C(C=CC(=C2)Cl)C(=C3CCNCC3)C4=C1C=CC=N4,0.7955291
CN(CC1=CN=C2C(=N1)C(=NC(=N2)N)N)C3=CC=C(C=C3)C(=O)NC(CCC(=O)O)C(=O)O,0.2899934
CC(C(=O)N1C(CN(C1=O)C)C(=O)O)NC(CCC2=CC=CC=C2)C(=O)O,0.066145524
CC(=O)OCC(=O)NC1=CC(=CC(=C1Cl)NC(=O)COC(=O)C)C#N,0.16973299
C(CO)CSCC(C(=O)O)N,0.13180052
C1CCC2(C1)CC(=O)NC(=O)C2,0.17366396
C(CCCCCCBr)CCCCCO,0.51128817
CC1=C2C(C(=O)C3(C(CC4C(C3C(C(C2(C)C)(CC1OC(=O)C(C(C5=CC=CC=C5)NC(=O)OC(C)(C)C)O)O)OC(=O)C6=CC=CC=C6)(CO4)OC(=O)C)O)C)O,0.7049642
C1C(OC(O1)CO)N2C=CC(=NC2=O)N,0.6773988
CN1CCOC(C2=CC=CC=C2C1)C3=CC=CC=C3.Cl,0.3196068
C1C2C3=CC=CC=C3CC4=CC=CC=C4N2C(=N1)N.Cl,0.4964349
C1=CC=C(C=C1)C(CNCCOC2=CC=C(C=C2)CC(=O)O)O.Cl,0.17660728
C1CC2C3CC(C2C1CO)CC3CO,0.3813468
CC(CC(=O)Cl)CC(C)(C)C,0.19458163
C[N+](C)(C)CCOC(=O)C=C.[Cl-],0.15824927
CC1=C(C=CC(=C1)OC)NC2=CC=CC=C2,0.9101161
CC1(OCC(O1)COC(=O)CCC2=CC=C(C=C2)OCC(CNCCNC(=O)N3CCOCC3)O)C.Cl,0.33094946
C1=CN(C(=N1)[N+](=O)[O-])COC(CO)C(CO)O,0.1745684
CC1CCC(C(C1)O)C(C)C,0.32202044
CCN1CCC2=C(CC1)OC(=N2)N.Cl.Cl,0.09890343
CCCCCCCCCCCCC1=CC=CC=C1O,0.9238904
CC(=C)C(=O)OC1CC2CCC1(C2(C)C)C,0.3847487
C(C=CCO)O,0.15803683
CC(CC(C1=CC=CC=C1)(C2=CC=CC=C2)C(=O)N)N(C)C.OS(=O)(=O)O,0.24794376
CC(C)OC(=O)NNC1=C(C=CC(=C1)C2=CC=CC=C2)OC,0.6579244
[I-].[I-].[Hg+2],0.9882109
CC(C)OC(=O)C1=CC2=C(N1)C=CC=C2OCC(CNC(C)(C)C)O,0.18487403
CC(CC1=CC(=CC=C1)C(F)(F)F)NCCOC(=O)C2=CC=CC=C2.Cl,0.5192316
C1CCC(CC1)(C2=CC=CC=C2)N.Cl,0.40923232
C1CCC(CC1)C(CCN2CCCC2)(C3=CC=CC=C3)O.Cl,0.6185604
CCC1=CC=C(C=C1)C2CCNCC2,0.460666
CCC1=CC(=CC(=C1C2=C(N3CCOCCN3C2=O)OC(=O)C(C)(C)C)CC)C,0.8048724
CC1=CC2=C(C=C1CC(=O)C3=C(C=CS3)S(=O)(=O)NC4=C(C(=NO4)C)Cl)OCO2,0.24501969
CC(C)C(=O)OCC1=CC(=CC=C1)OC(=O)C2C(SC3N2C(=O)C3NC(=O)CC4=CC=CC=C4)(C)C,0.13864602
CCC(C)(OOC(C)(C)C)OOC(C)(C)C,0.14790723
CC1=CC(=C(C=C1)NC(=O)CC(=O)C)C,0.18947747
CC1CC2C3CCC4=CC(=O)C=CC4(C3(C(CC2(C1(C(=O)COC(=O)C)O)C)O)F)C,0.2587013
COC1=CC(=C(C=C1)OC)Cl,0.5356286
COC(=O)C1=CC=C(C=C1)CBr,0.35868925
CC12CCC3C(C1CCC2O)CCC4=C3C=CC(=C4)OC(=O)N(CCCl)CCCl,0.6502256
CCOC(=O)C1=CC(=CC=C1)N.CS(=O)(=O)O,0.2996788
CC(C)(C)NC(=O)OC1=CC=CC(=C1)NC(=O)N(C)C,0.29402047
CC1=C(C(C(=C(N1)C)C(=O)OCCCN2CCC(CC2)(C3=CC=CC=C3)C4=CC=CC=C4)C5=CC(=CC=C5)[N+](=O)[O-])C(=O)OC.Cl,0.8916715
C1COCCN1CCN,0.06872214
CC1=CCC(CC1=O)C(=C)C,0.21949412
CC1=CCC(CC1)C(=C)C,0.14206883
COC1=CC2=C(C=CN=C2C=C1)C(C3CC4CCN3CC4C=C)O,0.56125224
CC1C(C(CC(O1)OC2C(OC(CC2O)OC3C(OC(CC3O)OC4CCC5(C(C4)CCC6C5CCC7(C6(CCC7C8=CC(=O)OC8)O)C)C)C)C)O)O,0.9629466
CC(C)(C)NCC(C1=CC(=CC(=C1)O)O)O.CC(C)(C)NCC(C1=CC(=CC(=C1)O)O)O.OS(=O)(=O)O,0.117257565
CC(CC1=CC=C(C=C1)O)(C(=O)O)N,0.1876327
CCOC(=O)OC(C)OC(=O)C1C(SC2N1C(=O)C2NC(=O)C(C3=CC=CC=C3)N)(C)C.Cl,0.033650234
CC12CCC(=O)C=C1CC(C3C24C(O4)CC5(C3CCC56CCC(=O)O6)C)C(=O)OC,0.44802812
CC1=CC(=C(C=C1)O)C(CCN(C(C)C)C(C)C)C2=CC=CC=C2,0.78910565
CCC1CC2C3CCC4=CC(=O)CCC4C3CCC2(C1O)C,0.5546382
CC1(C2CCC1(C(=O)C2)C)C,0.3298844
C1=CC=C(C=C1)C=CC(=O)O,0.08044409
CCCCCCC=CCCCCCCCC(=O)O,0.46795
CN1C2CCC1CC(C2)O,0.22908731
CN(C)C(=S)[S-].CN(C)C(=S)[S-].[Cu+2],0.97944176
OS(=O)(=O)[O-].[Na+],0.1565201
C1(=O)[N-]C(=O)N(C(=O)N1Cl)Cl.[Na+],0.22083531
C[Si](C)(C=C)Cl,0.07377206
CC(=O)C1=NC=CS1,0.21386448
CC1=CC=C(C=C1)S(=O)(=O)O.O,0.15403269
CC(C)C(=O)OC1=C(C=C(C=C1)C=O)OC,0.31305194
C1CN(CCN1)C(=O)C2=CC=CO2,0.09224179
CCC(=O)C1=CC(=CC=C1)Cl,0.23920311
CC1=C(C=CC=C1Cl)NC2=CC=CC=C2C(=O)O,0.23038897
CC=CCO,0.19090983
CC(=CCCC(=CCCC(=CCOC(=O)C)C)C)C,0.4638496
CC(=CC(=O)OC)N,0.19008775
C1=CC(=C(C=C1CC(C(=O)O)N)I)OC2=CC(=C(C(=C2)I)O)I,0.44816217
C[N+]1(C2CCC1CC(C2)OC(=O)C(C3=CC=CC=C3)(C4=CC=CC=C4)O)CCF.[Br-],0.22427419
CCC(=C(CC)C1=CC=C(C=C1)OC(=O)CC)C2=CC=C(C=C2)OC(=O)CC,0.8579044
CC[N+]1(CCCC(C1)OC(=O)C(C2=CC=CC=C2)(C3=CC=CC=C3)O)C.[Br-],0.18950267
CC=C(C1=CC=C(C=C1)O)C(=CC)C2=CC=C(C=C2)O,0.9514326
C1=NC(=S)C2=C(N1)N(C=N2)C3C(C(C(O3)CO)O)O,0.67624223
CCN1CCCC1CNC(=O)C2=C(C=CC(=C2)S(=O)(=O)N)OC,0.27198935
CC(=O)N1CCN(CC1)C2=CC=C(C=C2)O,0.6765398
CC(=O)C=CC1=CC=CO1,0.1587594
C1=CC(=CC=C1C(=O)C2=C(C(=C(C=C2)O)O)O)O,0.86361474
CC1=CCC(C1(C)C)CC=O,0.38765505
CC(C)C=CCCCCC(=O)NCC1=CC(=C(C=C1)O)OC,0.53644603
CCN(CC)CCOC1=CC=C(C=C1)C(=C(C2=CC=CC=C2)Cl)C3=CC=CC=C3,0.9344636
CC(=CCCC(=CCOC(=O)C)C)C,0.3799697
C1=COC(=C1)C=CC=O,0.035435073
C1C2C(C(C1Cl)Cl)C3(C(=C(C2(C3(Cl)Cl)Cl)Cl)Cl)Cl,0.7037737
C1=CC=C(C=C1)C=CC(=O)NCCO,0.26386982
C1=NC2=C(N1)C(=S)N=C(N2)N,0.4692276
CCCCNC(=S)NCCCC,0.5639457
CCOC(=O)CN.Cl,0.10539171
C(=S)(N)NN,0.2586241
CCC(=O)[O-].[Na+],0.1487623
C1(=NC(=S)NN1)N,0.35453832
[C-]#N.[Cu+],0.56484157
CC(=C)C1CCC(=CC1)C=O,0.24748576
CC(=O)[O-].CC(=O)[O-].O.O.[Zn+2],0.23165584
C1C(CC(=O)NC1=O)C2=CC=C(C=C2)Cl,0.11063705
C1=CC=C(C=C1)CNCCNCC2=CC=CC=C2.Cl.Cl,0.65520775
CCOC(=O)C(=O)C1=CSC(=N1)NC=O,0.45173994
[B-](F)(F)(F)F.CCCCCC[N+]1=CC=CC=C1,0.9808797
CCCCCCCCN1C=C[N+](=C1)C.[Cl-],0.99794966
CCCCCCCCCCN1C=C[N+](=C1)C.[Cl-],0.9969687
CCCCCCCCN1C=C[N+](=C1)C.F[P-](F)(F)(F)(F)F,0.98042756
CCCCN1C=C[N+](=C1)C.C(F)(F)(F)S(=O)(=O)[O-],0.41008252
CCCCCC[N+]1=CC=CC=C1.C(F)(F)(F)S(=O)(=O)[O-],0.96527994
CCNC(=S)NCC,0.3018563
CCCCCCCCOS(=O)(=O)[O-].[Na+],0.5365667
C(=O)C(=C(C(=O)O)Cl)Cl,0.24543078
[Cl-].[Cl-].[Zn+2],0.19954759
CCCCCCCC[P+](CCCCCCCC)(CCCCCCCC)CCCCCCCC.[Br-],0.9992378
CCCCOC(CC)O,0.27950206
CC1C2=CC=CC=C2CN1NC(=O)C3=CC(=C(C=C3)Cl)S(=O)(=O)N,0.4929686
CCN1CCCC1CNC(=O)C2=C(C(=CC(=C2OC)Cl)Cl)O,0.5611216
CCCCCCCCN1CCCC1=O,0.9387268
CCOC(=O)CN1C2=C(C=CC=C2Cl)SC1=O,0.34405118
COCCCN1CCC(CC1)NC(=O)C2=CC(=C(C3=C2OCC3)N)Cl,0.8311396
CC1=C(C(=CC=C1)Cl)NC(=O)C2=CN=C(S2)NC3=CC(=NC(=N3)C)N4CCN(CC4)CCO,0.69968426
CCOC1=NC(=CC2=NC(=NN21)S(=O)(=O)NC3=C(C=CC=C3Cl)Cl)F,0.3852137
CCOC(=O)COC1=C(C=C(C(=C1)N2C(=O)C(=C(C=N2)C(F)(F)F)C)F)Cl,0.39347365
C=CS(=O)(=O)[O-].[Na+],0.22237338
CC1=C(C(=O)C=CO1)OC(=O)C(C)C,0.15293649
C1=CC(=C2C(=C1[N+](=O)[O-])C(=O)C3=C(C=CC(=C3C2=O)O)[N+](=O)[O-])O,0.8066858
C1=CC(=C(C=C1N)[N+](=O)[O-])NCCO,0.23862071
CC(C)O.CC(C)O.C(CO)N(CCO)CCO.C(CO)N(CCO)CCO.[Ti],0.16506149
C1=CC(=CC=C1C2=CSC(=N2)NN)[N+](=O)[O-],0.8653065
CC1=CC=C(C=C1)C(=O)C2=CC(=C(C(=C2)O)O)[N+](=O)[O-],0.7265835
C1=C(C=C(C(=C1N)O)Cl)[N+](=O)[O-],0.56371146
CCOC(=O)C=CC(=O)OCC,0.48533142
CCCCCC(C=CC1C(CC(=O)C1CC=CCCCC(=O)O)O)O,0.47486252
CC1=CC(=O)OC2=C1C=CC(=C2)O,0.30421746
CCC=CCC=CCC=CCCCCCCCC(=O)O,0.4718739
C1CN(CCN1CCOCCO)C2=NC3=CC=CC=C3SC4=CC=CC=C42.C1CN(CCN1CCOCCO)C2=NC3=CC=CC=C3SC4=CC=CC=C42.C(=CC(=O)O)C(=O)O,0.8056769
CC(C)(C)NCC(COC1=NSN=C1N2CCOCC2)O.C(=CC(=O)O)C(=O)O,0.09811573
CC(C)(C)C(C)(C1CC23CCC1(C4C25CCN(C3CC6=C5C(=C(C=C6)O)O4)CC7CC7)OC)O.Cl,0.77148736
CCCC=CC=O,0.22784314
CC1=C(C(=C(C(=C1F)F)COC(=O)C2C(C2(C)C)C=C(C(F)(F)F)Cl)F)F,0.67222834
CC1=CCCC(C1C=CC(=O)C)(C)C,0.6945883
CC(=O)OCC=CC1=CC=CC=C1,0.38898087
CC(C1=CC=C(C=C1)C=C2CCCCC2=O)C(=O)O,0.23208356
COC1C(CC2CN3CCC4=C(C3CC2C1C(=O)OC)NC5=C4C=CC(=C5)OC)OC(=O)C=CC6=CC(=C(C=C6)O)OC,0.6387219
CC1=CC(=CC(=C1CC2=NCCN2)C)C(C)(C)C.Cl,0.18491018
CCN(CC)CC1=NC=CN1C2=C(C=C(C=C2)[N+](=O)[O-])C(=O)C3=CC=CC=C3Cl.C(=CC(=O)O)C(=O)O,0.628505
CCCCC1=NC=C(N1CC2=CC=C(C=C2)C(=O)O)C=C(CC3=CC=CS3)C(=O)O.CS(=O)(=O)O,0.29891056
CCOCCN1C2=CC=CC=C2N=C1N3CCCN(CC3)C.C(=CC(=O)O)C(=O)O.C(=CC(=O)O)C(=O)O,0.3798366
CCCCCC=CCC=CCC=CCC=CCCCC(=O)NCC(=O)O,0.46554786
CN(C)C(=O)COC(=O)CC1=CC=C(C=C1)OC(=O)C2=CC=C(C=C2)N=C(N)N.CS(=O)(=O)O,0.48789743
CCC(CCC(C(CC(C(C(CCl)Cl)Cl)Cl)Cl)Cl)Cl,0.47632006
C1=CC(=CC=C1N)Cl.Cl,0.25646523
[Cl-].[Cl-].[Hg+2],0.24174558
CCCCCC=CCC=CCCCCCCCC(=O)OC,0.50561255
CC12CCC(=O)C=C1CCC3C2CCC4(C3CCC4(C#C)O)C,0.67164505
CC1CC=CC=CC(C(CC(C(C(C(CC(=O)O1)OC(=O)C)OC)OC2C(C(C(C(O2)C)OC3CC(C(C(O3)C)O)(C)O)N(C)C)O)CC=O)C)OC4CCC(C(O4)C)N(C)C,0.6166225
C(C(C(C(C=O)O)O)O)O,0.23638736
CCC=C(C)C=O,0.19246462
CCCCCCCCC=CCCCCCCCC(=O)OC(CO)CO,0.5231037
C1=CC=C(C(=C1)C=CC2=CC=C(C=C2)C3=CC=C(C=C3)C=CC4=CC=CC=C4S(=O)(=O)[O-])S(=O)(=O)[O-].[Na+].[Na+],0.6678467
CC(C)CC(=NO)C,0.21057655
CC=C(C)C#N,0.18712926
CC(=CC(=O)OC)OP(=O)(OC)OC,0.4495438
CN1CC(C2=C(C1)C(=CC=C2)N)C3=CC=CC=C3.C(=CC(=O)O)C(=O)O,0.31105638
C=CCN1CCC23CCCCC2C1CC4=C3C=C(C=C4)O,0.68022156
[Ca+2].[Br-].[Br-],0.4659361
C1CC1CN2CCC34C5C(=O)CCC3(C2CC6=C4C(=C(C=C6)O)O5)O,0.42961785
CCOC(=O)C(CCC1=CC=CC=C1)NC(C)C(=O)N2C3CCCC3CC2C(=O)O,0.26828995
CCCCCCCCC=CCCCCCCCC(=O)OCC,0.5104647
CCCCC=CCCCCCCCCCC=O,0.5643724
CCCCC(CC)COC(=O)C=CC(=O)OCC(CC)CCCC,0.52378595
CC=CC(=O)OCC(C)C,0.32521504
CCC=CCCOC(C)OCC,0.39726382
CNC(=S)[S-].[Na+],0.8828379
CCCCCC=CCC(=O)OC,0.447969
C1=CC=C(C=C1)CCOC(=O)C=CC2=CC=CC=C2,0.7022461
CCC(=O)C=CC1C(=CCCC1(C)C)C,0.7566169
CC1=CCCC(C1C=C(C)C(=O)C)(C)C,0.5847976
CCOP(=O)(OCC)OC(=CCl)C1=C(C=C(C=C1)Cl)Cl,0.7568943
C[N+]1(C2CC(CC1C3C2O3)OC(=O)C(CO)C4=CC=CC=C4)C.[Br-],0.10787691
CC(C)(C)NC(=O)C1CN(CCN1CC(CC(CC2=CC=CC=C2)C(=O)NC3C(CC4=CC=CC=C34)O)O)CC5=CN=CC=C5.OS(=O)(=O)O,0.63528246
CC(C(=O)N1CCCC1C(=O)O)NC(CCC2=CC=CC=C2)C(=O)O,0.065519646
CN(C)CCCSC1=CC=CC=C1NC(=O)C=CC2=CC=CC=C2,0.7954764
CC(C(C1=CC=CC=C1)O)NCCC(=O)C2=CC(=CC=C2)OC.Cl,0.2385849
CN1CCC23C4C1CC5=C2C(=C(C=C5)OC)OC3C(CC4)O,0.21426187
C1CCN(CC1)CCOC2=CC=C(C=C2)C(=O)O.Cl,0.24085586
CCC(=O)C=CC1=CC=C(C=C1)OC,0.67116725
CC(=O)C=CC1=CC2=C(C=C1)OCO2,0.33876723
CCC=C1C2=CC=CC=C2C(=O)O1,0.26014718
CN1CCC23C4C1CC5=C2C(=C(C=C5)O)OC3C(C=C4)O.CN1CCC23C4C1CC5=C2C(=C(C=C5)O)OC3C(C=C4)O.O.O.O.O.O.OS(=O)(=O)O,0.11419018
[B].C1COCCN1,0.09336803
CCCCO[P+](=O)OCCCC,0.4505975
C[Si](C)O[Si](C)(C)O[Si](C)(C)O[Si](C)C,0.14498842
CCC=CCCC=CC(OCC)OCC,0.5358514
CC(C)OC(=O)OCOP(=O)(COC(C)CN1C=NC2=C(N=CN=C21)N)OCOC(=O)OC(C)C.C(=CC(=O)O)C(=O)O,0.5698222
CN1CCC2=CC3=C(C(=C2C1)OC)OCO3.Br,0.37841314
CCCCC=CC=CC=O,0.5917826
C1=CC(=C(C=C1[N+](=O)[O-])S(=O)(=O)[O-])C=CC2=C(C=C(C=C2)[N+](=O)[O-])S(=O)(=O)[O-].[Na+].[Na+],0.41141698
CCC(=CCCC(C)(C=C)O)C,0.3880537
CC(C)CCCC(C)CC=CC(=CC(=O)OCC#C)C,0.5317994
CC1=C(C(CCC1)(C)C)C=CC(=CC=CC(=CC=O)C)C,0.9362085
CCC(CC)(CC(=O)NC1=CC=CC(=C1)C=CC2=NC(=CS2)C3CCC3)C(=O)O,0.7782356
CCN(CC)CCNC(=O)C1=C(NC(=C1C)C=C2C3=C(C=CC(=C3)F)NC2=O)C.C(C(C(=O)O)O)C(=O)O,0.4992784
C1=CC(=CN=C1)C=NNC(=S)N,0.36167645
CC1CCC2(C(C3C(O2)C(C4C3(CCC5C4CCC6C5(CC(C(C6)OC7C(C(C(C(O7)CO)OC8C(C(C(C(O8)CO)O)OC9C(C(C(CO9)O)O)O)OC2C(C(C(C(O2)CO)O)OC2C(C(C(C(O2)CO)O)O)O)O)O)O)O)C)C)O)C)OC1,0.78471524
C1=C(C(=C(C(=C1Br)Br)Br)Br)OC2=CC(=C(C(=C2Br)Br)Br)Br,0.5677563
CC12C3CC(C1C(=O)OC2=O)C=C3,0.2583023
CC12C3CCC(C1(C(=O)OC2=O)C)O3,0.4062499
CN1C2CC(CC1C3C2O3)OC(=O)C(CO)C4=CC=CC=C4.Cl,0.14438683
CC(=N[Si](C)(C)C)O[Si](C)(C)C,0.11334931
CC(=CCC1C(O1)(C)C2C(C(CCC23CO3)OC(=O)C=CC=CC=CC=CC(=O)O)OC)C,0.528159
C1CCC2=C(C1)C(=C3CCCC3=N2)N.O.Cl,0.21443838
CON=C(C1=NSC(=N1)N)C(=O)NC2C3N(C2=O)C(=C(CS3)C[N+]4=C5C=CC=NN5C=C4)C(=O)[O-].Cl,0.014162762
CS(=O)(=O)O.CS(=O)(=O)O.C=CCNC1=NC(=NC(=N1)N2CCN(CC2)C(C3=CC=C(C=C3)F)C4=CC=C(C=C4)F)NCC=C,0.73638344
CCC(C1=CC=CC=C1)N,0.22647528
CC(C(=NO)C)NCC(C)(C)CNC(C)C(=NO)C,0.26440376
CC(C)(C=NOC(=O)NC)S(=O)C,0.17480712
CC(C)(C=NO)SC,0.24179591
CON=C1CN(CC1CN)C2=C(C=C3C(=O)C(=CN(C3=N2)C4CC4)C(=O)O)F.CS(=O)(=O)O,0.10220342
CNC(=O)ON=C(C(=O)N(C)C)SC,0.3278798
C1CN2CCC1N(CC2)C(=O)OC3=CC=C(C=C3)Br,0.59729135
C1=CC(=CC(=C1)C2=C(C=CC(=C2)CCCCCCC3=CC(=C(C=C3)OC4C(C(C(C(O4)CO)O)O)O)C5=CC=CC(=C5)CC(=O)O)OC6C(C(C(C(O6)CO)O)O)O)CC(=O)O,0.75236213
COC1=C(C=C(C=C1)OC(F)(F)F)CNC2CCCNC2C3=CC=CC=C3,0.7417397
CCOC1=NC2=C(C=C1)NC=C(C2=O)C(=O)NCC3=CC=CC=C3,0.64511645
C1=CC(=CC=C1NC(=O)CCC(C(=O)O)N)[N+](=O)[O-].Cl,0.28691706
C1CC2CC(CC1N2C3=NC=CC=N3)NCC(=O)N4CC(CC4C#N)(F)F,0.39545062
C1=CC(=CN=C1)CC(O)(P(=O)(O)[O-])P(=O)(O)[O-].[Na+].[Na+],0.17443042
CCCCC1=CC2=CC=CC=C2C(=N1)OCCN(C)C.Cl,0.7480352
CC1=CC(=C(C(=C1)C)C2=C(C3(CCCC3)OC2=O)OC(=O)CC(C)(C)C)C,0.8038171
CN1CCC(C(C1)O)C2=C(C=C(C3=C2OC(=CC3=O)C4=CC=CC=C4Cl)O)O.Cl,0.7529167
C1CN2CCC1C(C2)NC(=O)C3=CC4=C(C=C3)OCCO4,0.5263988
CC1=C(C(=C(C2=C1OC(CC2)(C)CCCC(C)CCCC(C)CCCC(C)C)C)OC(=O)CCC(=O)OCCO)C,0.62117046
CC1=NC=C(C=N1)C(CCCCCCC2=NC3=C(CCCN3)C=C2)CC(=O)O,0.85590214
CCC(=O)O.CCC(=O)O.C1CN=C(N1)C2=CC(=CC=C2)NC(=O)NC3=CC=CC(=C3)C4=NCCN4,0.22128563
CCCCCCCCCCN1C=C[N+](=C1)C.F[P-](F)(F)(F)(F)F,0.9785817
CC1=C(C=C(C=C1)NC2=NC=CC(=N2)N(C)C3=CC4=NN(C(=C4C=C3)C)C)S(=O)(=O)N,0.69677114
COC(=O)C(CC1=CC(=C(C=C1)O)O)N.Cl,0.33072087
CC(=O)NC1=NC(=O)N(C=C1)C2COC(O2)COC(=O)C3=CC=CC=C3,0.7973947
COC1=CC(=O)OC(C1)CCC2=CC=CC=C2,0.6297337
CCCCCCCCCCCCN1C=C[N+](=C1)C.F[P-](F)(F)(F)(F)F,0.9750953
CC1=NC=C(C(=N1)N)CN(C=O)C(=C2CCOC(=O)S2)C,0.16377781
CC(C)CCCCCCC1=CC=C(C=C1)OCCOCCO,0.8479075
CCN1C=C[N+](=C1)C.CC1=CC=C(C=C1)S(=O)(=O)[O-],0.22982673
CN1CC2=C(C=CC(=C2)C(=O)N3CCC(CC3)C4CCNCC4)NC(C1=O)CC(=O)O,0.30803037
CC1=CC=C(C=C1)C(C)NC(=O)C(C(C)C)NC(=O)OC(C)C,0.365901
CCCC[N+]1=CC=C(C=C1)C.[Cl-],0.150672
CC1=C(C(=CC=C1)C)N(C(C)C(=O)OC)C(=O)COC,0.43450725
CCN1C=C[N+](=C1)C.C(=[N-])=NC#N,0.3027749
C1=CC=C(C(=C1)C2=NC(=NO2)C3=CC(=CC=C3)C(=O)O)F,0.13521904
CCCCN1C=C[N+](=C1)C.C(F)(F)(F)S(=O)(=O)[N-]S(=O)(=O)C(F)(F)F,0.5734451
[N+](=O)(O)[O-].[N+](=O)(O)[O-].[Cd],0.22983763
[B-](F)(F)(F)F.CCCCCCCCN1C=C[N+](=C1)C,0.9879068
CCCOC1=C(C(=C(S1)C(=O)N2CCC(CC2)C3=C(C=CC(=C3)CN)F)C)Br.Cl,0.7276125
CN(C)CCCl.Cl,0.058836944
C1CN(CCC1(C2=CC(=CC=C2)C(F)(F)F)O)CCCC(=O)C3=CC=C(C=C3)F.Cl,0.7510636
CCN1C=C[N+](=C1)C.C(F)(F)(F)S(=O)(=O)[N-]S(=O)(=O)C(F)(F)F,0.40363663
CC(C)(C(=O)OCC=C)OC(=O)C1=C(C=CC(=C1)N2C(=O)C=C(N(C2=O)C)C(F)(F)F)Cl,0.60584074
[C-]#N.[C-]#N.[C-]#N.[C-]#N.[C-]#N.[N-]=O.O.O.[Na+].[Na+].[Fe+4],0.40761158
CN1C=CC2=CC3=C(CCN3C(=O)NC4=CN=CC=C4)C=C21.Cl,0.78618383
CCCCCCN1C=C[N+](=C1)C.[I-],0.99930906
CC[N+]1(CCCC1)C.[I-],0.171724
CCCC[N+]1(CCCCC1)C.C(F)(F)(F)S(=O)(=O)[N-]S(=O)(=O)C(F)(F)F,0.2824453
C1C2C=CC1C3C2C4(C(=C(C3(C4(Cl)Cl)Cl)Cl)Cl)Cl,0.5656182
CC(=O)NC1=C(C(=C(C(=C1I)C(=O)O)I)NC(=O)C)I.O.O,0.037858024
CCCC[N+](C)(C)C.C(F)(F)(F)S(=O)(=O)[N-]S(=O)(=O)C(F)(F)F,0.22860512
C1CN(CCN1CCCCl)C2=CC(=CC=C2)Cl.Cl,0.62234825
CC1=C(C=CN=C1CS(=O)C2=NC3=CC=CC=C3[N-]2)OCCCOC.[Na+],0.6606016
CC1=CC2=C(C=C1C(F)(F)F)N(CC2)C(=O)NC3=CN=C(C=C3)OC4=C(N=CC=C4)C.Cl,0.82819146
CC(=O)CC(C1=CC=CC=C1)C2=C(C3=CC=CC=C3OC2=O)[O-].[Na+],0.41893858
CCN1C=C[N+](=C1)C.C(#N)[S-],0.3218895
C(C(=O)[O-])F.[Na+],0.27301344
CCCCCCCCCCCCCC[P+](CCCCCC)(CCCCCC)CCCCCC.F[P-](F)(F)(F)(F)F,0.9970625
CCCCCCCCCCCCCC[P+](CCCCCC)(CCCCCC)CCCCCC.[Br-],0.9992336
CCOC(=O)[CH-]C(=O)C(=O)OCC.[Na+],0.33665863
CCCC[Sn](CCCC)(OC(=O)C)OC(=O)C,0.8548536
CCCC[Sn](CCCC)(CCCC)OC(=O)C(=C)C,0.9785543
CC(=O)O[Al]OC(=O)C.O,0.18730643
CCCCCCCCCCCCN1C=C[N+](=C1)C.[Br-],0.995581
[B-](F)(F)(F)F.CCCC[N+]1=CC=CC(=C1)C,0.08733662
C1CCC2=NC3=C(CN2CC1)C(=CC(=C3)Cl)Cl.Cl,0.5585505
CCCC[N+]1=CC=CC(=C1)C.[Cl-],0.095951796
CC1CC(C(OC1C2CC(C(O2)C3(CCC(O3)C4(CCC5(O4)CC(C(C(O5)C(C)C6C(C(C(C(O6)(CC(=O)[O-])O)C)OC)OC)C)O)C)C)OC7CC(C(C(O7)C)OC)OC)(C)O)C.[NH4+],0.77298886
CCC1CCC(C1)CCC(=O)O,0.253376
C1CNC2CC3=C4C15C2C=CC(C5OC4=C(C=C3)O)O.Cl,0.09360115
CCCC[N+]1=CC=CC=C1C.[Cl-],0.06651422
CC(C)(C)CCCCCCOC(=O)C1=CC=CC=C1C(=O)OCCCCCCC(C)(C)C,0.6186153
CCC(C)(CCC(C)C)C(=O)OC=C,0.32093433
C1C=CC=[C-]1.[CH-]1C=CC=C1.Cl[Zr+2]Cl,0.33445373
CCCCCCCCCCCCN1C=C[N+](=C1)C.C(F)(F)(F)S(=O)(=O)[O-],0.97250044
C1=C(C(=CC(=C1Cl)Cl)Cl)[O-].[Na+],0.4900474
CCC1=CC(=C2C1=CC=CC(=C2)C(C)C)S(=O)(=O)[O-].[Na+],0.43269894
CC1=C(C=C(C=C1)C(=O)C(=O)[O-])C.[Na+],0.24575889
C1=CC(=CC=C1N)S(=O)(=O)[O-].[Na+],0.2194522
COC1=CC=C(C=C1)C(=O)C(=CC(=O)[O-])Br.[Na+],0.385289
CCCCC(CC)CCC(CC(C)C)OS(=O)(=O)[O-].[Na+],0.54892766
CCCCCCCCCCCC(=O)N(C)CC(=O)[O-].[Na+],0.48537984
C1=C(C=C(C=C1C(=O)O)S(=O)(=O)[O-])C(=O)O.[Na+],0.04780194
CC(=O)CC(=O)NC1=CC=C(C=C1)S(=O)(=O)[O-].[K+],0.23607346
CC(=O)OCC1=C(N2C(C(C2=O)NC(=O)CSC3=CC=NC=C3)SC1)C(=O)[O-].[Na+],0.007422946
CC(=NNC(=O)NC1=CC(=CC(=C1)F)F)C2=C(C=CC=N2)C(=O)[O-].[Na+],0.45276144
C1=CC2=C(C=CC(=C2)S(=O)(=O)[O-])C=C1O.[K+],0.36295313
CC1(C(N2C(S1)C(C2=O)NC(=O)C3=C(C=CC=C3OC)OC)C(=O)[O-])C.O.[Na+],0.0052817166
CCOC(=S)[S-].[Na+],0.7910995
C1C(=NN(C1=O)C2=CC=C(C=C2)S(=O)(=O)O)C(=O)[O-].[Na+],0.27049062
CC(=O)CC(C1=CC=CC=C1)C2=C(C3=CC=CC=C3OC2=O)[O-].[K+],0.42794785
C1=CC=C(C(=C1)C(=O)O)N2C=C(C(=O)C3=CC(=C(C=C32)Cl)NC4=C(C=C(C=C4Cl)F)F)C(=O)O,0.12524682
CCCCCCCCCCCCCCCCCCN1C=C[N+](=C1)C.F[P-](F)(F)(F)(F)F,0.9642171
CCCCN1CN(C=C1)C.Br,0.16833754
CCCCCC(C)N.CCCCCC(C)N.OS(=O)(=O)O,0.2782222
CCCC[N+]1=CC=CC(=C1)C.[I-],0.2414388
C1C(C=CC1OC2=CC=CC(=C2)OC3=CC=C(C=C3)F)N(C(=O)N)O,0.8372427
CCCCCCCCCCCCN1C=C[N+](=C1)C.C(F)(F)(F)S(=O)(=O)[N-]S(=O)(=O)C(F)(F)F,0.95260966
CN(C)CCOC(=O)C(C1=CC=CC=C1)(C2=CC=CC=C2)OCC#C.Cl,0.4282712
C1=CC=C2C(=C1)C(=C(C(=O)O2)CC3=C(C4=CC=CC=C4OC3=O)O)O,0.57828707
CC(=O)CC(C1=CC=C(C=C1)[N+](=O)[O-])C2=C(C3=CC=CC=C3OC2=O)O,0.57697064
C1CC(C2=CC=CC=C2C1)C3=C(C4=CC=CC=C4OC3=O)O,0.7309409
CC1(C2CC3C(C(=O)C(=C(C3(C(=O)C2=C(C4=C1C=CC=C4O)O)O)O)C(=O)NCN5CCCC5)N(C)C)O,0.41311955
CC1(C2CC3C(C(=O)C(=C(C3(C(=O)C2=C(C4=C1C=CC=C4O)O)O)O)C(=O)N)N(C)C)O.Cl,0.4077676
COC1=C(C(=C(C=C1)CCN(CCC2=C(C(=C(C=C2)OC)OC)OC)C(=O)C(C3=CC=CC=C3)C4=NCCC5=CC(=C(C=C54)OC)OC)OC)OC.Cl,0.828971
CC1=C(C=CC=C1NC2=C(C=CC=N2)C(=O)O)C(F)(F)F.CNCC(C(C(C(CO)O)O)O)O,0.19493598
CC(CC1=CC2=C(C=C1)OCO2)NO.Cl,0.18515736
CCNC(C)CC1=CC=CC=C1.Cl,0.12539895
CCN1C=CN(C1C)C.Br,0.13889602
[B-](F)(F)(F)F.CCCC[N+]1(CCCCC1)C,0.1423845
CC[N+]1(CCCC1)C.C(F)(F)(F)S(=O)(=O)[O-],0.0858442
CCC[N+]1(CCCC1)C.F[P-](F)(F)(F)(F)F,0.15001519
CN1C2CCC1CC(C2)OC(=O)C(CO)C3=CC=CC=C3.CN1C2CCC1CC(C2)OC(=O)C(CO)C3=CC=CC=C3.OS(=O)(=O)O,0.22026436
C1CC1N2CCC(CC2)NC(=O)C3=NC4=C(N3CC5=NOC(=C5)C6=CC=C(S6)Cl)C=CC(=C4)C(=O)[O-].[Na+],0.7024241
CC1=C(C=CC(=C1)C(=C2C=CC(=NC3=C(C=C(C=C3)S(=O)(=O)[O-])S(=O)(=O)O)C=C2)C4=CC=C(C=C4)NC5=CC=C(C=C5)S(=O)(=O)[O-])N.[Na+].[Na+],0.89444655
COCCCCCCCCOCCC[Si](C)(O[Si](C)(C)C)O[Si](C)(C)C,0.54681855
CC1=CC(=C(C=C1)C(=O)[N-]S(=O)(=O)C=CC2=CC=C(C=C2)OC)Cl.[Na+],0.71257585
C1CCCN(CC1)CC2=CC=C(S2)C3=NC(=NO3)CCN4C(=O)C5=CC=CC=C5C4=O.C(=CC(=O)O)C(=O)O,0.3249735
CC(C1=NC=NC=C1F)C(CN2C=NC=N2)(C3=C(C=C(C=C3)F)F)O,0.35952166
O.O.O.O.O.O.Cl[Sc](Cl)Cl,0.19544107
[CH-]1C=CC=C1.[CH-]1C=CC=C1.[Cl-].[Cl-].[Ti+4],0.2541467
CC1(CCC(=O)C2C13CCC(C3)C2(C)C)C,0.41086143
C1=CC(=CC=C1C(=O)NC(CCC(=O)O)C(=O)O)NCC2=CN=C3C(=N2)C(=O)NC(=N3)N,0.29852068
CN1CCN(CC1)C2=NC3=C(C=CC(=C3)Cl)NC4=CC=CC=C42,0.7669854
C1=NNC2=C1C(=O)NC(=O)N2,0.102429055
C(=NO)C=NO,0.3545497
CC1=CC(=C(C=C1)N=NC2=C(C(=CC3=CC=CC=C32)C(=O)O)[O-])S(=O)(=O)[O-].[Ca+2],0.29932654
CC1=CC(=O)C2=C(C3=C4C5=C2C1=C(C=C5C(C(=C4C(=O)C=C3O)O)(C)C)O)O,0.8553718
C1=CC=C(C(=C1)C(F)(F)F)N=NC2=C(C=CC3=CC(=CC(=C32)O)S(=O)(=O)[O-])N.[Na+],0.6961864
CCC(=NOCC=CCl)C1=C(CC(CC1=O)C2CCOCC2)O,0.3806085
C12C(C(C3C1O3)Cl)C4(C(=C(C2(C4(Cl)Cl)Cl)Cl)Cl)Cl,0.46797577
CC1C=CC=C(C(=O)NC2=CC(=C3C(=C2O)C(=C(C4=C3C(=O)C(O4)(OC=CC(C(C(C(C(C(C1O)C)O)C)OC(=O)C)C)OC)C)C)O)[O-])C.[Na+],0.7524036
C(CCl)Cl,0.079971746
C(C=O)Cl,0.43050975
C1=CC(=CN=C1)C#N,0.086215
C1=CC(=CC=C1C(=O)O)O,0.09892044
C1(C(=O)NC(=O)N1)NC(=O)N,0.059470642
CCCC=O,0.38270417
CCCCO,0.22216977
COC1=C(C=CC(=C1)C=C)O,0.49267617
CC1=CC(=CC=C1)O,0.30874452
C1=C(C=C(C(=C1O)O)O)C(=O)O,0.15559103
C1=CC=C(C=C1)C(=O)NCC(=O)O,0.09913304
C1=CC(=CC=C1C=O)[N+](=O)[O-],0.23602624
C(C(=O)O)P(=O)(O)O,0.14620973
C1CC(=O)OC2=CC=CC=C21,0.12903208
CS(=O)C,0.11410547
CCO,0.16857418
C1(C(C(C(C(C1Cl)Cl)Cl)Cl)Cl)Cl,0.1974064
C1(C(C(C(C(C1Cl)Cl)Cl)Cl)Cl)Cl,0.1974064
C1(C(C(C(C(C1Cl)Cl)Cl)Cl)Cl)Cl,0.19740638
C1(C(C(C(C(C1Cl)Cl)Cl)Cl)Cl)Cl,0.19740637
CCC(C)C(C(=O)O)N,0.14003767
II,0.96623904
C1CSSC1CCCCC(=O)N,0.17370625
CC(=O)NC1=CC=CC=C1,0.16256489
C1=CC(=CN=C1)C(=O)N,0.07899101
CCOP(=S)(OCC)OC1=CC=C(C=C1)[N+](=O)[O-],0.5948091
C1=CC=C2C(=C1)C=CC3=CC=CC=C32,0.7587256
C1=CC=C(C=C1)CC(=O)O,0.042355955
CCC(=O)O,0.09254047
CC1=NC=C(C(=C1O)CN)COP(=O)(O)O,0.09736592
CC(=O)C(=O)O,0.113006875
CC1=C(SC=N1)CCO,0.06737675
CN(C)C,0.026083097
CCC(C)N(C)C(=O)C1=CC2=CC=CC=C2C(=N1)C3=CC=CC=C3Cl,0.7676977
C1=CC=C(C(=C1)C(F)(F)F)N2C=CN=C2,0.13036501
CN1C=CN=C1,0.12759982
C1C2=CC=CC=C2C3=C1C=C(C=C3)N,0.82735467
C1=NNC(=N1)N,0.22378902
CC1=CC(=CC(=C1OCCCC2=CC(=NO2)C)C)C3=NOC(=N3)C(F)(F)F,0.6673754
CN1C2=C(C(=O)N(C1=O)C)N(C=N2)CCO,0.11663729
CC(=O)OC1CN2CCC1CC2,0.1792435
CC(=O)NP(=O)(OC)SC,0.44611186
CCC(C1=CC=CC=C1)C(=O)NC(=O)NC(=O)C,0.16458695
CC(=O)NC(CC1=CC=CC=C1)C(=O)O,0.099104755
C1=CC(=C(C=C1[N+](=O)[O-])Cl)C(=O)N,0.27700472
CC(C)NCC(COC1=CC=CC=C1CC=C)O,0.15233059
C=CCSCC1NC2=CC(=C(C=C2S(=O)(=O)N1)S(=O)(=O)N)Cl,0.05097336
CC1(CCC(C2=C1C=CC(=C2)C(=O)NC3=CC=C(C=C3)C(=O)O)(C)C)C,0.7059542
CCCCC1=C(C2=CC=CC=C2O1)C(=O)C3=CC(=C(C(=C3)I)OCCN(CC)CC)I,0.8453986
CCOC(=O)OC(C)OC1=C(N(S(=O)(=O)C2=CC=CC=C21)C)C(=O)NC3=CC=CC=N3,0.4381528
COC1=CC=C(C=C1)C2C(=O)C3=CC=CC=C3C2=O,0.32188058
CCNC1=NC(=NC(=N1)Cl)NC(C)C,0.03375324
C(CCCC(=O)O)CCCC(=O)O,0.22366077
C1=CC=C(C=C1)N=NC2=CC=CC=C2,0.865785
CCC1(CC(=O)NC(=O)C1)C,0.11730515
CN(C)CCCOC1(CCCCCC1)CC2=CC=CC=C2,0.7575669
CC(C)N1C(=O)C2=CC=CC=C2NS1(=O)=O,0.14124656
C1=CC=C(C=C1)CC2NC3=CC(=C(C=C3S(=O)(=O)N2)S(=O)(=O)N)Cl,0.059587322
CC(C)COCC(CN(CC1=CC=CC=C1)C2=CC=CC=C2)N3CCCC3,0.9041041
C1=CC=C(C=C1)C2=CC=C(C=C2)C(C3=CC=CC=C3)N4C=CN=C4,0.9004257
CCN(CC)CCNC(=O)C1=CC(=C(C=C1OC)N)Br,0.33015043
C1=CC2=C(C(=C(C=C2Br)Br)O)N=C1,0.71804744
CC(C)(C)NCC(COC1=CC=CC=C1OCC2CCCO2)O,0.1348931
CCCCOC1=CC=C(C=C1)CC(=O)NO,0.41256085
CCCCC(CC)CNC(=O)CC(C)OC(=O)CCC(=O)O,0.27092576
CC(C)C(CCCN(C)CCC1=CC(=C(C=C1)OC)OC)(C#N)C2=CC(=C(C=C2)OC)OC,0.8385981
C1=CC=C2C(=C1)C=CC3=CC=CC=C3N2C(=O)N,0.7796557
CC1(CC2=C(O1)C(=CC=C2)OC(=O)NC)C,0.25006947
C1=CC(=CC(=C1)Cl)NN=C(C#N)C#N,0.888442
CN1C(S(=O)(=O)CCC1=O)C2=CC=C(C=C2)Cl,0.20343904
CCCNC(=O)NS(=O)(=O)C1=CC=C(C=C1)Cl,0.036130607
C1=CC=C2C(=C1)C(=O)NC2(C3=CC(=C(C=C3)Cl)S(=O)(=O)N)O,0.30554634
C1CCC(CC1)N2C(=NN=N2)CCCCOC3=CC4=C(C=C3)NC(=O)CC4,0.5889358
CC(C)NCC(C1=CC(=C(C=C1)N)C#N)O,0.12386938
CCC(C)(C(=O)O)OC1=CC=C(C=C1)C2(CCCCC2)C3=CC=C(C=C3)OC(C)(CC)C(=O)O,0.42097837
C1CCN(CC1)C2(CCN(CC2)CCCN3C4=CC=CC=C4CCC5=C3C=C(C=C5)Cl)C(=O)N,0.98794055
CN(C)CCC(C1=CC=CC=C1)(C2=CC=CC=C2Cl)O,0.39574727
C1COC2(N1CC(=O)NC3=C2C=C(C=C3)Cl)C4=CC=CC=C4Cl,0.17908257
C1CCC(C1)CC2NC3=CC(=C(C=C3S(=O)(=O)N2)S(=O)(=O)N)Cl,0.09600579
CC1(C(C1C(=O)OC(C#N)C2=CC(=CC=C2)OC3=CC=CC=C3)C=C(Cl)Cl)C,0.69006073
CCOP(=S)(OCC)OC1=NC(=NC(=C1)C)C(C)C,0.3200949
C1=CC=C2C(=C1)C3=CC=CC=C3S2,0.5711035
C1=CC(=CC=C1C(C2=CC=C(C=C2)Cl)C(Cl)(Cl)Cl)Cl,0.8796335
C1=CC(=C(C=C1Cl)CC2=C(C=CC(=C2)Cl)O)O,0.8739915
COC1=CC(=CC(=C1OC)OC)C(=O)OCCCN2CCCN(CC2)CCCOC(=O)C3=CC(=C(C(=C3)OC)OC)OC,0.7896207
C(C(CS)S)O,0.20025831
CCCCN(CCN(CCCC)C(=O)N1CCOCC1)C(=O)N2CCOCC2,0.41274923
C1=CC=C(C=C1)C(=O)C2=CC=CC=C2,0.5993078
CN(C)C(=O)NC1=CC(=C(C=C1)Cl)Cl,0.6706678
CN1C2=C(C(=O)N(C1=O)C)N(C=N2)CC(CO)O,0.119326964
CC1=CC(=NC(=N1)N2C(=CC(=N2)C)OC)OC,0.12199217
CCN(CC)CCOC1=CC=CC=C1C(=O)CCC2=CC=CC=C2,0.64376485
CCC(=C)C(=O)C1=C(C(=C(C=C1)OCC(=O)O)Cl)Cl,0.15862943
CCN1C(=O)C(NC1=O)C2=CC=CC=C2,0.115271404
CCC1=CC2=C(S1)N3C(=NN=C3CN=C2C4=CC=CC=C4Cl)C,0.12344337
COC1=C(C=CC(=C1)CC=C)O,0.48908496
CCNC(C)CC1=CC(=CC=C1)C(F)(F)F,0.18858209
CC1=C(C=CC(=C1)OP(=S)(OC)OC)SC,0.66562444
C1=CC=C(C(=C1)C(=O)O)NC2=CC=CC(=C2)C(F)(F)F,0.2952996
C1CN(CCN1CCCN2C3=CC=CC=C3SC4=C2C=C(C=C4)C(F)(F)F)CCO,0.9824123
CNCCC(C1=CC=CC=C1)OC2=CC=C(C=C2)C(F)(F)F,0.8435824
CC(C1=CC(=C(C=C1)C2=CC=CC=C2)F)C(=O)OC(C)OC(=O)C,0.5571032
CC1=NC2=C(N1)C(=O)N(C(=O)N2CC3=CC=CO3)C,0.22951896
C1CCC(CC1)(CC(=O)O)CN,0.21195424
CC1=CN=C(C=N1)C(=O)NCCC2=CC=C(C=C2)S(=O)(=O)NC(=O)NC3CCCCC3,0.14692582
COC1=C(C=C(C=C1)Cl)C(=O)NCCC2=CC=C(C=C2)S(=O)(=O)NC(=O)NC3CCCCC3,0.31440395
C1=CC(=CC=C1C(=O)O)S(=O)(=O)N(Cl)Cl,0.17822745
C1CN(CCC1(C2=CC=C(C=C2)Cl)O)CCCC(=O)C3=CC=C(C=C3)F,0.8080338
C1NC2=CC(=C(C=C2S(=O)(=O)N1)S(=O)(=O)N)Cl,0.031523332
C1NC2=C(C=C(C(=C2)C(F)(F)F)S(=O)(=O)N)S(=O)(=O)N1,0.046293646
CC1=C(C(=O)C(=C(C1=O)OC)OC)CCCCCCCCCCO,0.6538823
C1=CC2=C(C=C1S(=O)(=O)O)C(=C(N2)C3=NC4=C(C3=O)C=C(C=C4)S(=O)(=O)O)O,0.30247265
C1=CC2=C(C=C1S(=O)(=O)O)C(=C(N2)C3=NC4=C(C3=O)C=C(C=C4)S(=O)(=O)O)O,0.30247268
CC(C1=CC=C(C=C1)N2CC3=CC=CC=C3C2=O)C(=O)O,0.2046084
CC(=O)N(CC(CO)O)C1=C(C(=C(C(=C1I)C(=O)NCC(CO)O)I)C(=O)NCC(CO)O)I,0.04050366
C1=C(C(=C(C(=C1I)NC(=O)COCCOCCOCC(=O)NC2=C(C=C(C(=C2I)C(=O)O)I)I)I)C(=O)O)I,0.16072029
C(CO)N(C1=C(C(=C(C(=C1I)C(=O)NCC(CO)O)I)C(=O)NCC(CO)O)I)C(=O)CO,0.05117233
CCCCC1=NC2(CCCC2)C(=O)N1CC3=CC=C(C=C3)C4=CC=CC=C4C5=NNN=N5,0.8060511
CC(C)NCC(C1=CC(=C(C=C1)O)O)O,0.17052525
C1=C(OC=C(C1=O)O)CO,0.12007825
C1=CC(=CC=C1C#N)C(C2=CC=C(C=C2)C#N)N3C=NC=N3,0.9023031
C1=CC=C(C=C1)N2C3=CC=CC=C3C(C2=O)(CC4=CC=NC=C4)CC5=CC=NC=C5,0.80314666
CN(C1=NC(=CC=C1)OC)C(=S)OC2=CC3=C(CCCC3)C=C2,0.7035487
CCOC(=O)N1CCC(=C2C3=C(CCC4=C2N=CC=C4)C=C(C=C3)Cl)CC1,0.8407031
CC(C)OC(=O)C(=C1SC=CS1)C(=O)OC(C)C,0.6244847
CC1=CC(=O)C2=CC=CC=C2C1=O,0.43285888
CCCC(C)(COC(=O)N)COC(=O)N,0.120005265
CCC1(C(=O)NC(=O)N(C1=O)C)CC,0.12859593
COC1=C2C(=CC3=C1OC=C3)C=CC(=O)O2,0.33576363
CN(C)C1=CC2=C(C=C1)N=C3C=CC(=[N+](C)C)C=C3S2,0.810777
CCN(CC)CCNC(=O)C1=CC(=C(C=C1OC)N)Cl,0.36199942
C1CCN(CC1)C2=NC(=N)N(C(=C2)N)O,0.46704206
COC1=CC=C(C=C1)C2=C(ON=C2C3=CC=C(C=C3)OC)CC(=O)O,0.4722909
C1CCN2C(C1)NC(=O)C23CCN(CC3)CCCN4C5=CC=CC=C5CCC6=C4C=C(C=C6)Cl,0.98550296
C1CN=C(N1)CC2=CC=CC3=CC=CC=C32,0.09399747
CC1=C(C(C(=C(N1)C)C(=O)OCCN(C)CC2=CC=CC=C2)C3=CC(=CC=C3)[N+](=O)[O-])C(=O)OC,0.8380958
CC1=C(C(C(=C(N1)C)C(=O)OC(C)C)C2=CC(=CC=C2)[N+](=O)[O-])C(=O)OCCOC,0.8442128
CCOC(=O)C1=C(NC(=C(C1C2=CC(=CC=C2)[N+](=O)[O-])C(=O)OC)C)C,0.8209317
CC(CCC1=CC=CC=C1)NC(C)C(C2=CC=C(C=C2)O)O,0.503784
C1=CC=C(C=C1)C2=C(OC(=N2)CCC(=O)O)C3=CC=CC=C3,0.32928655
CC(C)(CC1=CC=CC=C1)N(C)C(=O)CN(CCO)CC(=O)N(C)C(C)(C)CC2=CC=CC=C2,0.3158195
CCCOC1=CC2=C(C=C1)N=C(N2)NC(=O)OC,0.8723721
C(CN)C(O)(P(=O)(O)O)P(=O)(O)O,0.16322735
C1=CC=C(C=C1)C2C(=O)N=C(O2)N,0.12337309
CCCC(C)C1(C(=O)NC(=O)NC1=O)CC,0.22026777
CC(=O)CCCCN1C(=O)C2=C(N=CN2C)N(C1=O)C,0.42279845
CC(COC1=CC=CC=C1)N(CCCl)CC2=CC=CC=C2,0.72109175
C1=CC=C(C=C1)CCCOC(=O)N,0.2944301
CCOP(=S)(OCC)SCSCC,0.46702012
CC1=NC(=C(C(=N1)Cl)NC2=NCCN2)OC,0.018908251
C1CNCCN1,0.041225556
C1CN(CCN1CC2=CC3=C(C=C2)OCO3)C4=NC=CC=N4,0.8755135
CN1C(NC2=CC(=C(C=C2S1(=O)=O)S(=O)(=O)N)Cl)CSCC(F)(F)F,0.09431518
C1CCN(CC1)CCC(C2=CC=CC=C2)(C3=CC=CC=C3)O,0.5498291
CC(C)(C)C1=CC(=CC(=C1O)C(C)(C)C)SC(C)(C)SC2=CC(=C(C(=C2)C(C)(C)C)O)C(C)(C)C,0.9404653
CCN(CC)CCNC(=O)C1=CC=C(C=C1)N,0.30746886
CC(C)N(C1=CC=CC=C1)C(=O)CCl,0.41154373
CC(C)C1=C(C(=CC=C1)C(C)C)O,0.8728168
CCC1=C(C(=NC(=N1)N)N)C2=CC=C(C=C2)Cl,0.34945306
C1CN(CCN1CCOCCO)C2=NC3=CC=CC=C3SC4=CC=CC=C42,0.8604163
C1=CC(=CC(=C1)O)O,0.3068495
CN(C)CCC1=CNC2=C1C=C(C=C2)CN3C=NC=N3,0.32162184
CCCCSP(=O)(SCCCC)SCCCC,0.73000365
C1=CC=C(C=C1)CCCCOCCCCCCNCC(C2=CC(=C(C=C2)O)CO)O,0.8080016
C1=CN=C(N=C1)NS(=O)(=O)C2=CC=C(C=C2)N,0.06718288
CC(C)(C(=O)OCCCOC(=O)C(C)(C)OC1=CC=C(C=C1)Cl)OC2=CC=C(C=C2)Cl,0.6600018
CCCCCCCCCCCCCCOS(=O)(=O)O,0.5519485
CC1(C2(C(C(C(C1(C2Cl)Cl)(C(Cl)Cl)Cl)Cl)Cl)Cl)C,0.5079071
C1=CC=C(C=C1)NC(=O)CCCCCCC(=O)NO,0.46898478
CC1=CC(=NC(=N1)NS(=O)(=O)C2=CC=C(C=C2)N)C,0.044057693
C1=CC=NC(=C1)NS(=O)(=O)C2=CC=C(C=C2)N,0.08997623
C1=CC=C(C=C1)N2C(=O)C(C(=O)N2C3=CC=CC=C3)CCS(=O)C4=CC=CC=C4,0.5246114
CC1=C(ON=C1C)NS(=O)(=O)C2=CC=C(C=C2)N,0.04321115
COC1=C(C=CC(=C1)S(=O)C)C2=NC3=C(N2)C=CC=N3,0.70854795
CCCCC1(C(=O)N(N(C1=O)C2=CC=CC=C2)C3=CC=CC=C3)COC(=O)CCC(=O)O,0.58358884
CC1CN(CCN1)C2=C(C=C3C(=C2OC)N(C=C(C3=O)C(=O)O)C4CC4)F,0.018071523
CC(C)N1CCN(CC1)C2=CC=C(C=C2)OCC3COC(O3)(CN4C=NC=N4)C5=C(C=C(C=C5)Cl)Cl,0.9727094
CC(C)(C)C1=CC=C(C=C1)C(CCCN2CCC(CC2)C(C3=CC=CC=C3)(C4=CC=CC=C4)O)O,0.8430357
CN(C)C(=S)SSC(=S)N(C)C,0.9326482
C1=CC(=C(C=C1Cl)Cl)C(CN2C=CN=C2)OCC3=C(SC=C3)Cl,0.9166963
CCN(CC)C(=O)C1=CN=CC=C1,0.17913698
CCN(CC)C1=CC(=NC2=NC=NN12)C,0.116862796
C(Br)(Br)Br,0.23068416
C(CCl)N(CCCl)CCCl,0.24500464
COC1=CC(=CC(=C1OC)OC)CC2=CN=C(N=C2N)N,0.13683088
CC(C)(C)CC(C)(C)C1=CC=C(C=C1)OCCO,0.74933547
CC1=C(C2=C(CCC(O2)(C)COC3=CC=C(C=C3)CC4C(=O)NC(=O)S4)C(=C1O)C)C,0.760674
C=CC(CCC(=O)O)N,0.14923559
COC1=C(C=CC(=C1)C2=NNC(=O)C=C2)OC(F)F,0.28462246
CC1=CC=C(C=C1)C2=C(N3C=C(C=CC3=N2)C)CC(=O)N(C)C,0.42853856
CC12CC(C3C(C1CCC2(C(=O)CO)O)CCC4=CC(=O)C=CC34C)O,0.37988478
C1=CC(=C(C(=C1)Cl)Cl)C(=O)O,0.03837151
CC1=CC=C(C=C1)N(CC2=NCCN2)C3=CC(=CC=C3)O,0.4528881
CC(C)NCC(C1=CC(=C(C=C1)O)O)O.Cl,0.14150023
CNCC(C1=CC(=C(C=C1)O)O)O,0.3111853
C1=CC(=C(C=C1C(=O)O)Cl)Cl,0.07660929
CC(=O)SC1CC2=CC(=O)CCC2(C3C1C4CCC5(C4(CC3)C)CCC(=O)O5)C,0.54101634
CC12CCC3C(C1CCC2=O)CC=C4C3(CCC(C4)O)C,0.570795
C1=CC(=C[N+](=C1)C2C(C(C(O2)COP(=O)([O-])OP(=O)(O)OCC3C(C(C(O3)N4C=NC5=C(N=CN=C54)N)O)O)O)O)C(=O)N,0.37197244
C1CCC2=NN=NN2CC1,0.05182426
C1=CC(=C(C=C1OC2=C(C=C(C=C2I)CC(C(=O)O)N)I)I)O,0.348422
CN(CCCl)CCCl.Cl,0.074280374
C1=CC=C2C(=C1)C=CC3=CC4=CC=CC=C4C=C32,0.8184319
CN(CCCCCCCCCCN(C)C(=O)OC1=CC=CC(=C1)[N+](C)(C)C)C(=O)OC2=CC=CC(=C2)[N+](C)(C)C.[Br-].[Br-],0.91842145
C(C1C(C(C(C(O1)OC2(C(C(C(O2)CO)O)O)CO)O)O)O)O,0.2240049
CC12CCC3C(C1CCC2(C#C)O)CCC4=C3C=CC(=C4)O,0.7784798
CC1=C2C=CC3=CC=CC=C3C2=C(C4=CC=CC=C14)C,0.76898116
CC1=C(C(=O)N(N1C)C2=CC=CC=C2)N(C)C,0.12685631
C1=C(C(=C(C(=C1Cl)Cl)Cl)O)Cl,0.7306259
C1C(C(OC1N2C=C(C(=O)NC2=O)Br)CO)O,0.36751765
C(C1C(C(C(C(O1)O)O)O)O)O,0.13722862
C1=CC=C(C=C1)CCO,0.13824035
CC(=O)OCC[N+](C)(C)C.[Cl-],0.06872
C1C2C(C(C(O2)N3C=NC4=C(N=CN=C43)N)O)OP(=O)(O1)O,0.3734354
CCOS(=O)(=O)C,0.19215877
CC(CCCN)NC1=C2C(=CC(=C1)OC)C=CC=N2.OP(=O)(O)O.OP(=O)(O)O,0.458982
CC(COC1=CC=CC=C1)[NH+](CCCl)CC2=CC=CC=C2.[Cl-],0.7054346
CC[N+](CC)(CC)CCOC1=C(C(=CC=C1)OCC[N+](CC)(CC)CC)OCC[N+](CC)(CC)CC.[I-].[I-].[I-],0.8655453
C1=C(C(=O)NC(=O)N1)N(CCCl)CCCl,0.19617853
CC1CC(C(=O)C(C1)C(CC2CC(=O)NC(=O)C2)O)C,0.21540579
CS(=O)(=O)C,0.15038835
CC1(C(N2C(S1)C(C2=O)NC(=O)C(C3=CC=CC=C3)N)C(=O)O)C,0.0018262863
C(C(C(C(C(CO)O)O)O)O)O,0.15988472
C1=CC=C(C=C1)C(=O)CBr,0.625547
CCC1=CC=C(C=C1)C(C2=CC=C(C=C2)CC)C(Cl)Cl,0.86908674
CC(C)NCC(C1=CC=C(C=C1)[N+](=O)[O-])O,0.16428669
C1=CC(=CC=C1C(=O)O)Cl,0.094764434
C(Cl)Cl,0.045172255
C[N+](=O)[O-],0.32322055
C(F)(Cl)(Cl)Cl,0.025290197
CC(C)(C)C(=O)O,0.05198032
C(=O)(C(Cl)(Cl)Cl)O,0.04699042
CC(C)(CO)[N+](=O)[O-],0.21854311
CC1=C(C(=C(C=C1C2(C3=CC=CC=C3S(=O)(=O)O2)C4=CC(=C(C(=C4C)Br)O)Br)Br)O)Br,0.9009007
CC12C(C=CC3(C1C(C45C3CCC(C4)(C(=C)C5)O)C(=O)O)OC2=O)O,0.39992982
CC1(C(=O)NC(=O)N1)C,0.07412278
CCOC(=O)C1C(O1)(C)C2=CC=CC=C2,0.446183
CC(CO)(CO)CO,0.06997966
CCO[Si](OCC)(OCC)OCC,0.18112902
CCCCC(CC)COP(=O)(OCC(CC)CCCC)OCC(CC)CCCC,0.63925415
CCC(C)Br,0.14986613
CC(C)C#N,0.15116161
C=C(CCl)Cl,0.06981381
CC(C#N)O,0.21498667
C(=C(Cl)Cl)Cl,0.056425612
CC[N+](=O)[O-],0.21362805
C(C(=O)O)(Cl)Cl,0.108238384
C(C(=O)O)(Cl)Cl,0.108238384
CCC(C)(C)C1=CC(=C(C=C1O)C(C)(C)CC)O,0.9213696
C1=CC(=CC=C1S(=O)(=O)C2=CC=C(C=C2)Cl)Cl,0.44210476
CC(C)(C1=CC=CC=C1)OOC(C)(C)C2=CC=CC=C2,0.42730668
CCC(C)(C)C1=CC=C(C=C1)O,0.90628487
CC1=C(ON=C1C)N(C(=O)C)S(=O)(=O)C2=CC=C(C=C2)N,0.119416095
C1=CC(=C(C=C1N)S(=O)(=O)O)C=CC2=C(C=C(C=C2)N)S(=O)(=O)O,0.2700204
CC1=C(C2=C(C=C1)C(=O)C3=CC=CC=C3C2=O)N,0.6765058
C1=CC=C2C(=C1)C(=O)C3=C(C2=O)C(=CC=C3)Cl,0.6084982
CC1=C(C(=CC=C1)C(=O)O)O,0.07522246
CC1CC2C3CCC(C3(CC(C2C4(C1=CC(=O)C=C4)C)O)C)(C(=O)CO)O,0.44132373
CC1=CC2=C(C=C1)C(=O)C3=CC=CC=C3C2=O,0.5504157
C1=CC=C2C(=C1)C(=O)C3=CC=CC=C3C2=O,0.56989163
C1=CC2=C(C=CC(=C2N=C1)O)S(=O)(=O)O,0.16715606
C1=CC=C2C(=C1)C=CC3=C2C=CC=N3,0.7063283
C1C=CCC2C1C(=O)NC2=O,0.38069674
CCCCC(CC)COC(=O)C1=CC=CC=C1C(=O)OCCCC,0.53508854
C1=CC=C2C(=C1)C=CC=C2[N+](=O)[O-],0.20346504
C1=CC=C2C(=C1)C=CC=C2CC(=O)O,0.06229534
CCOC=C(C(=O)OCC)C(=O)OCC,0.4030203
CC1=C(C(=CC=C1)N)C,0.22578529
C1(=O)N(C(=O)N(C(=O)N1Cl)Cl)Cl,0.18627024
CCC(CC)C(=O)O,0.19192058
C1=COC(=C1)C(=O)O,0.06035211
C1=C(C=C(C(=C1N)O)S(=O)(=O)O)Cl,0.15254113
CCC1=CC(=C(C(=C1)C(C)(C)C)O)CC2=C(C(=CC(=C2)CC)C(C)(C)C)O,0.88597876
CC1=CC(=C(C=C1Cl)S(=O)(=O)O)N,0.16102725
CC1=CC=CC=C1[N+](=O)[O-],0.115512826
C1=C(C=C(C(=C1C(=O)O)Cl)[N+](=O)[O-])Cl,0.077290766
C1=CC(=C(C=C1Cl)[N+](=O)[O-])Cl,0.18080351
CC1CCC(=C(C)C)C(=O)C1,0.34015948
C1=CC=C(C(=C1)C=O)Cl,0.15787914
COC1=CC=CC=C1N,0.36019057
C1=CC(=CC2=C(C=C(C=C21)S(=O)(=O)O)O)N,0.29699668
CN(C)C1=CC=C(C=C1)C(=O)C2=CC=C(C=C2)N(C)C,0.9535603
CC1=C(C=CC=C1N=C=O)N=C=O,0.019246822
C1=CC=C2C(=C1)C=CC=N2,0.40440372
CC1=CC2=CC=CC=C2C=C1,0.1861969
CCN(CC)C1=CC=CC=C1,0.3042174
CCN(CCO)C1=CC=CC(=C1)C,0.1671432
C1=CC=C(C=C1)C2=CC(=C(C=C2)O)Cl,0.8752261
C1=CC=C2C=C(C(=CC2=C1)O)O,0.7469845
C1=CC=C(C=C1)C2=CC=CC=C2,0.65285313
C1=CC(=CC=C1C2=CC=C(C=C2)N)N,0.8276453
CC1=CC(=C(C=C1)O)OC,0.2979025
COC(=O)C1=CN=CC=C1,0.13448977
C1=CC=C(C=C1)C(=O)OC2=CC=CC=C2,0.6364245
CCOC(=O)CC(=O)C1=CC=CC=C1,0.21818165
CC(C)OC(=O)COC1=C(C=C(C=C1)Cl)Cl,0.15208966
CCC1=NN=C(S1)NS(=O)(=O)C2=CC=C(C=C2)N,0.020323578
C1=CC=C(C=C1)COC(=O)C2=CN=CC=C2,0.34461498
CCCCOC(=O)COC1=C(C=C(C=C1)Cl)Cl,0.2216115
CC1=C(C=CC(=C1)Cl)OCCCC(=O)O,0.18423131
C1CCC(CC1)NSC2=NC3=CC=CC=C3S2,0.8408264
CC1=CC=CC=C1Br,0.16012575
CC1=CC=CC=C1Cl,0.123469345
CC1=CC=CC=C1Cl,0.12346936
C1=CC=C(C(=C1)N)Cl,0.42688254
CC1=C(C=C(C=C1)N)Cl,0.11081781
CC1=CC(=C(C=C1)C)N,0.1032488
CCOC(=O)C(=O)OCC,0.12925404
C(C(CBr)Br)Cl,0.20671351
CC1CCCC1,0.34866145
CCC1=CC(=C(C=C1)O)C(C)(C)C,0.8321306
C1=CC(=C(C=C1[N+](=O)[O-])[N+](=O)[O-])N,0.586507
C1=CC(=C(C=C1Cl)SC2=C(C=CC(=C2)Cl)O)O,0.89332426
COC1=C(C=CC(=C1)[N+](=O)[O-])N,0.27493745
C1=COC(=C1)C=O,0.19561619
C1=CC=C(C=C1)C(Cl)(Cl)Cl,0.34564707
C1=CC=C(C=C1)S(=O)(=O)Cl,0.1602142
C1=CC(=CC(=C1)Cl)C(F)(F)F,0.081801176
C1=CC(=CC=C1N)[As](=O)(O)O,0.23542851
CC(C)(C)C1=CC=C(C=C1)C(=O)O,0.5756423
CC(=O)C1=CC=CC=C1,0.20697956
C1=CC=C(C=C1)C(=O)Cl,0.13684428
CC1=CC(=CC=C1)C(=O)O,0.041802425
CNCC(=O)C1=CC(=C(C=C1)O)O,0.3402646
C1=CC(=CC(=C1)[N+](=O)[O-])C=O,0.33884642
C1=CC(=CC(=C1)[N+](=O)[O-])[N+](=O)[O-],0.5894277
CC1=CC=C(C=C1)C(C)C,0.7684995
CC(C)C1=CC=C(C=C1)O,0.9182849
C1=CC(=CC=C1N)[N+](=O)[O-],0.2714728
CC(=O)C1=CC=C(C=C1)[N+](=O)[O-],0.35602316
C1=CC(=CC=C1[N+](=O)[O-])[N+](=O)[O-],0.652924
CCC1=CC=CC=C1,0.13728963
C1=CC=C(C=C1)CCl,0.22564283
C1CCC(=NO)CC1,0.42783636
CCN1CCOCC1,0.07044619
C1CCN(CC1)N=O,0.43845403
C1CN2CCC1CC2,0.25231627
CC(C(=O)O)OC1=CC(=CC=C1)Cl,0.08032607
C1=CC=C(C=C1)NC2=CC=C(C=C2)N,0.9363056
C1=CC=C(C=C1)OC2=CC=C(C=C2)Br,0.7821824
C1=CC(=CC=C1CC2=CC=C(C=C2)N)N,0.89137435
C1=CC(=CC=C1N)OC2=CC=C(C=C2)Cl,0.87249285
CCC(C)NC1=CC=C(C=C1)NC(C)CC,0.83316034
C1=CC=C(C=C1)NC(=NC2=CC=CC=C2)N,0.7995979
CC1=C(C=CC(=C1)OC)N,0.32547703
CCCCN(CCCC)CCO,0.38193047
CCCCCCCCCCCCN(CCCCCCCCCCCC)CCCCCCCCCCCC,0.9308437
C1=CC=C(C=C1)COC2=CC=C(C=C2)O,0.8756949
CC(C)C(=O)OCC1=CC=CC=C1,0.34605944
CC(C)CC(=O)OCC1=CC=CC=C1,0.4092737
C1=CC=C(C=C1)CCBr,0.27173793
CCCCC1=CC=C(C=C1)N,0.56486654
CCCCC1CCC(=O)O1,0.22799076
CCCCC1=CC=CC=C1,0.33444947
CCCCCC1CCC(=O)O1,0.4049846
CC1=CC=C(C=C1)C=O,0.06278559
C1=CC(=CC=C1NO)N=O,0.8242193
COC1=CC=C(C=C1)CO,0.19007619
COC(=O)CC#N,0.150618
CCOC(=O)CC(=O)OCC,0.20477952
C1CCC(=O)NCC1,0.18545592
CC(CCC=C(C)C)CCOC=O,0.4401817
CCCC(=O)OCCC(C)C,0.38025653
CCCCCCCC(=O)OCC,0.41076216
CC1=CC=C(C=C1)S,0.28199747
C1=CC(=CC=C1N)N,0.4120743
CC(C)COC(=O)C=C,0.3511057
C1CC2C(O2)CC1C3CO3,0.25466704
CCCBr,0.13104211
CC(CC(C)(C)O)O,0.13773227
CCCCOP(=O)(O)OCCCC,0.34248626
CC(=O)CC(C)(C)OC,0.14975671
CN(C)CCCl,0.082535654
CC1COC(=O)O1,0.0894426
C1=CC(=CC(=C1)Cl)N,0.20404907
CC1=NC(=CC=C1)C,0.036193464
CC1=CC(=CC(=C1)N)C,0.100067645
CC(C)CC(=O)CC(C)C,0.27277347
C1CCC(=O)CC1,0.6282902
CC1=CN=CC=C1,0.08951024
C1=CC=NC(=C1)Br,0.23752382
CCCCCl,0.11156177
CCCCN,0.24746871
COCCO,0.13056615
C1=COC=C1,0.18892816
CC(C)(CCC(C)(C)O)O,0.13022254
CCCCCCCCCC(=O)OC,0.44075477
CCCCCC,0.2836272
CCCCC=O,0.29488018
C1COCCN1,0.070799604
CCCCCC#CC(=O)OC,0.51698667
CCCCCCC(=O)O,0.19303733
C(CCBr)CCBr,0.1624948
C(CNCCN)N,0.15178722
CCCCCCC=C,0.37697792
CCCCCCCCCCCC(=O)OC,0.46109617
CCCCCCCCBr,0.36718613
C(CCl)OCOCCCl,0.1690316
CCCCNCCCC,0.33148235
CCCCCCCCCCCCCCCC[N+](C)(C)C.[Cl-],0.78284925
CCCCCCCOC(=O)C,0.45856085
CCCCCCCCCCBr,0.47720635
COCCOCCOCCO,0.25184765
CCCCCCCCCCCC,0.4975466
CCOCCOCCOCCO,0.3097184
CCCCCCCCCCCCCO,0.5042511
CCCCCCCCCCCCCCBr,0.54581195
CCCCCCCCCCCCCCO,0.51833314
CC(C)(C=C)O,0.09018036
CC(=O)OC1=CC=C(C=C1)C2(C3=CC=CC=C3NC2=O)C4=CC=C(C=C4)OC(=O)C,0.8851293
CCC(C)C1(C(=O)NC(=O)NC1=O)CC=C,0.2110423
CC1CC(CC(C1)(C)C)O,0.47939304
C1=CC(=CC=C1S(=O)(=O)C2=CC(=C(C=C2Cl)Cl)Cl)Cl,0.6295097
C1=CC=C2C(=C1)C(=O)C3=C(C2=O)C=C(C=C3)N,0.62548715
CCCCCCCCOC(=O)C1=CC=CC=C1C(=O)OCCCCCCCC,0.5859789
CC1CC(CC(C1)(C)C)OC(=O)C2=CC=CC=C2O,0.7120911
C1=CC=C(C=C1)COC(=O)C2=CC=CC=C2O,0.66420954
C1(=C(C(=C(C(=C1Cl)Cl)Cl)Cl)Cl)Cl,0.1345694
COC1=C(C=C(C=C1)[N+](=O)[O-])[N+](=O)[O-],0.546687
CC1=CC(=C(C(=C1)C(C)(C)C)O)CC2=C(C(=CC(=C2)C)C(C)(C)C)O,0.8398476
COC1=C(C=CC(=C1)C2=CC(=C(C=C2)N)OC)N,0.8015249
CC1=C(C=CC(=C1)C2=CC(=C(C=C2)N)C)N,0.8538689
C1=CC=C(C=C1)CC2=C(C=CC(=C2)Cl)O,0.8515
CC(C(=O)O)OC1=C(C=C(C=C1)Cl)Cl,0.12771285
CC1=CC=CC=C1NC(=O)C,0.18831713
C1=CC=C2C(=C1)N=C(S2)SSC3=NC4=CC=CC=C4S3,0.95745873
CCOC1=C(C=CC(=C1)C=O)O,0.21745872
CCOC(=O)C1C(O1)C2=CC=CC=C2,0.47153938
C1=CC(=CC=C1NC(=O)N)[As](=O)(O)O,0.23619165
C1=C(SC(=N1)N)[N+](=O)[O-],0.2337494
C1=CC(=CC(=C1)[N+](=O)[O-])C(=O)Cl,0.30996618
C1=CC(=CC=C1C(=O)Cl)[N+](=O)[O-],0.43356213
COC(=O)C1=CC=CC=C1C(=O)OC,0.25078088
C1=CC=C(C=C1)C(=O)C2=C(C=C(C=C2)O)O,0.75429803
CCCCOC(=O)C1=CC=CC=C1C(=O)O,0.21937285
C1=CC2=C(C(=C1)O)[NH+]=CC=C2.C1=CC2=C(C(=C1)O)[NH+]=CC=C2.[O-]S(=O)(=O)[O-],0.4788835
C1=CC=C2C(=C1)C=CC=C2N,0.5796566
CN(C)CCN(CC1=CC=CS1)C2=CC=CC=N2.Cl,0.34949055
C1=CC(=CC2=CC(=C(C=C21)O)S(=O)(=O)[O-])S(=O)(=O)[O-].[Na+].[Na+],0.30607876
C1=CC(=CC=C1C(=O)OCC(CO)O)N,0.39504105
CC1=CC2=NNN=C2C=C1,0.4176943
C1=CC(=C(C=C1N)N)O.Cl.Cl,0.57152015
C1=CC(=CC=C1C(=O)O)S(=O)(=O)N,0.12123931
CCCCC(CC)CCC(CC(C)C)OS(=O)(=O)O,0.5257848
C1=CC(=CC=C1NC(=O)N)Cl,0.28011608
CC1=CC=C(C=C1)OC(=O)C,0.17423058
CC(COC1=CC=C(C=C1)C(C)(C)C)OS(=O)OCCCl,0.8533779
COC1=CC=C(C=C1)CC=C,0.50903994
CCC(=O)OCCC(C)CCC=C(C)C,0.4184544
CCCCCCC(CCCCCCCCCCC(=O)OC)O,0.5091356
CCC1=CC(=CC=C1)CC,0.13587761
CCCCCCC(=O)OCC=C,0.40148628
CC(=O)NCCO,0.07784194
CCCCCCC,0.33446366
CCCNCCC,0.17795847
CCCCCCNCCCCCC,0.57328516
CC(C)C(C(C)(C)CO)O,0.16223735
C1CC2=C(C=CC(=C2C1)Cl)O,0.71727926
COC(OC)OC,0.19876343
COC1=CC=C(C=C1)OC,0.62389
CC12CCC3C(C1CCC2(C#C)O)CCC4=C3C=CC(=C4)OC5CCCC5,0.7827925
CCOC1=CC=C(C=C1)N,0.49684185
C(CS)N.Cl,0.12991484
C1=CC=C2C=C3C4=CC=CC=C4C5=CC=CC=C5C3=CC2=C1,0.823021
C1=NC=NN1,0.2550765
C1=CN=CC=N1,0.15662168
C[N+](CCCl)(CCCl)[O-],0.13885865
C1=CC=C2C(=C1)C=NN=C2NN.Cl,0.109269075
C12(C(C(C(C(C1(F)F)(F)F)(F)F)(F)F)(C(C(C(C2(F)F)(F)F)(F)F)(F)F)F)F,0.24345165
CC1=CC(=CC(=C1N(C)C)C)OC(=O)NC,0.8011589
C1=CC(=C(C=C1Cl)Cl)C(F)(F)F,0.17007719
C1=NC(=NC(=O)N1C2C(C(C(O2)CO)O)O)N,0.45081905
C1=CC(=CC=C1NC(=O)NC2=CC=C(C=C2)[N+](=O)[O-])[N+](=O)[O-],0.9433797
COS(=O)(=O)C(F)(F)F,0.22864904
CCSCC,0.26571736
CN1CCC23C=CC(CC2OC4=C(C=CC(=C34)C1)OC)O,0.34625793
CCCCCCCCCC(=O)OC1CCC2C1(CCC3C2CCC4=CC(=O)CCC34)C,0.5360816
C(C(C(C(F)(F)F)(F)F)(F)F)O,0.22506279
CC1(C(=O)N2C(C(=O)N3CCCC3C2(O1)O)CC4=CC=CC=C4)NC(=O)C5CN(C6CC7=CNC8=CC=CC(=C78)C6=C5)C.CC1(C(=O)N2C(C(=O)N3CCCC3C2(O1)O)CC4=CC=CC=C4)NC(=O)C5CN(C6CC7=CNC8=CC=CC(=C78)C6=C5)C.C(C(C(=O)O)O)(C(=O)O)O,0.9464983
CCOC(=O)C(F)(F)F,0.14264107
CC12CCC3C(C1CCC2O)CCC4=CC(=O)CCC34,0.62118155
C1=CC=C(C=C1)CC(=O)C2=CC=CC=C2,0.5490912
C1=CC(=CN=C1)N,0.1561981
CC1(C2CCC3(C(C2(CCC1O)C)C(=O)C=C4C3(CCC5(C4CC(CC5)(C)C(=O)O)C)C)C)C,0.3680836
CC1CCC2CC1C2(C)C,0.0891582
C1=CC=C2C(=C1)C(=C(N2)C3=NC4=CC=CC=C4C3=O)O,0.7800622
C1=CC=C(C=C1)C2=NC3=CC=CC=C3C(=C2O)C(=O)O,0.1311753
C1CC2=CC=CC=C2C1,0.4846394
CC1=CC(=C(C=C1C(C)(C)C)C(C)(C)C)O,0.93968
C1=CC(=NC(=C1)C(=O)O)C(=O)O,0.008802971
C1=CC=C(C=C1)COC(=O)Cl,0.19627145
CC(CCC=C(C)C)CC(=O)O,0.3011016
C1=CC=NC(=C1)N,0.17100552
CC(C)CCCC(C)CCCC(C)CCCC(C)(C=C)O,0.48729104
C1=CC=C(C(=C1)C2=C3C=CC(=O)C=C3OC4=C2C=CC(=C4)[O-])C(=O)[O-].[Na+].[Na+],0.40532482
CC12CCC(=O)CC1CCC3C2CCC4(C3CCC4O)C,0.50271237
C1CC(C2=CC=CC=C2C1)C3=NCCN3.Cl,0.09227469
CC1=NC=C(C(=C1O)CN)CO.Cl.Cl,0.08132264
C(C(C(C(C(C(=O)O)O)O)O)O)O,0.11059421
CC1=CC=CC=C1C=O,0.15927726
C1=CC(=CC=C1C2=CC=C(C=C2)N)N.Cl.Cl,0.75043017
CC1CCCCN1CCCOC(=O)C2=CC=CC=C2.Cl,0.50027066
C(C(=O)CCl)Cl,0.17342126
C1CCN(CC1)CC(COC(=O)NC2=CC=CC=C2)OC(=O)NC3=CC=CC=C3.Cl,0.7084732
C1=CC=C(C=C1)NC2=NC=NC(=N2)N,0.14694995
C1=CC=C(C=C1)CSCC2=CC=CC=C2,0.7615659
C1=CC(=CC=C1O)I,0.778677
CC(=O)OC(C)(C)C,0.08233299
CCOC(=O)NC(C(Cl)(Cl)Cl)O,0.08568074
CC(C)CON=O,0.08255245
CCCCON=O,0.080631375
C1=CC(=CC=C1N)S(=O)(=O)NC(=O)N,0.02222359
CN1C(=O)C2=CC=CC=C2C1=O,0.11418411
CC(=O)C1=CC=CC=C1N,0.2942667
C1=CC2=C(C=C1C(=O)O)C(=O)OC2=O,0.032956865
C1=CC(=CC(=C1)O)[N+](=O)[O-],0.19827938
C1C(O1)CO,0.105899654
CC(=CCO)C,0.15386368
CC1=CC(=CC=C1)OP(=O)(OC2=CC=CC(=C2)C)OC3=CC=CC(=C3)C,0.751852
CN(C)C1=CC=C(C=C1)C(=C2C=CC(=[N+](C)C)C=C2)C3=CC=CC=C3.[Cl-],0.9864851
CN(C)C1=CC=C(C=C1)C(=C2C=CC(=[N+](C)C)C=C2)C3=CC=CC=C3.[Cl-],0.9864851
C(C1C(C(C(C(O1)OC2C(OC(C2O)(CO)O)CO)O)O)O)O,0.2149386
COC1=C(C=CC(=C1)C=C2CCCC(=CC3=CC(=C(C=C3)O)OC)C2=O)O,0.9009163
C1=NN=CN1N,0.057130087
C1CC(=O)NC1=O,0.062604964
CC1=C(C(=O)CC1OC(=O)C2C(C2(C)C)C=C(C)C)CC=C,0.56460255
CCCCOC(=O)CC,0.26611164
C(C#N)Br,0.749267
CC1=CC(=CC=C1)Br,0.11756491
CCCCNC(=O)N,0.16021377
CC(C)([N+](=O)[O-])Cl,0.15618785
CC(C)(CC(=O)O)C(=O)O,0.07510688
COC(=O)N,0.12610069
C1=CC=C2C(=C1)C=C3C=CC=CC3=C2[N+](=O)[O-],0.5791845
C1=CC=C(C=C1)[Sb](C2=CC=CC=C2)C3=CC=CC=C3,0.9964567
C1=CC=C2C(=C1)C(=O)C3=C(C2=O)C=C(C=C3)O,0.7060963
C1=CC2=C(C(=C1)[N+](=O)[O-])N=CC=C2,0.22252886
C1=C(C=C(C(=C1Cl)N)Cl)N,0.52911586
CC1=CC(=C(C(=C1)[N+](=O)[O-])O)[N+](=O)[O-],0.48101234
C1=CC=C(C(=C1)C(=O)N)[N+](=O)[O-],0.17746684
CCC1=CC=CC=C1C,0.13404483
CC1=CC2=C(C=CC=N2)C=C1,0.18515211
C1=CC=C2C=C3C=C(C=CC3=CC2=C1)N,0.7346679
C1C(=O)CC2=CC=CC=C21,0.111256376
C1=C(C=C(C=C1N)N)C(=O)O,0.044473868
C1=C(C=C(C=C1C(=O)O)[N+](=O)[O-])C(=O)O,0.062862344
COC(=O)C1=CC=C(C=C1)[N+](=O)[O-],0.5345033
CCC1=CC(=CC=C1)O,0.3200996
CC1=CC=C(C=C1)NC(=O)N,0.16334468
CC1=CC=C(C=C1)C=C,0.12775166
CCOC(=O)CS,0.20275874
C1=CC(=CC=C1N)N.Cl.Cl,0.21686466
CCC(C)COC(=O)C,0.18440807
CC(CC(C)O)O,0.1697114
COC(=O)CCCCC(=O)O,0.17370698
CCCCOCC,0.20576525
CCOCCOCC,0.15398179
C1=C(C=C(C(=C1Cl)N)Cl)Cl,0.42132628
CCOC(C)(C)C,0.0646346
CC(=O)[O-].CC(=O)[O-].[Mn+2],0.23733126
CCCCCCCCCCCCCCCCCC#N,0.607156
CCC1C(C(C(C(=O)C(CC(C(C(C(C(C(=O)O1)C)OC2CC(C(C(O2)C)O)(C)OC)C)OC3C(C(CC(O3)C)N(C)C)O)(C)O)C)C)O)(C)O,0.619678
C1COCO1,0.13059588
C(=O)(C(C(C(F)(F)F)(F)F)(F)F)N,0.2840937
CC1=CC=C(C=C1)S(=O)(=O)NC(=O)NC2CCCCC2,0.08905215
CC(C)(CCC(=O)O)C(=O)O,0.06642066
CC(C)N=C=NC(C)C,0.18703501
CCCCCCCCC(=O)C,0.4490758
CCC1CCC(=O)O1,0.11907777
CCCC1CCCC(=O)O1,0.22528234
CC(C)C1=CC(=CC(=C1)C(C)C)C(C)C,0.8595498
C1=CC=C(C=C1)C(=O)C2=C(C=CC(=C2)Cl)N,0.7194425
CC(C)OP(=S)(OC(C)C)SCCNS(=O)(=O)C1=CC=CC=C1,0.48914993
C[Sn](C)(Cl)Cl,0.1258638
C1=CC=C(C(=C1)C(C2=CC=C(C=C2)Cl)C(Cl)(Cl)Cl)Cl,0.87475806
C1=CC=C(C=C1)P(=O)(C2=CC=CC=C2)C3=CC=CC=C3,0.76422673
CCCCCC(C#C)O,0.35803494
C1CCC(=O)C(C1)Cl,0.3707847
CC1=C(C=CC=C1N)N,0.3850541
C1=CC=C(C=C1)CCN=C(N)N=C(N)N.Cl,0.35844558
C1=CC=C(C=C1)OP(=O)(O)OC2=CC=CC=C2,0.32250872
CCC(C)C(=O)OC,0.19429877
C1=CC=C(C(=C1)C#N)Cl,0.20069103
CC(=O)C1CCCCC1=O,0.24360408
C1=CC=C(C=C1)SSC2=CC=CC=C2,0.95454216
CCO[Si](CCC#N)(OCC)OCC,0.18181369
C(C(=O)C(Cl)Cl)Cl,0.18313673
CC1(C(=O)C(C1=O)(C)C)C,0.11042014
COC1=CC=CC(=C1O)O,0.4694125
C1=C(C(=C(C(=C1Cl)Cl)O)Cl)Cl,0.70435625
C1=CC=C(C=C1)N2C(=O)C=CC2=O,0.7307357
CCOP(=O)(OCC)OC1=NC(=NC(=C1)C)C(C)C,0.37015274
CC12CCC(=O)C=C1C=CC3C2CCC4(C3CCC45CCC(=O)O5)C,0.58765244
CC1=C(C=CC(=C1)C2=CC(=C(C=C2)N=NC3=C(C4=CC=CC=C4C(=C3)S(=O)(=O)[O-])N)C)N=NC5=C(C6=CC=CC=C6C(=C5)S(=O)(=O)[O-])N.[Na+].[Na+],0.8129791
CCCCCCCCCCCCCCC(=O)O,0.46266812
C1=CC(=C(C(=C1)Cl)[N+](=O)[O-])C2=CNC=C2Cl,0.4217601
C1C2C(COS(=O)(=O)O1)C3(C(=C(C2(C3(Cl)Cl)Cl)Cl)Cl)Cl,0.63164574
COCCO[Si](C=C)(OCCOC)OCCOC,0.44442466
CCCCCCCOC(=O)C1=CC=C(C=C1)O,0.8386603
CN(C)S(=O)(=O)N(C1=CC=CC=C1)SC(F)(Cl)Cl,0.804747
CCCCCCCCCCCCCC[N+](C)(C)C.[Br-],0.78946626
CCCCCCCCCCCCC=C,0.5218838
CC1=NC=C(C=C1)O,0.080368705
CC1=C(N=C(C(=N1)C)C)C,0.0738987
CCN(C1CCCCC1)C(=O)SCC,0.59554636
CO[Si](C)(OC)OC,0.20376827
CC1=CC(=CC=C1)NC2=CC=CC=C2,0.88260186
C1=CC=C2C(=C1)C=C3C=CC=CC3=C2C#N,0.64616257
CS(=O)(=O)C1=CC=C(C=C1)C2=CN3C=CC=CC3=N2,0.6359123
CCCCC(CC)COP(=O)(OC1=CC=CC=C1)OC2=CC=CC=C2,0.72976106
O=[Mo](=O)=O,0.6258388
CCCCCCCCCCCC(=O)OCC(CO)O,0.47535765
[O-2].[O-2].[O-2].[As+3].[As+3],0.3296222
CCCC(=O)C1=CC(=C(C=C1O)O)O,0.72091585
C1=CN(C=C1)CC2=CC=CO2,0.2599538
COC1=C(C(=CC=C1)OC)C(=O)O,0.03166276
C1CCNC(C1)CCO,0.10019431
CC1(C(N2C(S1)C(C2=O)NC(=O)CC3=CC=CC=C3)C(=O)O)C.CC1(C(N2C(S1)C(C2=O)NC(=O)CC3=CC=CC=C3)C(=O)O)C.C1=CC=C(C=C1)CNCCNCC2=CC=CC=C2,0.010446866
CC(=C)C(=O)OCC(COC1=CC=C(C=C1)C(C)(C)C2=CC=C(C=C2)OCC(COC(=O)C(=C)C)O)O,0.6428496
C1=CC=C(C=C1)P(=O)(O)O,0.070773885
CC(=O)[O-].CC(=O)[O-].[Hg+2],0.26543805
CCCCCCCCCCCCCCCCCCN(C)C,0.70203525
CCOC(=O)CC(C(=O)OCC)SP(=O)(OC)OC,0.661204
CCN(CC)C(=O)N1CCN(CC1)C.C(C(=O)O)C(CC(=O)O)(C(=O)O)O,0.19721732
CC1=CC(=CC(=C1)OCC2CNC(=O)O2)C,0.16071834
C1=C(C=C(C(=C1Br)O)Br)C#N,0.64167875
C1=CC=C(C=C1)N2C(=O)C(=C(C=N2)N)Cl,0.57301867
C1C(C2(C(=C(C1(C2(Cl)Cl)Cl)Cl)Cl)Cl)CBr,0.60959476
C1=CC(=CC=C1N=NC2=CC(=C(C=C2)O)C(=O)O)[N+](=O)[O-],0.622049
C=CCC1=CC=CC=C1O,0.5386875
C(=C(C(F)(F)F)C(F)(F)F)C(=O)O,0.21606164
CCC1NC2=CC(=C(C=C2S(=O)(=O)N1)S(=O)(=O)N)Cl,0.028504854
C1=CC(=CC=C1[N+](=O)[O-])OC2=C(C=C(C=C2)Cl)Cl,0.8708734
CC1=CC(=C(C(=C1)C(C)(C)C)O)C,0.7312375
CC[N+]1=CC=CC=C1.[Br-],0.115797706
C1=CC(=CC=C1N=NC2=C(NN(C2=O)C3=CC=C(C=C3)S(=O)(=O)O)C(=O)O)S(=O)(=O)O,0.3444888
CC(C)(C)C1=CC=C(C=C1)OC2CCCCC2O,0.895632
C(P(=O)(O)O)P(=O)(O)O,0.16196318
CCCCCCCC1=CC=C(C=C1)O,0.9504374
CCCCCCCCN(C)C,0.60142916
CC(=O)CC(=O)N(C)C,0.15721814
C=CCSSSCC=C,0.52121
CCCCOC(=O)CCC(=O)C,0.30190513
COP(=S)(OC)OC1=CC(=C(C=C1Cl)Br)Cl,0.5692876
C1CCC(CC1)N2CC3=CC(=C(C=C3C2=O)S(=O)(=O)N)Cl,0.3965373
CCCCC(=O)OC1(C(CC2C1(CC(C3(C2CCC4=CC(=O)C=CC43C)F)O)C)C)C(=O)CO,0.37111357
C1(=C(C(=NC(=C1Cl)Cl)Cl)Cl)Cl,0.2599032
CC12CCC(=O)C=C1CCC3C2C(CC4(C3CCC4(C(=O)COC(=O)CCC(=O)O)O)C)O,0.2489263
CC(C)NC(=O)C=C,0.15384565
CC1=CC=CC=C1OCC2CO2,0.72846997
C(N(CP(=O)(O)O)CP(=O)(O)O)P(=O)(O)O,0.27710307
C1=CC=C(C=C1)CCN=C=S,0.43779045
CCOC1=CC=C(C=C1)N=NC2=C(C=C(C=C2)N)N,0.923435
CCN(CC1=CC(=CC=C1)S(=O)(=O)[O-])C2=CC=C(C=C2)C(=C3C=CC(=[N+](CC)CC4=CC(=CC=C4)S(=O)(=O)[O-])C=C3)C5=C(C=C(C=C5)O)S(=O)(=O)[O-].[Na+].[Na+],0.7321725
CCCCCCCCCC[N+](C)(C)CCCCCCCCCC.[Br-],0.96878505
CCCCCCCCCCCCCCCl,0.54718417
CCN(CC)CCOC(=O)C=C,0.32574213
CC1=CCC(CC1)C(C)(C)O,0.19977811
CC1=CCC(CC1)C(C)(C)O,0.19977811
COC(=O)C1=CC(=C(C=C1)C(=O)OC)C(=O)OC,0.37401447
CCCCC(CC)COCC1CO1,0.77631164
CN(C)C1=CC=C(C=C1)C(=N)C2=CC=C(C=C2)N(C)C.Cl,0.96599245
CCCCCCCCOC(=O)C=C,0.6892863
CCCCCCOC(=O)C=C,0.70953906
C1CCN(CC1)C=O,0.22583494
C1=CC=C(C=C1)C(=O)NC2=CC3=CC(=C(C(=C3C=C2)O)N=NC4=CC=C(C=C4)N=NC5=CC=C(C=C5)S(=O)(=O)[O-])S(=O)(=O)[O-].[Na+].[Na+],0.72596836
C1=CC=C2C(=C1)C(=O)NS2,0.5064941
CC1=C(C(=CC=C1)N)N,0.4538558
COC1=CC(=C(C=C1)N)OC,0.28868595
C1CC1C(=O)NC2=CC(=C(C=C2)Cl)Cl,0.81509936
CC1=CC(=C(C=C1)O)N=NC2=CC=C(C=C2)NC(=O)C,0.8714351
CC(=O)CC(C)(C)NC(=O)C=C,0.24343948
C1(=C(C(=O)C1=O)O)O,0.6617284
CCN(CC)C(=O)SCC,0.30610037
C1=CC=C(C=C1)CSC#N,0.30225873
C[N+](C)(C)CC1CO1.[Cl-],0.09109776
C1=CC=C(C=C1)N(CCC(=O)O)C(=O)C2=C(C(=C(C=C2I)I)N)I,0.3072165
CC1=CC(=C(C=C1)N=NC2=C(C=CC3=CC=CC=C32)O)C,0.87828636
CC1=C(C=CC(=C1)Cl)N.Cl,0.18904994
C1CCC(CC1)N=C=O,0.16040409
CCCCCCCCCCCC[N+](C)(C)CCCCCCCCCCCC.[Br-],0.96167517
C1=CC2=C(C=C1N=C=S)C(=O)OC23C4=C(C=C(C=C4)O)OC5=C3C=CC(=C5)O,0.982525
CCCCCCCCCCCC(=O)N(CC)CC,0.57559425
C1(=NC(=NC(=N1)Cl)N)N,0.015890293
C1=CC=C2C(=C1)C(=NC2=N)N,0.48038408
CNC(=O)NC1=CC(=C(C=C1)Cl)Cl,0.7066563
CCCCNS(=O)(=O)C1=CC=CC=C1,0.4070179
CCCCCCCCCCCOC(=O)C1=CC=CC=C1C(=O)OCCCCCCCCCCC,0.62480825
CC(=O)NC1=C2C(=CC(=C1)S(=O)(=O)[O-])C=C(C(=C2O)N=NC3=CC=CC=C3)S(=O)(=O)[O-].[Na+].[Na+],0.42822987
CC(=O)N(CC(=O)N(C)C)C1=CC=CC=C1,0.18440914
CC(=O)C1=CC2=C(C=C1)SC3=CC=CC=C3N2CCCN4CCC(CC4)CCO,0.99011797
C1=CC(=CC=C1C(=O)CCCCl)F,0.36697653
CN1CCC(=C2C3=CC=CC=C3CCC4=C2N=CC=C4)CC1,0.78576857
C=CC(=O)OCCOCCOC(=O)C=C,0.7444895
C1CC(OC1CO)N2C=NC3=C(N=CN=C32)N,0.5602708
CC(C)(COC(=O)C1=CC=CC=C1)COC(=O)C2=CC=CC=C2,0.44767043
CC[N+](CC)(CC)CCC(C1CCCCC1)(C2=CC=CC=C2)O.[Cl-],0.533568
CC1=C(C(=C(C2=C1OC(CC2)(C)CCCC(C)CCCC(C)CCCC(C)C)C)OC(=O)CCC(=O)O)C,0.57664394
C1COCCN1C=O,0.2521874
CC(CCC#N)C#N,0.1893527
CC(C)C1CCC(CC1)O,0.27522755
CCN(CC1=CC(=CC=C1)S(=O)(=O)[O-])C2=CC=C(C=C2)C(=C3C=CC(=[N+](CC)CC4=CC(=CC=C4)S(=O)(=O)[O-])C=C3)C5=CC=CC=C5.[Na+],0.91309166
CC(C)OC1=CC=CC=C1O,0.3241202
CC(=O)NC1=CC=C(C=C1)OC(=O)C2=CC=CC=C2OC(=O)C,0.5708759
C1=CC=C(C=C1)NC2=C(C=C(C=C2)S(=O)(=O)NC3=CC=CC=C3)[N+](=O)[O-],0.66727465
C(C(C(=O)O)S(=O)(=O)O)C(=O)O,0.16420856
C1=CC(=CC=C1C(Cl)(Cl)Cl)Cl,0.5701607
[NH3+]O.[Cl-],0.07019182
CCC(=O)OCC(=O)C1(C(CC2C1(CC(C3(C2CCC4=CC(=O)C=CC43C)Cl)O)C)C)OC(=O)CC,0.30972588
CCN(CCCC1=CC=CC=C1)CCCC2=CC=CC=C2.C(C(=O)O)C(CC(=O)O)(C(=O)O)O,0.79384005
CC(CC1C2=CC=CC=C2CCC3=CC=CC=C13)CN(C)C,0.8970034
CCOP(=O)(OCC)OC1=NC(=C(C=C1Cl)Cl)Cl,0.7008574
CC(C)[NH3+].C1=CC(=C(C=C1Cl)Cl)OCC(=O)[O-],0.045511004
C(CN(CC#N)CC#N)N(CC#N)CC#N,0.18176796
CC1=C(C=C(C=C1)C=O)C,0.10584936
CC(COP(=O)(OCC(C)Cl)OCC(C)Cl)Cl,0.30091938
C1=C(C=C(C(=C1C(=O)O)O)S(=O)(=O)O)N,0.07779542
C1=CC=C2C(=C1)C(=O)C3=C(C=C(C(=C3C2=O)N)S(=O)(=O)O)Br,0.28404102
C1=CC(=C(C=C1C=O)Cl)Cl,0.1791823
CC1=NN(C(=O)C1N=NC2=CC=C(C=C2)S(=O)(=O)[O-])C3=CC(=C(C=C3Cl)S(=O)(=O)[O-])Cl.[Na+].[Na+],0.5771849
CC1=CC=C(C=C1)S(=O)(=O)OC2=CC=C(C=C2)N=NC3=C(C=C(C=C3)C4=CC(=C(C=C4)N=NC5=C(C=CC6=CC(=CC(=C65)S(=O)(=O)[O-])S(=O)(=O)[O-])O)C)C.[Na+].[Na+],0.8195054
C1CCCCCOCCCCOC(=O)CCCC1,0.531269
CC(C)(CO)N(C)C,0.099068195
CCCCCCCCCC[N+](C)(C)CCCCCCCCCC.[Cl-],0.96792275
CCOC1=C2C(=C(C=C1)S(=O)(=O)O)C=CC=N2,0.19857728
CN(C1CCCCC1)C2CCCCC2,0.52202827
CC(C(C)Cl)Cl,0.08299353
O=[Si]=O,0.32764098
Cl[Fe](Cl)Cl,0.11139677
[O-]S(=O)(=O)[O-].[Na+].[Na+],0.17043665
CCN1CN(CN(C1)CC)CC,0.23355041
CC(C)OC(=O)NC1=CC=CC=C1,0.52268076
C[Si](C)(C)O[Si](C)(C)C,0.0661227
CCCCCCOC(=O)C(C)CC,0.53920937
[Cl-].[Cl-].[Ca+2],0.19088924
CCC(C)N,0.11522536
CCOC(=O)C1=CC=C(C=C1)N(C)C,0.77070135
[N+](=O)([O-])[O-].[N+](=O)([O-])[O-].[Cd+2],0.22333673
CC1(C2=CC=CC=C2C(=CCCN(C)C)C3=CC=CC=C31)C.Cl,0.9034665
C1=CC(=C(C=C1Cl)Cl)C(Cl)(Cl)Cl,0.529595
C=CC(=O)OCCCCCCOC(=O)C=C,0.74975437
C1=CC=[N+](C(=C1)[S-])[O-].C1=CC=[N+](C(=C1)[S-])[O-].[Zn+2],0.705403
CCCC(=O)OC1(CCC2C1(CC(C3C2CCC4=CC(=O)CCC34C)O)C)C(=O)CO,0.37290093
CC(CCl)OP(=O)(OC(C)CCl)OC(C)CCl,0.83799404
CCOC(=O)CC1=CC=C(C=C1)C2=CC=CC=C2,0.5181888
CC1(C2CCC1(C[N+](C2)(C)CCC[N+](C)(C)C)C)C.COS(=O)(=O)[O-].COS(=O)(=O)[O-],0.15969935
CCNC1(CCCCC1=O)C2=CC=CS2.Cl,0.16370888
CC(CC1=CC=CC=C1)N(C)CC#C.Cl,0.20452964
CCOP(=S)(OCC)ON=C(C#N)C1=CC=CC=C1,0.45868674
C1=CC(=C(C(=C1CNNC(=O)C(CO)N)O)O)O.Cl,0.35919958
C1=CC(=CC=C1[N+](=O)[O-])OC2=C(C=C(C=C2)C(F)(F)F)[N+](=O)[O-],0.8271318
C1=CC(=CC=C1NC(=O)C2=CC(=C(S2)Br)Br)Br,0.7689606
CCC1=NC=CN=C1CC,0.19658323
CCC12C=CC3=C4CCC(=O)C=C4CCC3C1CCC2(C#C)O,0.7219365
CC1=C(C=C(C=C1)N)OC,0.18585855
CCC(C)(C)C1CCC(=O)CC1,0.30436528
C1=CC=C(C=C1)CCI,0.6678842
C1=CC=C(C=C1)OC2=C(C3=C(C(=C2)O)C(=O)C4=CC=CC=C4C3=O)N,0.7997137
C1=CC(=C(C(=C1[N+](=O)[O-])Cl)Cl)Cl,0.5213632
C1CCC(CC1)SN2C(=O)C3=CC=CC=C3C2=O,0.7248384
C=CC(=O)OCCOCCOCCOCCOC(=O)C=C,0.79317504
CC(C)OC1=C(C=C(C(=C1)N2C(=O)OC(=N2)C(C)(C)C)Cl)Cl,0.73097634
CC(C)(C)C1=NN=C(N(C1=O)N)SC,0.54371125
C1=CC=C2C(=C1)N=C(S2)SCSC#N,0.7059365
CC(=O)C1=NC=CN=C1,0.14956035
CC(C)CC1C(=O)N2CCCC2C3(N1C(=O)C(O3)(C(C)C)NC(=O)C4CN(C5CC6=C(NC7=CC=CC(=C67)C5=C4)Br)C)O.CS(=O)(=O)O,0.96231097
CCCC(C)C1(C(=O)NC(=O)NC1=O)CC=C,0.3232579
CC(=O)CCC1=CC(=C(C=C1)O)OC,0.18789102
C1=CC=C(C=C1)NNC2=CC=CC=C2,0.9100195
C1=CC=C(C=C1)CCCO,0.18150285
CSC1=CC=C(C=C1)Cl,0.38017932
COC1=CC=C(C=C1)C=O,0.1529876
C[N+](C)(C)CCO.[OH-],0.0682522
C(=O)(N)N=NC(=O)N,0.12036132
CCCCCCCCCCCCCCCC[N+](C)(C)CC.[Br-],0.8410621
C(Cl)(Br)Br,0.11224885
CC(=C)C1C2C3C4(C(C1C(=O)O2)(CC5C4(O5)C(=O)O3)O)C.CC12C3C4C(C(C1(CC5C2(O5)C(=O)O3)O)C(=O)O4)C(C)(C)O,0.1953235
CC12CC(C3(C(C1CC(C2(C(=O)CO)O)O)CCC4=CC(=O)C=CC43C)F)O,0.29217815
CC(=O)OCC1C(C(C(C(O1)OC2(C(C(C(O2)COC(=O)C)OC(=O)C)OC(=O)C)COC(=O)C)OC(=O)C)OC(=O)C)OC(=O)C,0.5712452
CCCCOP(=O)(OCCCC)OCCCC,0.5212723
CC(=C)C#N,0.14408363
CC(C)(C)C1=C(C(=CC=C1)C(C)(C)C)O,0.8820515
C1=CC2=C3C(=C1)C=CC4=CC=CC(=C43)C=C2,0.8854821
CCNC1=NC(=NC(=N1)SC)NC(C)C(C)C,0.30354437
C1=CC=C(C=C1)CNC(=O)CN2C=CN=C2[N+](=O)[O-],0.29260382
CCCCOCN(C1=C(C=CC=C1CC)CC)C(=O)CCl,0.8479923
CC(C)(C#C)NC(=O)C1=CC(=CC(=C1)Cl)Cl,0.3707602
CC(C)C1=CC2=C(C=C1)C=C(C=C2)C(C)C,0.89098036
CCCOC(=O)NCCCN(C)C,0.17716794
CCC(=O)OC1(C(CC2C1(CC(C3(C2CCC4=CC(=O)C=CC43C)F)O)C)C)C(=O)CCl,0.38176084
CCCCCCCCC(CCCCCC)C(=O)O,0.6287959
CC1=CC(=C(C=C1S(=O)(=O)[O-])OC)N=NC2=C(C=CC3=C2C=CC(=C3)S(=O)(=O)[O-])O.[Na+].[Na+],0.53527266
C[N+](C)(CC=C)CC=C.[Cl-],0.115945235
CC1(C(N2C(S1)C(C2=O)NC(=O)C(C3=CC=CC=C3)N)C(=O)OCOC(=O)C(C)(C)C)C,0.03168019
CCCCCCCCN1C(=O)C=CS1,0.96105546
C1CN(CCN1C(C(Cl)(Cl)Cl)NC=O)C(C(Cl)(Cl)Cl)NC=O,0.3206151
CCCCCC1=CC=CC(=O)O1,0.58858657
C1CC(CCC1CN)C(=O)OC2=CC=C(C=C2)CCC(=O)O.Cl,0.15697832
CC(C)CCCCCOC(=O)CS,0.58047193
CCN(CC)C1=C(C=C(C(=C1[N+](=O)[O-])N)C(F)(F)F)[N+](=O)[O-],0.6061817
CC(C)CCCCCCCOP(=O)(OC1=CC=CC=C1)OC2=CC=CC=C2,0.75871176
CCOC(=O)N1CCC(=O)CC1,0.16342469
COC(=O)NC1=NC2=C(N1)C=C(C=C2)C(=O)C3CC3,0.8454065
C1=CC(=CC=C1C(C(=O)O)N)O,0.08114509
CC1(C(N2C(S1)C(C2=O)N=CN3CCCCCC3)C(=O)O)C,0.0025366175
CCC(C)NC1=C(C=C(C=C1[N+](=O)[O-])C(C)(C)C)[N+](=O)[O-],0.7262661
C[N+](C)(C)CCOP(=O)([O-])OP(=O)([O-])OCC1C(C(C(O1)N2C=CC(=NC2=O)N)O)O.[Na+],0.37145633
CCCCCCCCCCCCCCCC(=O)OCCC1CCN(CC1)CCCN2C3=CC=CC=C3SC4=C2C=C(C=C4)S(=O)(=O)N(C)C,0.9538723
C1C(C(C(C(C1NC(=O)C(CCN)O)OC2C(C(C(C(O2)CO)O)N)O)O)OC3C(C(C(C(O3)CN)O)O)O)N,0.69182855
CC(C)(C)C(=O)C(N1C=CN=C1)OC2=CC=C(C=C2)Cl,0.71332026
C(NC(=O)NC1C(=O)NC(=O)N1CO)NC(=O)NC2C(=O)NC(=O)N2CO,0.11580478
CCCCCCOC1=CC=C(C=C1)N,0.89958775
CCCCCCCCC(=O)OCC(C)OC(=O)CCCCCCCC,0.43543443
CC1=CC(=O)N(C(=C1)C2CCCCC2)O.C(CO)N,0.46406284
CCOC1=C(C=CC(=C1)OC2=C(C=C(C=C2)C(F)(F)F)Cl)[N+](=O)[O-],0.80976176
CC1(C(=O)N(C(=O)O1)C2=CC(=CC(=C2)Cl)Cl)C=C,0.59272313
CN1C(=O)C=CS1,0.3707849
CC(=O)OCCCCCCCCC=C,0.50589013
C1=CC=C(C=C1)NC(=O)NC2=CN=NS2,0.37396806
CC1(C(C1C(=O)OC(C#N)C2=CC(=CC=C2)OC3=CC=CC=C3)C=C(Br)Br)C,0.7261627
CC(=O)O.C1CCNC(C1)CNC(=O)C2=C(C=CC(=C2)OCC(F)(F)F)OCC(F)(F)F,0.6932393
CC(C)(C(=O)OCCN1C=NC2=C1C(=O)N(C(=O)N2C)C)OC3=CC=C(C=C3)Cl,0.4343417
C1CCCCCC(=O)OCCOC(=O)CCCC1,0.73699164
C1=CC(=C(C(=C1)Cl)CN2C=NC3=C(N=CN=C32)N)F,0.5311445
CC1C(C(C(C(O1)OC2C(OC(C(C2O)O)OC3C(OC(C(C3O)O)O)CO)CO)O)O)NC4C=C(C(C(C4O)O)O)CO,0.5525296
C#CC1=CC=C(C=C1)C2=CC=CC=C2F,0.74172825
CC(CCOC(=O)C)CC(C)(C)C,0.2463874
CC1=C(C(=CC=C1)C)NC(=O)CN(CC(=O)O)CC(=O)O,0.21943453
CC(=O)CN(CC(=O)C)N=O,0.29921144
C1C(=C(N2C(S1)C(C2=O)NC(=O)CC3=CC=CC=C3CN)C(=O)O)CSC4=NN=NN4CC(=O)O,0.005988269
CC1=CC2=C(N1)C=CC=C2OCC(CNC(C)(C)C)OC(=O)C3=CC=CC=C3,0.44501922
C[N+]1(CCC2=CC(=C(C=C2C1CC3=CC(=C(C=C3)OC)OC)OC)OC)CCC(=O)OCCCCCOC(=O)CC[N+]4(CCC5=CC(=C(C=C5C4CC6=CC(=C(C=C6)OC)OC)OC)OC)C.C1=CC=C(C=C1)S(=O)(=O)[O-].C1=CC=C(C=C1)S(=O)(=O)[O-],0.3446033
C1=CC(=C(C(=C1)Cl)SC(CCC2=CC=C(C=C2)Cl)CN3C=CN=C3)Cl.[N+](=O)(O)[O-],0.9537613
CCCN1CC(CC2C1CC3=CNC4=CC=CC2=C34)CSC.CS(=O)(=O)O,0.7623187
CC(C)OC1=CC=CC(=C1)NC(=O)C2=CC=CC=C2C(F)(F)F,0.69984967
C1=CC=C2C(=C1)C(OC2=O)OC(=O)C3=C(N=CC=C3)NC4=CC=CC(=C4)C(F)(F)F,0.78882396
C1(=C(SN=C1Cl)C(=O)O)Cl,0.089193664
CCCC1=C2C(=CC3=C1OC(=CC3=O)C(=O)O)C(=O)C=C(N2CC)C(=O)O,0.085850514
CN1C2=C(C(=O)N(C1=O)C)N(C=N2)CC3OCCO3,0.13086846
CS(=O)(=O)NC(=O)C1=C(C=CC(=C1)OC2=C(C=C(C=C2)C(F)(F)F)Cl)[N+](=O)[O-],0.62832654
C1CC(C2C(C(CN2C1)O)O)O,0.21793959
CC1=CC(=NC(=N1)NC(=O)NS(=O)(=O)C2=CC=CC=C2C(=O)OC)C,0.09444328
CCC(C)C(=O)OC1CC(C=C2C1C(C(C=C2)C)CCC3CC(CC(=O)O3)O)C,0.78094107
C1(C(=C(C(=O)O1)Cl)C(Cl)Cl)O,0.3848664
CC1CN(CCC1(C2=CC=CC=C2)C(=O)O)C3CCC(CC3)(C#N)C4=CC=C(C=C4)F.Cl,0.49584052
CCN1CCCC1CNC(=O)C2=C(C=CC(=C2OC)Br)OC,0.36547145
CCNC(=O)N(CCCN(C)C)C(=O)C1CC2C(CC3=CNC4=CC=CC2=C34)N(C1)CC=C,0.6992657
CCCN(CCC)C(=O)CC1=C(N=C2N1C=C(C=C2)Cl)C3=CC=C(C=C3)Cl,0.7279761
C1CCN(CC1)CCOC2=CC=C(C=C2)C(=O)C3=C(SC4=C3C=CC(=C4)O)C5=CC=C(C=C5)O.Cl,0.9316691
COC1=CC(=NC(=N1)NC(=O)NS(=O)(=O)CC2=CC=CC=C2C(=O)OC)OC,0.11344475
CC#CC1(CCC2C1(CC(C3=C4CCC(=O)C=C4CCC23)C5=CC=C(C=C5)N(C)C)C)O,0.8536871
C1CN(CCN1)C2=C(C=C3C(=C2)N(C=C(C3=O)C(=O)O)C4=CC=C(C=C4)F)F,0.038634446
COCCOCC(OC)OC,0.23369056
C1CN(CCN1CCCCN2C(=O)C3=CC=CC=C3S2(=O)=O)C4=NC=CC=N4,0.9222365
CC(C)CN1C=NC2=C1C3=CC=CC=C3N=C2N,0.59689033
CCCN(CCC1=CC=CS1)C2CCC3=C(C2)C=CC=C3O,0.9157123
CCC(C(=O)N)N1CCCC1=O,0.15215737
CCCCCN(CCCOC)C(=O)C(CCC(=O)O)NC(=O)C1=CC(=C(C=C1)Cl)Cl,0.7329026
CCOC(=O)C1=C(NC(=C(C1C2=CC=CC=C2Cl)C(=O)OC)C)COCCN.C1=CC=C(C=C1)S(=O)(=O)O,0.7428547
CC1CN(CC(N1)C)C2=C(C3=C(C(=C2F)F)C(=O)C(=CN3C4CC4)C(=O)O)F,0.026570134
CCC1(C2=C(COC1=O)C(=O)N3CC4=CC5=C(C=CC(=C5CN(C)C)O)N=C4C3=C2)O.Cl,0.7482271
COC1=C(C=C(C=C1)CNCC(COC2=CC3=C(C=C2)NC(=O)C=C3)O)OC,0.53341913
CCC1=CC(=CC=C1)N(C)C(=NC2=CC=CC3=CC=CC=C32)N.Cl,0.79577845
C1C(OC(S1)CO)N2C=C(C(=NC2=O)N)F,0.4051782
COP(=O)(C(C1=CC=C(C=C1)Cl)OP(=O)(OC)OC)OC,0.5826411
C(C(C(=O)O)N)S.Cl,0.06688924
C1=CC=C(C=C1)NN.Cl,0.38828292
C1=CC(=C(C=C1S(=O)(=O)O)N)S(=O)(=O)O,0.19981676
CC1=C(C(CC=C1)(C)C)C=O,0.4690264
CCOC1=CC=C(C=C1)NC(=O)CC(=O)C,0.44241822
COC1=CC=C(C=C1)COC=O,0.19790164
CCCCC(CC)C(=O)[O-].CCCCC(CC)C(=O)[O-].[Ca+2],0.30157036
CC=CC(=O)OCC(C)C,0.32521504
C(C(Br)(Br)Br)Br,0.8208158
CCC(CO)(COCC=C)COCC=C,0.35462737
CCC(C)(C)OC,0.09738314
CC(C)SCC1=CC=CO1,0.12031533
CCCCCC(=O)OCCC1=CC=CC=C1,0.5143995
O.O.O.O.O.O.O.[O-]S(=O)(=O)[O-].[Co+2],0.15935603
CC(=O)C1=C2CCC(C2=CC(=C1)C(C)(C)C)(C)C,0.85936314
CC1CC(C(=O)C1=O)C,0.34603614
[O-]S(=O)(=O)SSS(=O)(=O)[O-].[K+].[K+],0.37879843
CC(C(=NOC(=O)NC)C)S(=O)(=O)C,0.15873899
CC1=CC=C(C=C1)OC(=O)CC(C)C,0.38079622
CC1(CSC(CS1)(C)O)O,0.17414735
CCCCCCCCCCOC1C(C(C(C(O1)CO)O)O)O,0.5956567
CCCCCCCCCCCCCC[N+]1=CC=CC=C1.[Br-],0.9884494
[CH-]1C=CC=C1.[CH-]1C=CC=C1.[Ni+2],0.26468197
CC(C)CCC(=O)CCC(C)C,0.29793653
CCC1=CC(=C(C=C1)O)OC,0.40437058
C1C=CCC2C1CC=C2,0.34613487
C(S(=O)(=O)C(Cl)(Cl)Cl)(Cl)(Cl)Cl,0.10118789
CC1=CC(=C(C=C1N=NC2=C(C3=CC=CC=C3C(=C2)S(=O)(=O)[O-])O)S(=O)(=O)[O-])C.[Na+].[Na+],0.49082467
C1C(O1)CN(CC2CO2)C3=CC=C(C=C3)OCC4CO4,0.97809225
CC(C)CC1=NC=CS1,0.13001592
C(C(CO)OP(=O)([O-])[O-])O.[Ca+2],0.22651102
CCCCC(CC)CO[N+](=O)[O-],0.41748518
CC(C(=O)C1=CC(=CC=C1)Cl)NC(C)(C)C.Cl,0.09933869
CCC12CCC3C(C1CCC2(C#C)O)CCC4=CC(=NO)CCC34,0.7115834
CC(C)NCC(COC1=CC=C(C=C1)CCOC)O.CC(C)NCC(COC1=CC=C(C=C1)CCOC)O.C(CC(=O)O)C(=O)O,0.089511245
CCC(=C(C1=CC=C(C=C1)O)C2=CC=C(C=C2)OCCN(C)C)C3=CC=CC=C3,0.973938
C1C2CC3CC1CC(C2)(C3)NCCOC(=O)COC4=CC=C(C=C4)Cl,0.42715093
CC1CC(=O)C2(C(O1)OC3C(C(C(C(C3O2)NC)O)NC)O)O.Cl.Cl,0.21697398
CC(=O)O.C1CC(N(C1)C(=O)C2CSSCCC(=O)NC(C(=O)NC(C(=O)NC(C(=O)NC(C(=O)N2)CC(=O)N)CCC(=O)N)CC3=CC=CC=C3)CC4=CC=C(C=C4)O)C(=O)NC(CCCN=C(N)N)C(=O)NCC(=O)N,0.12512183
CC(C)CC(C1(CCC1)C2=CC=C(C=C2)Cl)N(C)C.Cl,0.5624823
CC(CC1=CC2=C(C=C1)OCO2)C=O,0.29991
C1=CC=C2C(=C1)C3=C(N2)C=NC=C3,0.53112006
C1=CC=C2C(=C1)C(=O)OC23C4=C(C=C(C(=C4)CN(CC(=O)O)CC(=O)O)O)OC5=C3C=C(C(=C5)O)CN(CC(=O)O)CC(=O)O,0.7811979
CC(CCCC(C)(C)O)C1CCC2C1(CCC3C2CC=C4C3(CCC(C4)O)C)C,0.5475424
C1CCCN(CCC1)CCN=C(N)N.C1CCCN(CCC1)CCN=C(N)N.OS(=O)(=O)O,0.31971034
CN1C2=NC=NC3=C2C(=CN3C4C(C(C(O4)CO)O)O)C(=N1)N,0.6895336
CC(=C)C(=O)OCC(CO)O,0.20223875
C1=CC(=CC=C1CSC(CN2C=CN=C2)C3=C(C=C(C=C3)Cl)Cl)Cl.[N+](=O)(O)[O-],0.8932964
C1C2C=CC1C3C2C(=O)NC3=O,0.23495406
C1CN2CCC1C(C2)C(C3=CC=CC=C3)(C4=CC=CC=C4)O,0.5328814
CC1=NC2=C(C=C1)C(=CC(=C2O)Br)Br,0.43988386
CC(C)CN1C=NC2=C1C(=O)N(C(=O)N2C)C,0.17771251
CCCCN1CCCC1C(=O)NC2=C(C=C(C=C2C)C)C,0.30928203
C1CN1P2(=NP(=NP(=N2)(N3CC3)N4CCOCC4)(N5CC5)N6CC6)N7CC7,0.9864075
CC1=NN=C2N1C3=C(C=C(S3)CCC(=O)N4CCOCC4)C(=NC2)C5=CC=CC=C5Cl,0.09839246
C1=CC=C(C=C1)S(=O)(=O)NCCC2=CC=C(S2)OCC(=O)O,0.09354335
CC1=C(C(C(=C(N1)N)C(=O)OC2CN(C2)C(C3=CC=CC=C3)C4=CC=CC=C4)C5=CC(=CC=C5)[N+](=O)[O-])C(=O)OC(C)C,0.9101451
CN1CCC(CC1)OC(C2=CC=CC=C2)C3=CC=CC=C3.Cl,0.8799083
CCN(CC)CCNC(=O)C1=CC=C(C=C1)N.Cl,0.2594211
C1=C(NC=N1)CC(C(=O)O)N.Cl,0.03623286
CC[N+](CC)(CC)CC1=CC=CC=C1.[Cl-],0.21796131
CCCCCCCCCCCCS(=O)(=O)Cl,0.59607697
[Li+].[Li+].[O-]S(=O)(=O)[O-],0.15852138
CC(=O)OC1CCC2C1(C=CC3=C4CCC(=O)C=C4CCC23)C,0.5385941
C1=CC=C(C(=C1)C(C2=CC=C(C=C2)O)C3=CC=C(C=C3)O)C(=O)O,0.8049535
C1=CC(=C(C=C1Cl)Cl)C(=O)Cl,0.22200756
CCOC(=O)C1=CC=C(C=C1)C,0.38814083
C1=CC2=NNN=C2C=C1Cl,0.66170084
C1=CC(=CC(=C1)OCCO)OCCO,0.08346313
COCCC1=CC=CC=N1,0.10035598
CC1=CC(=C(C=C1O)C)C2(C3=CC=CC=C3S(=O)(=O)O2)C4=C(C=C(C(=C4)C)O)C,0.9449758
C1=CC=C(C=C1)OC(=O)C2=C(C3=CC=CC=C3C=C2)O,0.7679426
C1=C(C(=CC(=C1O)Cl)Cl)O,0.6966759
C(CN(CCO)CCO)N(CCO)CCO,0.26354873
C(C(C(C(C(C(C(C(C(C(C(=O)O)(F)F)(F)F)(F)F)(F)F)(F)F)(F)F)(F)F)(F)F)(F)F)(F)F,0.4648139
C(C(C(C(F)(F)F)(F)F)(F)F)(C(C(C(F)(F)I)(F)F)(F)F)(F)F,0.5497876
C(C(C(=O)O)N)SSCC(C(=O)O)N,0.05980507
C1=CC(=C(C=C1[N+](=O)[O-])Cl)F,0.17372444
C(=O)(C(C(C(C(C(C(F)(F)F)(F)F)(F)F)(F)F)(F)F)(F)F)O,0.36524102
C(C(C(C(F)(F)F)(F)F)(F)F)(C(C(C(F)(F)S(=O)(=O)O)(F)F)(F)F)(F)F,0.387312
C(=O)(C(C(C(C(=O)O)(F)F)(F)F)(F)F)O,0.27426013
C(C(C(F)(F)F)(F)F)(O)O,0.17583413
CC(C)(CCl)C1=CC=CC=C1,0.38758904
CC1=NC2=CC=CC=C2C(=O)O1,0.075431004
CN(C)CCOC1=CC=C(C=C1)CNC(=O)C2=CC(=C(C(=C2)OC)OC)OC.Cl,0.49988595
C1CCC2(CC1)OCC(O2)CN=C(N)N.C1CCC2(CC1)OCC(O2)CN=C(N)N.OS(=O)(=O)O,0.3714576
C1=CC(=CC=C1COC(CN2C=CN=C2)C3=C(C=C(C=C3)Cl)Cl)Cl.[N+](=O)(O)[O-],0.91433257
CCN1C=C(C(=O)C2=CC(=C(C(=C21)F)N3CCNC(C3)C)F)C(=O)O.Cl,0.012461724
COC(=O)CCC(C(=O)O)N,0.09964744
C1CNC(CC1CP(=O)(O)O)C(=O)O,0.08635394
C1C2N1C(=O)N=C2N,0.13613273
CCN(CC)CC(=O)OC1=CC=C(C=C1)NC(=O)C,0.19330685
C1=C(C=C(C(=C1S(=O)C2=C(C(=CC(=C2)Cl)Cl)O)O)Cl)Cl,0.848558
CC(=O)OCC1=C(N2C(C(C2=O)NC(=O)CC3=CC=CC=C3)SC1)C(=O)O,0.0039159283
CC1=CC=C(C=C1)OC(=O)C2=CC=CC=C2O,0.6047782
CC(C)C(=O)C1=CC=CC=C1,0.22730172
C1=CC=C(C=C1)CN(CC2=CC=CC=C2)O,0.5870859
COC1=CC(=CC(=C1)OC)OC,0.099325605
C(=O)(C(C(C(C(=O)Cl)(F)F)(F)F)(F)F)Cl,0.3555974
C1=CC=C(C=C1)OC(=O)C2=CC(=CC=C2)C(=O)OC3=CC=CC=C3,0.78107774
CC(C)(C)C1=CC=C(C=C1)N,0.8868397
C1=CC(=CC=C1C(=O)NC2=CC=C(C=C2)N)N,0.872322
C1=CC=C(C(=C1)C(=O)C2=CC=CC=C2O)O,0.72037876
C(COS(=O)(=O)O)N,0.19026248
C1COCCN1CNC(=O)C2=NC=CN=C2,0.082447805
C1=CC=C(C=C1)C[P+](C2=CC=CC=C2)(C3=CC=CC=C3)C4=CC=CC=C4.[Cl-],0.88217413
CC(C)(C)C(=O)CC(=O)C(C)(C)C,0.28555802
CC(CCOC(=O)C(=C)C)OC(=O)C(=C)C,0.29565558
CCCC(CCC)C(=O)N,0.27368298
CC(C)NCC(COC1=CC=CC=C1OCC=C)O.Cl,0.11628888
CC(CNC(=O)C1=CN=CC=C1)NC(=O)C2=CN=CC=C2,0.16378099
CCOC1=CC=C(C=C1)C(C)(C)COCC2=CC(=CC=C2)OC3=CC=CC=C3,0.9008401
CN(CCC1=CC=C(C=C1)NS(=O)(=O)C)CCOC2=CC=C(C=C2)NS(=O)(=O)C,0.64916193
CN1CC2CC1CN2C3=C(C=C4C(=C3)N(C=C(C4=O)C(=O)O)C5CC5)F,0.044546604
CC(CN1CC(=O)NC(=O)C1)N2CC(=O)NC(=O)C2,0.015612495
CC(CC1=CC(=C(C=C1)O)O)C(C)CC2=CC(=C(C=C2)O)O,0.85186476
CC(COC1=CC=CC=C1)NN,0.20118763
CN1C=NC2=NC=NC(=C21)N,0.19624256
CCCC1=CC(=C(C=C1)OCC(=O)N2CCN(CC2)C(=O)COC3=C(C=C(C=C3)CCC)OC)OC,0.56571776
CC1=NC=C(C(=N1)N)CN(C=O)C(=C2CCOC(=O)S2)C,0.16377781
COC1=CC=C(C2=CC=CC=C21)C(=O)CCC(=O)O,0.19895004
CCC1=CC2=C(C=C1)SC3=CC=CC=C3N2CC(C)CN(C)C.Cl,0.97834283
CN1CCC2=CC3=C(C=C2C1O)OCO3.Cl,0.41407266
C1=CC=C2C(=C1)C(=NN=C2NN)CC3=CC=NC=C3,0.18341368
CC1(C(N2C(S1)C(C2=O)NC(=O)C(C3=CC=C(C=C3)O)NC(=O)C(CC(=O)NC)N)C(=O)O)C,0.018627921
C1CC(N(C1)C(=O)C2CSSCC(C(=O)NC(C(=O)NC(C(=O)NC(C(=O)NC(C(=O)N2)CC(=O)N)CCC(=O)N)CC3=CC=CC=C3)CC4=CC=C(C=C4)O)NC(=O)CNC(=O)CNC(=O)CN)C(=O)NC(CCCCN)C(=O)NCC(=O)N,0.1280824
C1CN(CCN1CC2=CC3=C(C=C2)OCO3)CC(=O)N4C5=CC=CC=C5SC6=CC=CC=C64,0.8583758
CC(C1=CC=C(C2=CC=CC=C21)C3CCCCC3)C(=O)O,0.31002593
C1C(C(OC2=CC(=CC(=C21)O)O)C3=CC(=C(C=C3)O)O)O,0.81523126
C1=CC(=CC(=C1)C(=O)NN)C(=O)NN,0.25118044
C1=CC(=O)NC=C1C(=O)O,0.075689
CC1=CN(C(=O)NC1=O)C2C(C(C(O2)CO)O)F,0.52862984
CC(C)CC1C(=O)NC(C(=O)N2CCCC2C(=O)NC(C(=O)NC(C(=O)NC(C(=O)NC(C(=O)N3CCCC3C(=O)NC(C(=O)NC(C(=O)N1)CCCN)C(C)C)CC4=CC=CC=C4)CC(C)C)CCCN)C(C)C)CC5=CC=CC=C5,0.48625723
C1=CC=C(C(=C1)C2=NN=C(N=N2)C3=CC=CC=C3Cl)Cl,0.03723958
CCC(C)(CC)C1=NOC(=C1)NC(=O)C2=C(C=CC=C2OC)OC,0.40807438
COC(=O)C1=C(N=C(C(=N1)Cl)Cl)N,0.31815618
COC(=O)CCCC(=O)O,0.15006672
CC(C)OP(=O)(CP(=O)(OC(C)C)OC(C)C)OC(C)C,0.5538477
CCCCCCC(=O)C1=CC=CC=C1,0.5996446
CCCC(=O)C(=O)O,0.15930639
CCCCCCCCCC#N,0.5142308
C(CI)C(C(C(C(C(C(F)(F)F)(F)F)(F)F)(F)F)(F)F)(F)F,0.5627981
C1=CC=C(C=C1)NC2=CC=C(C=C2)N.Cl,0.923813
C1=CC=C(C(=C1)C(=C2C=C(C(=O)C(=C2)I)I)C3=CC(=C(C(=C3)I)[O-])I)C(=O)[O-].[Na+].[Na+],0.64200276
C1=CC2=C(C=C1C3=CC4=C(C=C3)C(=O)OC4=O)C(=O)OC2=O,0.06952237
CCCCCCCCNC,0.47154945
C1C2=CC=CC=C2C3=C1C=C(C=C3)O,0.8567071
C1=CC=C(C=C1)OP(=O)(OC2=CC=CC=C2)Cl,0.5620778
C(COCCN)N,0.19739111
CC1=NC2=C(N1)C=C(C=C2)Cl,0.20460692
C1=CC(=C(C=C1C(=O)O)N)Cl,0.07073052
COC(=O)C1=CC(=CC(=C1)Cl)Cl,0.30439416
CCC(C)C(C(=O)O)N,0.14003764
C1=CN=C(N=C1Cl)Cl,0.14364186
CC(=C)C(=O)OCC(C(C(C(C(C(C(F)(F)F)(F)F)(F)F)(F)F)(F)F)(F)F)(F)F,0.4978354
CC(=O)NC1=C(C=C(C(=C1)OC)C(=O)OC)Cl,0.2606212
C1=CC(=C(C(=C1)Cl)C(=O)Cl)Cl,0.1782128
C1=CC=C2C(=C1)C(=O)N(C(=O)N2)CCCl,0.31450936
CC(=C)C(=O)NCCCN(C)C,0.21105687
CCCCC(CC)C(=O)Cl,0.33367664
CCC(C)(C)C1CCC(CC1)O,0.23490226
CC(=O)OC1=CC=CC=C1C(=O)N,0.17269757
CN1CC2=C(C=CC(=C2)C(=O)N3CCC(CC3)C4CCNCC4)NC(C1=O)CC(=O)O,0.30803034
CCCCC(=O)N(C)C,0.19408788
CC(=O)CC(=O)NC1=C(C=CC(=C1)OC)OC,0.22228141
C1=C(C(=CC(=C1Cl)Cl)Cl)S(=O)(=O)O,0.18415648
CCCOCCOCCO,0.3142037
CCOC(=O)C(=C)C#N,0.28493363
CCOC(=O)C1=CC=CC=C1OC,0.22457266
CC(C)(C(=O)C1=CC=CC=C1)O,0.21252534
CCC12COCN1COC2,0.11292043
CC[N+](C)(CC)CC.[Cl-],0.060497705
[CH-]1C=CC=C1.[CH-]1C=CC=C1.Cl[V]Cl,0.30475882
CC(C)CCCC(C)(C)O,0.18349496
CCN(CCC#N)C1=CC=C(C=C1)N=NC2=C(C=C(C=C2Cl)[N+](=O)[O-])Cl,0.8931292
CC(C)(C)C(=O)CCl,0.107523195
CC(=CC1C(C1(C)C)C(=O)OCN2C(=O)C3=C(C2=O)CCCC3)C,0.35629547
CCO[Si](CCCS)(OCC)OCC,0.22669923
C(COCCS)OCCS,0.5387393
CCCCOC(=O)CCS,0.38099584
CC=CC=CCOC(=O)C(C)C,0.49185127
CCCN(CC)CC1COC2(O1)CCC(CC2)C(C)(C)C,0.63887095
CC(C)C1CCC(C1(CN2C=NC=N2)O)CC3=CC=C(C=C3)Cl,0.77086204
C1CN(C(=N1)N[N+](=O)[O-])CC2=CN=C(C=C2)Cl,0.087279245
CCOC1=NC(=CC2=NC(=NN21)S(=O)(=O)NC3=C(C=CC=C3Cl)C(=O)OC)F,0.27992517
COP(=S)(N)OC,0.3585785
CCOC(=O)NCCC[Si](OCC)(OCC)OCC,0.5690212
C1=CC=C(C=C1)C2=NNN=N2,0.08362205
C1=CC(=C(C=C1Cl)Cl)CC(=O)O,0.055779852
CC(C)CCOC(=O)C1=CC=C(C=C1)N(C)C,0.7981868
C1C(O1)COCC(C(F)F)(F)F,0.67364377
CC(=O)C1=CC2=CC=CC=C2S1,0.29982096
COCCOCCOCCOCCO,0.36164638
C=CC1CN2CCC1CC2C(C3=CC=NC4=CC=CC=C34)O,0.5322167
CC1(C(=O)NC(=O)NC1=O)C,0.04647096
CCCCCCCCCCC=CC#N,0.6217342
CC1=C(SC=C1)C(=CCCN2CCCC(C2)C(=O)O)C3=C(C=CS3)C.Cl,0.40993732
CCN(CC)C(C)C(=O)C1=CC=CC=C1.Cl,0.14878573
C1C(O1)COC2=CC=C(C=C2)CC3=CC=C(C=C3)OCC4CO4,0.94877785
C1C(O1)CN(CC2CO2)C3=CC=C(C=C3)CC4=CC=C(C=C4)N(CC5CO5)CC6CO6,0.99275804
CC(C)(CCCC1=CCC(CC1)C=O)O,0.3365295
C1CCC(C1)N(CC2=CC=C(C=C2)Cl)C(=O)NC3=CC=CC=C3,0.8595875
CCOC(=O)C(C)OC1=CC=C(C=C1)OC2=NC3=C(O2)C=C(C=C3)Cl,0.76290715
C1=CC(=C(C(=C1)F)C(=O)NC(=O)NC2=CC(=C(C(=C2F)Cl)F)Cl)F,0.7544214
CC1=CSC(=C1N(C(C)COC)C(=O)CCl)C,0.34914994
CC1=CC2=C(C(=C(C=C2)Cl)C(=O)O)N=C1,0.03934735
CCC(C)SP(=O)(N1CCSC1=O)OCC,0.58509207
CCCC[N+](C)(CCCC)CCCC.[Cl-],0.93115616
CCC(CC)NC1=CC(=C(C=C1)C)C,0.60822284
CC1C(C2=C(C1(C)C)C(=O)CCC2)(C)C,0.5978269
CC(C(=O)OCC#C)OC1=CC=C(C=C1)OC2=C(C=C(C=N2)Cl)F,0.6692115
CCN(CC)CCOC(=O)C(C1CCCCC1)C2=CC=CC=C2.Cl,0.49626327
CC(=O)C1=CCC2C1(CCC3C2CC=C4C3(CCC(C4)OC(=O)C)C)C,0.5495413
CCOC(=O)C1=CC=CC=C1C(=C2C=C(C(=O)C(=C2)Br)Br)C3=CC(=C(C(=C3)Br)O)Br,0.7949232
C1=CC(=C(C=C1C(C(C(=O)O)N)O)O)O,0.18450144
C1C(NCS1)C(=O)O,0.042619914
C1=CC(=CC=C1C(=O)OCCCOC(=O)C2=CC=C(C=C2)N)N,0.805373
C=CC(=O)OCCOC1CC2CC1C3C2C=CC3,0.5192652
CC(COCC(C)OC(=O)C=C)OCC(C)OC(=O)C=C,0.61268055
CCOP(=S)(OC1=CN=C(N=C1)C(C)(C)C)OC(C)C,0.65557116
C1=CC(=C(C(=C1)F)C(=O)NC(=O)NC2=CC(=C(C=C2)OC(C(OC(F)(F)F)F)(F)F)Cl)F,0.77530855
CCCCC(CC)COC(=O)C1=CC=CC=C1,0.5755581
CC(C)C(C)(C#N)N,0.14983243
CC(=CCCC(=CCCC(=CCOC(=O)C)C)C)C,0.4638496
COC(=O)C(CBr)Br,0.3548354
C1CC2=C(C=C3C=CC4=C5C3=C2C=CC5=CC=C4)C(=O)C1,0.8432589
CC1=CC(=NN1CO)C,0.12446434
C1=CC(=CC=C1C(=O)C(=O)C2=CC=C(C=C2)Br)Br,0.62380075
CCC(C)C(C(=O)O)N,0.14003764
COC(=O)C1=CC=CC=C1S(=O)(=O)NC(=O)NC2=NC(=CC(=N2)OC(F)F)OC(F)F,0.19707982
CC12CCC3C(C1CCC2OC(=O)CCC4CCCCC4)CCC5=CC(=O)CCC35,0.5575384
CCC(=O)OC1CC2C3CCC4=C(C3CCC2(C1OC(=O)CC)C)C=CC(=C4)OC(=O)CC,0.44397286
CC1C2CC(C1(C)C)CC2C3CCCC(C3)O,0.41617936
C=CC(=O)OCCC(C(C(C(F)(F)F)(F)F)(F)F)(F)F,0.49630544
CC(C)CCCCCOC(=O)CCS,0.46772638
C1=CC(=C(C=C1SC#N)[N+](=O)[O-])N,0.45957
C1=NC(=C(N1C2C(C(C(O2)CO)O)O)O)C(=O)N,0.3618594
CC(C1C2CC(=C(N2C1=O)C(=O)O)SCCN=CN)O,0.012138133
CN(CCCC(C1=CN=CC=C1)O)N=O,0.3119449
CC(C)C(C(C)(C)COC(=O)C1=CC=CC=C1)OC(=O)C2=CC=CC=C2,0.57938033
COC(C1=CC=CC=C1)C(=O)O,0.09233541
CC(C)C1(C(=O)N2C(C(=O)N3CCCC3C2(O1)O)CC4=CC=CC=C4)NC(=O)C5CC6C(CC7=CNC8=CC=CC6=C78)N(C5)C,0.97596335
CC1=NN(C(=C1C=NOCC2=CC=C(C=C2)C(=O)OC(C)(C)C)OC3=CC=CC=C3)C,0.828115
CN1C=C(C2=CC=CC=C21)C(=O)C3CCC4=C(C3)NC=N4.Cl,0.50719196
CCN(CC)CCOC1=CC=C(C=C1)CC2=CC=CC=C2,0.8346641
CN1CC(=O)N2C(C1=O)CC3=C(C2C4=CC5=C(C=C4)OCO5)NC6=CC=CC=C36,0.8540551
CC1=CCC(CC1)C(C)(C)OC(=O)C,0.25904503
CC1=CC(=C(C(=C1)Cl)N)C,0.15920496
CCOC1=CC(=C(C=C1C(=O)C)OCC)OCC,0.45701593
CC(C)(C)N(C(=O)C1=CC=CC=C1)NC(=O)C2=CC=C(C=C2)Cl,0.65720326
COC(=O)C(C1=CC=CC=C1Cl)N2CCC3=C(C2)C=CS3.OS(=O)(=O)O,0.23183955
CC1=C(C(=C(C=C1)Cl)N)Cl,0.31367204
CC(C)(C)CC(C)(C)CC(=O)[O-].CC(C)(C)CC(C)(C)CC(=O)[O-].[Zn+2],0.25177455
CCCCN1CCCCC1C(=O)NC2=C(C=CC=C2C)C.Cl,0.3199839
CCCC1C(=CC(=CN1C2=CC=CC=C2)CC)CC,0.8217874
CC(C1=C(C(=CC(=C1)C(C)(C)C)C(C)(C)C)O)C2=C(C(=CC(=C2)C(C)(C)C)C(C)(C)C)O,0.9314205
C=CC(=O)OCCC(C(C(C(C(C(C(C(F)(F)F)(F)F)(F)F)(F)F)(F)F)(F)F)(F)F)(F)F,0.5390471
COC(=O)C1=CC=CC=C1C(=O)C2=CC=C(C=C2)OCCN3CCCCC3.Cl,0.66052526
CC(=O)OCCN(CCOC(=O)C)C1=CC=C(C=C1)N=NC2=C(C=C(C=C2)[N+](=O)[O-])C#N,0.8800793
CC1=C(C(C(=C(N1)C)C(=O)OCCC2=CC=C(C=C2)N3CCN(CC3)C(C4=CC=CC=C4)C5=CC=CC=C5)C6=CC(=CC=C6)[N+](=O)[O-])C(=O)OC,0.8970406
CCCCCCCCCCCCCCCCCCOC(=O)C(=C)C,0.66602176
C1CC1C=O,0.23186862
C1=CC(=CC=C1C(=O)C2=CC=C(C=C2)Cl)O,0.8712072
CC1=NC=C(C=C1)C2=C(C=C(C=N2)Cl)C3=CC=C(C=C3)S(=O)(=O)C,0.6452334
C1CC2=C(C=CC(=C2)Cl)C(=C3CCNCC3)C4=C1C=CC=N4,0.7955291
CN(CC1=CN=C2C(=N1)C(=NC(=N2)N)N)C3=CC=C(C=C3)C(=O)NC(CCC(=O)O)C(=O)O,0.28999338
C1CSC2=NC(=O)C(C(=O)N21)CC3=CC=C(C=C3)Cl,0.15724953
CC(=O)OCC(=O)NC1=CC(=CC(=C1Cl)NC(=O)COC(=O)C)C#N,0.16973299
CCCCCOC1=C(C=C(C=C1)C2C(=O)NC(=O)S2)OCC,0.7948141
C(CO)CSCC(C(=O)O)N,0.13180055
C1CCC2(C1)CC(=O)NC(=O)C2,0.17366393
C(CCCCCCBr)CCCCCO,0.51128817
C(C(=O)C(C(F)(F)F)(F)F)C(=O)C(F)(F)F,0.39472786
C#CCC(CC1=CN=C2C(=N1)C(=NC(=N2)N)N)C3=CC=C(C=C3)C(=O)NC(CCC(=O)O)C(=O)O,0.26456136
COC1=C(C=CC(=C1)NS(=O)(=O)C)NC2=C3C=CC=CC3=NC4=CC=CC=C42.Cl,0.7779459
CNC1CCC2=C(C1)C3=C(N2)C=CC(=C3)C(=O)N.C(CC(=O)O)C(=O)O.O,0.16773084
CCC1(CC(C2=C(C3=C(C=C2C1C(=O)OC)C(=O)C4=C(C3=O)C(=CC=C4)O)O)OC5CC(C(C(O5)C)OC6CC(C(C(O6)C)OC7CCC(=O)C(O7)C)O)N(C)C)O.Cl,0.93578106
CN1CCOC(C2=CC=CC=C2C1)C3=CC=CC=C3.Cl,0.3196068
C1COCCN1C(=O)NCCNCC(COC2=CC=C(C=C2)O)O,0.5661308
CC1=CN=C(C(=C1OC)C)CSC2=NC3=C(N2)C=C(C=C3)OC,0.8048342
C1C2C3=CC=CC=C3CC4=CC=CC=C4N2C(=N1)N.Cl,0.4964349
C1=CC=C(C=C1)C(CNCCOC2=CC=C(C=C2)CC(=O)O)O.Cl,0.17660728
CC1=NC(=C(O1)C2=CC(=C(C=C2)S(=O)(=O)N)F)C3CCCCC3,0.419992
C1CC2C3CC(C2C1CO)CC3CO,0.38134676
C1CCN(CC1)CCOC(C2=CC=CC=C2)C3=CC=C(C=C3)Cl.Cl,0.86588097
CC(CC(=O)Cl)CC(C)(C)C,0.19458161
C[N+](C)(C)CCOC(=O)C=C.[Cl-],0.15824927
CC1(OCC(O1)COC(=O)CCC2=CC=C(C=C2)OCC(CNCCNC(=O)N3CCOCC3)O)C.Cl,0.3309495
C1=CC(=CC=C1C(=O)NC(CCC(=O)O)C(=O)O)NCC2=CN=C3C(=N2)C(=NC(=N3)N)N,0.28329942
CCN1CCC2=C(CC1)OC(=N2)N.Cl.Cl,0.09890343
CC1=C(N=C(O1)C2=CC=CC=C2)CCOC3=CC=C(C=C3)CC(C(=O)O)NC4=CC=CC=C4C(=O)C5=CC=CC=C5,0.53274685
C=CCOC(CN1C=CN=C1)C2=C(C=C(C=C2)Cl)Cl.OS(=O)(=O)O,0.76214164
CC(C)OC(=O)NNC1=C(C=CC(=C1)C2=CC=CC=C2)OC,0.6579244
C(=O)(C(C(F)(F)F)(OC(C(C(F)(F)F)(OC(C(C(F)(F)F)(OC(C(C(F)(F)F)(F)F)(F)F)F)(F)F)F)(F)F)F)O,0.47616893
CCC(=O)C1C(=O)CC(CC1=O)C(=O)O,0.17478888
CC1=C(C=CC(=C1)Cl)OC(C)C(=O)O,0.123745695
CC(C)OC(=O)C1=CC2=C(N1)C=CC=C2OCC(CNC(C)(C)C)O,0.184874
COCCOCCC[Si](C)(O[Si](C)(C)C)O[Si](C)(C)C,0.35955864
CNCCC1=CC=CC=N1.CS(=O)(=O)O.CS(=O)(=O)O,0.14970116
C1CCC(CC1)C(CCN2CCCC2)(C3=CC=CC=C3)O.Cl,0.61856043
CCOC(CC1=CC=C(C=C1)OCCC2=CC=C(C=C2)OS(=O)(=O)C)C(=O)O,0.42782515
CCC1=CC(=CC(=C1C2=C(N3CCOCCN3C2=O)OC(=O)C(C)(C)C)CC)C,0.80487233
C1=CC(=C(C=C1F)F)C(CN2C=NC=N2)(CN3C=NC=N3)OP(=O)(O)O,0.42709395
CC1=CC2=C(C=C1CC(=O)C3=C(C=CS3)S(=O)(=O)NC4=C(C(=NO4)C)Cl)OCO2,0.24501969
CC(C)C(=O)OCC1=CC(=CC=C1)OC(=O)C2C(SC3N2C(=O)C3NC(=O)CC4=CC=CC=C4)(C)C,0.13864605
CCC(CCC(C)C1CCC2C1(CCC3C2CC=C4C3(CCC(C4)O)C)C)C(C)C,0.56913716
CC1=CC(=C(C=C1)NC(=O)CC(=O)C)C,0.18947747
CC12CCC3C(C1CCC2OC(=O)CCC4=CC=CC=C4)CCC5=CC(=O)CCC35,0.55296075
CC1CC2C3CCC4=CC(=O)C=CC4(C3(C(CC2(C1(C(=O)COC(=O)C)O)C)O)F)C,0.25870132
C1=CC=C(C(=C1)C(=C(Cl)Cl)C2=CC=C(C=C2)Cl)Cl,0.9078286
COC1=CC(=C(C=C1)OC)Cl,0.5356287
COC(=O)C1=CC=C(C=C1)CBr,0.35868925
CC12CCC3C(C1CCC2O)CCC4=C3C=CC(=C4)OC(=O)N(CCCl)CCCl,0.6502256
CCOC(=O)C1=CC(=CC=C1)N.CS(=O)(=O)O,0.2996788
CC(C)(C)NC(=O)OC1=CC=CC(=C1)NC(=O)N(C)C,0.29402047
C(=O)(C(C(C(C(C(=O)N)(F)F)(F)F)(F)F)(F)F)N,0.3006017
C1=CC(=C(C=C1O)C=O)Br,0.32474065
C1COCCN1CCN,0.06872214
C(C1C(C(C(C(O1)OC2C(OC(C(C2O)O)O)CO)O)O)O)O,0.21625331
CC(=O)NC1C(CC(OC1C(C(CO)O)O)(C(=O)O)O)O,0.1439517
CC1=CCC(CC1=O)C(=C)C,0.2194941
CC1=CCC(CC1)C(=C)C,0.14206883
COC1=CC2=C(C=CN=C2C=C1)C(C3CC4CCN3CC4C=C)O,0.5612522
CC1C(C(CC(O1)OC2C(OC(CC2O)OC3C(OC(CC3O)OC4CCC5(C(C4)CCC6C5CCC7(C6(CCC7C8=CC(=O)OC8)O)C)C)C)C)O)O,0.9629466
C1CC1NC2=C3C(=NC(=N2)N)N(C=N3)C4CC(C=C4)CO,0.6504338
CC(C)(C)NCC(C1=CC(=CC(=C1)O)O)O.CC(C)(C)NCC(C1=CC(=CC(=C1)O)O)O.OS(=O)(=O)O,0.117257565
CC(CC1=CC=C(C=C1)O)(C(=O)O)N,0.1876327
CCOC(=O)OC(C)OC(=O)C1C(SC2N1C(=O)C2NC(=O)C(C3=CC=CC=C3)N)(C)C.Cl,0.03365025
CC(=O)NCC1CN(C(=O)O1)C2=CC(=C(C=C2)N3CCOCC3)F,0.2948457
COC1=C(C=C2C(=C1)C34CCN5C3CC6C7C4N2C(=O)CC7OCC=C6C5)OC,0.821289
CCCCCC(CC(=O)CCC1=CC(=C(C=C1)O)OC)O,0.5813614
CC(C)(CO)C(C(=O)NCCC(=O)[O-])O.CC(C)(CO)C(C(=O)NCCC(=O)[O-])O.[Ca+2],0.11780198
CC12CCC(=O)C=C1CC(C3C24C(O4)CC5(C3CCC56CCC(=O)O6)C)C(=O)OC,0.44802812
CC1=CC(=C(C=C1)O)C(CCN(C(C)C)C(C)C)C2=CC=CC=C2,0.78910565
CC12CCC3C(C1CCC2O)CCC4C3(CC5C(C4)S5)C,0.45020047
CC1(OC2CC3C4CCC5=CC(=O)CCC5(C4(C(CC3(C2(O1)C(=O)CCl)C)O)F)C)C,0.50927085
CCC1CC2C3CCC4=CC(=O)CCC4C3CCC2(C1O)C,0.55463827
CCC1C(C(C(C(=O)C(CC(C(C(C(C(C(=O)O1)C)OC2CC(C(C(O2)C)O)(C)OC)C)OC3C(C(CC(O3)C)N(C)C)OC(=O)CCC(=O)OCC)(C)O)C)C)O)(C)O,0.6329418
CCOC(=O)OC1(CCC2C1(CC(C3C2CCC4=CC(=O)C=CC34C)O)C)C(=O)OCCl,0.44414178
CC1(C2CCC1(C(=O)C2)C)C,0.3298844
C1=CC=C(C=C1)C=CC(=O)O,0.08044409
C(C1C2C(C(C(O1)OC3C(OC(C(C3O)O)OC4C(OC(C(C4O)O)OC5C(OC(C(C5O)O)OC6C(OC(C(C6O)O)OC7C(OC(O2)C(C7O)O)CO)CO)CO)CO)CO)O)O)O,0.23365101
CCCCCCC=CCCCCCCCC(=O)O,0.46795
C1C(C(OC1N2C=C(C(=O)NC2=O)C=CBr)CO)O,0.37707508
CC(C1C(=O)NC(CSSCC(C(=O)NC(C(=O)NC(C(=O)NC(C(=O)N1)CCCCN)CC2=CNC3=CC=CC=C32)CC4=CC=CC=C4)NC(=O)C(CC5=CC=CC=C5)N)C(=O)NC(CO)C(C)O)O,0.34945416
COC1=CC(=CC(=C1O)OC)C2C3C(COC3=O)C(C4=CC5=C(C=C24)OCO5)OC6C(C(C7C(O6)COC(O7)C8=CC=CS8)O)O,0.9435615
C1CC12CN(CC2N)C3=C(C=C4C(=C3Cl)N(C=C(C4=O)C(=O)O)C5CC5F)F,0.06316139
CN(C)C(=S)[S-].CN(C)C(=S)[S-].[Cu+2],0.97944176
CCC1(C2=C(COC1=O)C(=O)N3CC4=CC5=C(C=CC=C5[N+](=O)[O-])N=C4C3=C2)O,0.7472237
C1CC1N2C=C(C(=O)C3=CC(=C(C=C32)Cl)F)C(=O)O,0.02721589
C1(=NC(=O)N(C(=O)N1Cl)Cl)[O-].[Na+],0.13228182
B.C1COCCN1,0.08278133
CC1=CC=C(C=C1)S(=O)(=O)O.O,0.15403269
CCOC(=O)CC(=O)C(C(F)(F)F)(F)F,0.35952303
CC(C)C(=O)OC1=C(C=C(C=C1)C=O)OC,0.31305194
C1CN(CCN1)C(=O)C2=CC=CO2,0.09224179
C(C(C(C(C(C(C(F)(F)F)(F)F)(F)F)(F)F)(F)F)(F)F)O,0.35446054
CCC(=O)C1=CC(=CC=C1)Cl,0.23920311
CC(C1=CC=C(C=C1)O)C2=CC=C(C=C2)O,0.92245466
CC1=C(C=CC=C1Cl)NC2=CC=CC=C2C(=O)O,0.23038897
CCC(=O)OCC(=O)C1(C(CC2C1(CC(C3C2C(CC4=CC(=O)C=CC34C)Cl)O)C)C)OC(=O)CC,0.30833623
CC1(COC(C(C1NC)O)OC2C(CC(C(C2O)OC3C(C(C(C(O3)CN)O)O)O)N)NC(=O)C(CN)O)O.OS(=O)(=O)O,0.65773964
CC(=O)OC1CC2CCC1(C2(C)C)C,0.29162902
CC=CC1=CC(=C(C=C1)OC)OC,0.47368634
CC(=CCCC(=CCCC(=CCCC=C(C)CCC=C(C)CCC=C(C)C)C)C)C,0.535255
CC(=CCCC(=CCCC(=CCOC(=O)C)C)C)C,0.4638496
COC1=CC=CC=C1C=CC=O,0.12101189
COC1=CC=CC=C1C=CC=O,0.12101189
CC(=CC(=O)OC)N,0.19008775
C1=CC(=C(C=C1CC(C(=O)O)N)I)OC2=CC(=C(C(=C2)I)O)I,0.44816223
CC1(C(N2C(S1)C(C2=O)NC(=O)C(C3=CC=CC=C3)NC(=O)N4CCN(C4=O)S(=O)(=O)C)C(=O)O)C,0.012665314
CC(C)(C(=O)NC(CS)C(=O)O)S,0.18742464
C1C(=C(N2C(S1)C(C2=O)NC(=O)C(C3=CC=CC=C3)S(=O)(=O)[O-])C(=O)[O-])C[N+]4=CC=C(C=C4)C(=O)N.[Na+],0.015584818
CCCC(CCC)C(=O)OC1CC2CCC(C1)[N+]2(C)C,0.26954725
CCC(=C(CC)C1=CC=C(C=C1)OC(=O)CC)C2=CC=C(C=C2)OC(=O)CC,0.8579044
CC[N+]1(CCCC(C1)OC(=O)C(C2=CC=CC=C2)(C3=CC=CC=C3)O)C.[Br-],0.18950266
CN(C)CCC=C1C2=CC=CC=C2SC3=C1C=C(C=C3)Cl,0.9593268
CC=C(C1=CC=C(C=C1)O)C(=CC)C2=CC=C(C=C2)O,0.9514326
C1=NC(=S)C2=C(N1)N(C=N2)C3C(C(C(O3)CO)O)O,0.67624223
CCN1CCCC1CNC(=O)C2=C(C=CC(=C2)S(=O)(=O)N)OC,0.27198935
C1=CC=C(C=C1)NC(=S)NC2=CC=CC=C2,0.8964902
CC(=O)N1CCN(CC1)C2=CC=C(C=C2)O,0.6765398
CC(C)COC(=O)C=CC1=CC=CC=C1,0.44036037
CC(=C)C(=O)OC1CC2CCC1(C2(C)C)C,0.3847486
C1=CC(=CC=C1C(=O)C2=C(C(=C(C=C2)O)O)O)O,0.86361474
CC1=CCC(C1(C)C)CC=O,0.38765502
CC(C)C=CCCCCC(=O)NCC1=CC(=C(C=C1)O)OC,0.53644603
CC(=CCCC(=CCOC(=O)C)C)C,0.3799697
C1=COC(=C1)C=CC=O,0.035435073
C1=CC=C(C=C1)C=CC(=O)NCCO,0.26386985
C1C(C(C(CC1(C(=O)O)O)OC(=O)C=CC2=CC(=C(C=C2)O)O)O)O,0.41641694
C1=NC2=C(N1)C(=S)N=C(N2)N,0.46922764
CCCCNC(=S)NCCCC,0.5639457
CCOC(=O)CN.Cl,0.10539171
C(=S)(N)NN,0.2586241
CCC(=O)[O-].[Na+],0.1487623
C1(=NC(=S)NN1)N,0.3545384
CC(=C)C1CCC(=CC1)C=O,0.24748573
CC(=O)[O-].CC(=O)[O-].O.O.[Zn+2],0.23165584
C1C(CC(=O)NC1=O)C2=CC=C(C=C2)Cl,0.11063705
C1=CC=C(C=C1)CNCCNCC2=CC=CC=C2.Cl.Cl,0.6552078
CCOC(=O)C(=O)C1=CSC(=N1)NC=O,0.45173997
CC1=CC2=C(C=C1C)N(C3=NC(=O)NC(=O)C3=N2)CC(C(C(COP(=O)([O-])OP(=O)([O-])OCC4C(C(C(O4)N5C=NC6=C(N=CN=C65)N)O)O)O)O)O.[Na+].[Na+],0.46946484
CCCCCCN1C=C[N+](=C1)C.[Cl-],0.99889946
[B-](F)(F)(F)F.CCCCCC[N+]1=CC=CC=C1,0.9808797
CCCCCCCCN1C=C[N+](=C1)C.[Cl-],0.99794966
CCCCCCCCCCN1C=C[N+](=C1)C.[Cl-],0.9969687
CCCCCCCCN1C=C[N+](=C1)C.F[P-](F)(F)(F)(F)F,0.98042756
CCCCN1C=C[N+](=C1)C.C(F)(F)(F)S(=O)(=O)[O-],0.4100825
CCCCCC[N+]1=CC=CC=C1.C(F)(F)(F)S(=O)(=O)[O-],0.96527994
CCNC(=S)NCC,0.3018563
C=CC(C(C(C(C(C(C(C(C=C)(F)F)(F)F)(F)F)(F)F)(F)F)(F)F)(F)F)(F)F,0.5488753
C(CCO)CC(C(C(C(F)(F)F)(F)F)(F)F)(F)F,0.46478942
C(=O)C(=C(C(=O)O)Cl)Cl,0.24543078
C(CC(C(C(F)(F)F)(F)F)(F)F)C(=O)O,0.17077473
C(CC(C(C(F)(F)F)(F)F)(F)F)CO,0.22975986
C1C(O1)CC(C(C(C(F)(F)F)(C(F)(F)F)F)(F)F)(F)F,0.52037853
C(CC(C(C(C(C(C(F)(F)F)(F)F)(F)F)(F)F)(F)F)(F)F)C(=O)O,0.25144735
C(C(OC(C(OC(C(OC(F)(F)F)(F)F)(F)F)(F)F)(F)F)(F)F)O,0.5245334
C(=O)(C(OC(C(OC(C(OC(F)(F)F)(F)F)(F)F)(F)F)(F)F)(F)F)O,0.5145624
C(=N)(C(C(C(C(C(C(C(F)(F)F)(F)F)(F)F)(F)F)(F)F)(F)F)(F)F)N,0.41212255
C(C(F)(F)F)(C(F)(F)F)(N)O,0.14596592
C(CC(C(C(C(C(C(C(F)(F)F)(F)F)(F)F)(F)F)(F)F)(F)F)(F)F)CO,0.43540406
CC1CC2=CC3=C(C(=C2C4=C(C(=C(C=C4CC1(C)O)OC)OC)OC)OC)OCO3,0.8113674
CC1=NN=C(N1C2CC3CCC(C2)N3CCC(C4=CC=CC=C4)NC(=O)C5CCC(CC5)(F)F)C(C)C,0.89018786
CCCCCCCC[P+](CCCCCCCC)(CCCCCCCC)CCCCCCCC.[Br-],0.9992378
CCCCCCC(C)COC(=O)C1=CC=CC=C1C(=O)OCC(C)CCCCCC,0.53525716
CCC(=C(CC)C1=CC=C(C=C1)OP(=O)(O)O)C2=CC=C(C=C2)OP(=O)(O)O,0.5426207
CC1C2=CC=CC=C2CN1NC(=O)C3=CC(=C(C=C3)Cl)S(=O)(=O)N,0.4929686
CCN1CCCC1CNC(=O)C2=C(C(=CC(=C2OC)Cl)Cl)O,0.56112164
CCCCCCCCN1CCCC1=O,0.9387268
CCC12CCC3C(C1C=CC2(C#C)O)CCC4=CC(=O)CCC34,0.62870073
CC1=NC=C(C(=N1)N)CN(C=O)C(=C(CCO)SSC(=C(C)N(CC2=CN=C(N=C2N)C)C=O)CCO)C,0.50999737
C1=CC(=C(C=C1C(CN)O)O)O.C(C(C(=O)O)O)(C(=O)O)O.O,0.19116355
COCCCN1CCC(CC1)NC(=O)C2=CC(=C(C3=C2OCC3)N)Cl,0.8311396
CC1=C(C(=CC=C1)Cl)NC(=O)C2=CN=C(S2)NC3=CC(=NC(=N3)C)N4CCN(CC4)CCO,0.69968426
CCOC1=NC(=CC2=NC(=NN21)S(=O)(=O)NC3=C(C=CC=C3Cl)Cl)F,0.38521367
CNC1C(C2C(CC(C(O2)OC3C(CC(C(C3O)O)N)N)N)OC1OC4C(C(C(C(O4)CO)N)O)O)O,0.66455525
CCOC(=O)COC1=C(C=C(C(=C1)N2C(=O)C(=C(C=N2)C(F)(F)F)C)F)Cl,0.39347365
C=CS(=O)(=O)[O-].[Na+],0.22237338
CC1=C(C(=O)C=CO1)OC(=O)C(C)C,0.15293649
C1=CC(=C2C(=C1[N+](=O)[O-])C(=O)C3=C(C=CC(=C3C2=O)O)[N+](=O)[O-])O,0.80668586
C1=CC(=C(C=C1N)[N+](=O)[O-])NCCO,0.23862071
C1=CC=C2C(=C1)N=C(S2)[S-].[Na+],0.32953793
C1=C(C(=CC(=C1Cl)[N+](=O)[O-])O)N,0.55092883
C1=CC=C(C(=C1)C(=C2C=CC(=O)C=C2)C3=CC=C(C=C3)O)S(=O)(=O)[O-].[Na+],0.65122885
C1=CC(=C(C=C1N)[N+](=O)[O-])N,0.21725981
C1=CC(=CC=C1C2=CSC(=N2)NN)[N+](=O)[O-],0.8653065
C=CC(=O)OCC(COC1=CC=CC=C1)O,0.5166091
CC1=CC=C(C=C1)C(=O)C2=CC(=C(C(=C2)O)O)[N+](=O)[O-],0.7265835
C1=C(C=C(C(=C1N)O)Cl)[N+](=O)[O-],0.56371146
CCCC(=O)[O-].[Na+],0.19244894
CCCCCC(C=CC1C(CC(=O)C1CC=CCCCC(=O)O)O)O,0.47486252
CC1=CC(=O)OC2=C1C=CC(=C2)O,0.30421743
CC(C)C(C)C=CC(C)C1CCC2C1(CCCC2=CC=C3CC(CCC3=C)O)C,0.84984314
CCC=CCC=CCC=CCCCCCCCC(=O)O,0.4718739
C1CN(CCN1CCOCCO)C2=NC3=CC=CC=C3SC4=CC=CC=C42.C1CN(CCN1CCOCCO)C2=NC3=CC=CC=C3SC4=CC=CC=C42.C(=CC(=O)O)C(=O)O,0.8056769
CC1=CC(=C(N1C2=CC=CC=C2)C)C=CC3=[N+](C4=C(C=C3)C=C(C=C4)N(C)C)C,0.9523049
CC(C)(C)NCC(COC1=NSN=C1N2CCOCC2)O.C(=CC(=O)O)C(=O)O,0.09811573
CC(C)C(C)C=CC(C)C1CCC2C1(CCCC2=CC=C3CC(CC(C3=C)O)O)C,0.8346211
CCCC=CC=O,0.22784314
CC(=CC=CC=C(C)C=CC=C(C)C(=O)OC1C(C(C(C(O1)COC2C(C(C(C(O2)CO)O)O)O)O)O)O)C=CC=C(C)C(=O)OC3C(C(C(C(O3)COC4C(C(C(C(O4)CO)O)O)O)O)O)O,0.5176612
CCCCCCCCCCCCCCCC(=O)OC1CC(=C(C(C1)(C)C)C=CC(=CC=CC(=CC=CC=C(C)C=CC=C(C)C=CC2=C(CC(CC2(C)C)OC(=O)CCCCCCCCCCCCCCC)C)C)C)C,0.86163783
C1=CC=C(C=C1)C2=CC(=O)C3=C(C=C(C=C3O2)O)O,0.8324329
C1=CC(=CC=C1C2=COC3=C(C2=O)C=CC(=C3)O)O,0.86387134
CC1=CCCC(C1C=CC(=O)C)(C)C,0.6945883
CC(=O)OCC=CC1=CC=CC=C1,0.38898087
CC1=C(C(CCC1)(C)C)C=CC(=CC=CC(=CC(=O)OC2=C(C3=C(C(=C2C)C)OC(CC3)(C)CCCC(C)CCCC(C)CCCC(C)C)C)C)C,0.86897457
CC(C1=CC=C(C=C1)C=C2CCCCC2=O)C(=O)O,0.23208356
COC1C(CC2CN3CCC4=C(C3CC2C1C(=O)OC)NC5=C4C=CC(=C5)OC)OC(=O)C=CC6=CC(=C(C=C6)O)OC,0.6387219
CC1=C(C(=O)C2=CC=CC=C2C1=O)CC=C(C)CCC=C(C)CCC=C(C)CCC=C(C)C,0.63852847
CC1=CC(=CC(=C1CC2=NCCN2)C)C(C)(C)C.Cl,0.1849102
CC1(C(=[N+](C2=C1C3=CC=CC=C3C=C2)CCCCS(=O)(=O)[O-])C=CC=CC=CC=C4C(C5=C(N4CCCCS(=O)(=O)[O-])C=CC6=CC=CC=C65)(C)C)C.[Na+],0.90028965
CCN(CC)CC1=NC=CN1C2=C(C=C(C=C2)[N+](=O)[O-])C(=O)C3=CC=CC=C3Cl.C(=CC(=O)O)C(=O)O,0.628505
CCCCC1=NC=C(N1CC2=CC=C(C=C2)C(=O)O)C=C(CC3=CC=CS3)C(=O)O.CS(=O)(=O)O,0.29891053
CCOCCN1C2=CC=CC=C2N=C1N3CCCN(CC3)C.C(=CC(=O)O)C(=O)O.C(=CC(=O)O)C(=O)O,0.3798366
CCCCCC(C=CC=O)O,0.5097097
CCCCCC=CCC=CCC=CCC=CCCCC(=O)NCC(=O)O,0.46554786
CN(C)C(=O)COC(=O)CC1=CC=C(C=C1)OC(=O)C2=CC=C(C=C2)N=C(N)N.CS(=O)(=O)O,0.48789743
C1=CC(=CC=C1N)Cl.Cl,0.25646523
CCC1C(=O)N(CC(=O)N(C(C(=O)NC(C(=O)N(C(C(=O)NC(C(=O)NC(C(=O)N(C(C(=O)N(C(C(=O)N(C(C(=O)N(C(C(=O)N1)C(C(C)CC=CC)O)C)C(C)C)C)CC(C)C)C)CC(C)C)C)C)C)CC(C)C)C)C(C)C)CC(C)C)C)C,0.35271728
CCCCCC=CCC=CCCCCCCCC(=O)OC,0.50561255
C1=CC(=C(C=C1C2=C(C(=O)C3=C(C=C(C=C3O2)O)O)O)O)O.O.O,0.82269055
C(CNC(=S)[S-])NC(=S)[S-].[Zn+2],0.64348835
CC(=O)C1(CCC2C1(CCC3C2C=C(C4=CC(=O)C5CC5C34C)Cl)C)O,0.6522576
CC12CCC(=O)C=C1CCC3C2CCC4(C3CCC4(C#C)O)C,0.67164505
C=C1CCC2(C3CC4=C5C2(C1OC5=C(C=C4)O)CCN3CC6CC6)O,0.6249342
CC1CC(C(C(C(CC(=O)OC(CC2C(O2)C=CC1=O)C)OC(=O)C)OC)OC3C(C(C(C(O3)C)OC4CC(C(C(O4)C)OC(=O)CC(C)C)(C)O)N(C)C)O)CC=O,0.55057406
C1CCN(C1)CC2=NC3=CC=CC=C3N2CC4=CC=C(C=C4)Cl.Cl,0.848689
CCC(C)C1C(=O)NC(C(=O)NC(C(=O)NC(CSSCCC(=O)NC(C(=O)N1)CC2=CC=C(C=C2)OCC)C(=O)N3CCCC3C(=O)NC(CCCN)C(=O)NCC(=O)N)CC(=O)N)C(C)O,0.15376228
C1C(C(C(C1O)C=CC(COC2=CC=CC(=C2)C(F)(F)F)O)CC=CCCCC(=O)O)O,0.5169394
C(C(C(C(C=O)O)O)O)O,0.23638736
COC1=CC=CC(=C1OC)C(C2CCN(CC2)CCC3=CC=C(C=C3)F)O,0.7154034
CCC(=NO)C,0.22857325
CC=C1C(=O)NC(C(=O)OC2CC(=O)NC(C(=O)NC(CSSCCC=C2)C(=O)N1)C(C)C)C(C)C,0.567933
CCCCCC(=O)OCCC=CCC,0.44798577
CCOC1=C(C=C(C=C1)C=CC)O,0.743986
CC(=CC(=O)OC)OP(=O)(OC)OC,0.4495438
C=CCN1CCC23CCCCC2C1CC4=C3C=C(C=C4)O,0.68022156
[Ca+2].[Br-].[Br-],0.4659361
C1CC1CN2CCC34C5C(=O)CCC3(C2CC6=C4C(=C(C=C6)O)O5)O,0.4296178
CCOC(=O)C(CCC1=CC=CC=C1)NC(C)C(=O)N2C3CCCC3CC2C(=O)O,0.26828998
CCCCCCCCC=CCCCCCCCC(=O)OCC,0.5104647
CCC=CC#N,0.2550307
CCCCC(CC)COC(=O)C=CC(=O)OCC(CC)CCCC,0.52378595
CCC=CCCOC(C)OCC,0.39726382
C1=CC=C(C=C1)CCOC(=O)C=CC2=CC=CC=C2,0.7022461
CC1=CCCC(C1C=C(C)C(=O)C)(C)C,0.5847976
CCC(C)COC(=O)C=CC1=CC=C(C=C1)N=CC2=CC=C(C=C2)OC,0.85720855
C[N+]1(C2CC(CC1C3C2O3)OC(=O)C(CO)C4=CC=CC=C4)C.[Br-],0.10787691
CC(C)(C)NC(=O)C1CN(CCN1CC(CC(CC2=CC=CC=C2)C(=O)NC3C(CC4=CC=CC=C34)O)O)CC5=CN=CC=C5.OS(=O)(=O)O,0.63528246
CC(C(=O)N1CCCC1C(=O)O)NC(CCC2=CC=CC=C2)C(=O)O,0.065519646
CN(C)CCCSC1=CC=CC=C1NC(=O)C=CC2=CC=CC=C2,0.7954764
CON=C(C1=CC=CO1)C(=O)NC2C3N(C2=O)C(=C(CS3)COC(=O)N)C(=O)O,0.004477959
CC(=CC(=O)C)[O-].CC(=CC(=O)C)[O-].CC(=CC(=O)C)[O-].[Fe+3],0.18581925
CC(C(C1=CC=CC=C1)O)NCCC(=O)C2=CC(=CC=C2)OC.Cl,0.2385849
CN(CC1=C(C(=CC(=C1)Br)Br)N)C2CCCCC2.Cl,0.5963563
C1CN(CCN1)C2=NC3=CC=CC=C3C=C2.C(=CC(=O)O)C(=O)O,0.22522216
CCC(=O)C=CC1=CC=C(C=C1)OC,0.67116725
CCC=CCCOC(=O)C1=CC=CC=C1O,0.6312769
CC(=O)C=CC1=CC2=C(C=C1)OCO2,0.33876723
C[Si](C)O[Si](C)(C)O[Si](C)(C)O[Si](C)C,0.14498842
CCC=CCCC=CC(OCC)OCC,0.5358514
CC(C)OC(=O)OCOP(=O)(COC(C)CN1C=NC2=C(N=CN=C21)N)OCOC(=O)OC(C)C.C(=CC(=O)O)C(=O)O,0.56982225
CN1CCC2=CC3=C(C(=C2C1)OC)OCO3.Br,0.37841317
CC1=CC(=C(C=C1OC(=O)C)C(C)C)OCCN(C)C.Cl,0.5139953
CCCCOC1=C(C=CC(=C1)C(=O)OCCN(CC)CC)N.Cl,0.6328541
CCC1=CC=CC(=C1N(COCC)C(=O)CS(=O)(=O)O)C,0.32896495
C1CN(CCN1CCC=C2C3=CC=CC=C3SC4=C2C=C(C=C4)Cl)CCO.Cl.Cl,0.9465708
C1=CC(=C(C=C1[N+](=O)[O-])S(=O)(=O)[O-])C=CC2=C(C=C(C=C2)[N+](=O)[O-])S(=O)(=O)[O-].[Na+].[Na+],0.41141698
CCC(=CCCC(C)(C=C)O)C,0.3880537
CC(C)CCCC(C)CC=CC(=CC(=O)OCC#C)C,0.5317994
CCC(CC)(CC(=O)NC1=CC=CC(=C1)C=CC2=NC(=CS2)C3CCC3)C(=O)O,0.7782356
CC1(C(C1C(=O)OC(C#N)C2=CC(=CC=C2)OC3=CC=CC=C3)C=C(C(F)(F)F)Cl)C,0.7675009
CC1(C(C1C(=O)OC(C#N)C2=CC(=CC=C2)OC3=CC=CC=C3)C=C(C(F)(F)F)Cl)C,0.7675009
CC1CCC2CC(C(=CC=CC=CC(CC(C(=O)C(C(C(=CC(C(=O)CC(OC(=O)C3CCCCN3C(=O)C(=O)C1(O2)O)C(C)CC4CCC(C(C4)OC)OCCO)C)C)O)OC)C)C)C)OC,0.59176385
CCCC[O-].CCCC[O-].CCCC[O-].[Al+3],0.24627241
CCN(CC)CCNC(=O)C1=C(NC(=C1C)C=C2C3=C(C=CC(=C3)F)NC2=O)C.C(C(C(=O)O)O)C(=O)O,0.49927846
C1=CC(=CN=C1)C=NNC(=S)N,0.36167645
CCC1C=C(CC(CC(C2C(CC(C(O2)(C(=O)C(=O)N3CCCCC3C(=O)OC(C(C(CC1=O)O)C)C(=CC4CCC(C(C4)OC)Cl)C)O)C)OC)OC)C)C,0.6929658
CC(C)(C(=O)O)ON=C(C1=CSC(=N1)N)C(=O)NC2C3N(C2=O)C(=C(CS3)C[N+]4=CC=CC=C4)C(=O)[O-].O.O.O.O.O,0.021943372
C1=C(C(=C(C(=C1Br)Br)Br)Br)OC2=CC(=C(C(=C2Br)Br)Br)Br,0.5677563
CCC(=O)OC(CC1=CC=CC=C1)(C2=CC=CC=C2)C(C)CN(C)C.C1=CC=C2C=C(C=CC2=C1)S(=O)(=O)O,0.46382862
CCOC(=O)C(CCC1=CC=CC=C1)NC(C)C(=O)N2CC3(CC2C(=O)O)SCCS3.Cl,0.16735731
CC(=N[Si](C)(C)C)O[Si](C)(C)C,0.11334931
CC(=CCC1C(O1)(C)C2C(C(CCC23CO3)OC(=O)C=CC=CC=CC=CC(=O)O)OC)C,0.528159
C1CCC2=C(C1)C(=C3CCCC3=N2)N.O.Cl,0.21443838
CCC(=O)OC1(C(CC2C1(CC(C3(C2CC(C4=CC(=O)C=CC43C)F)F)O)C)C)C(=O)CCl,0.39882332
C1CCC2CN(CC2C1)C(=O)CC(CC3=CC=CC=C3)C(=O)[O-].C1CCC2CN(CC2C1)C(=O)CC(CC3=CC=CC=C3)C(=O)[O-].O.O.[Ca+2],0.31648415
CS(=O)(=O)O.CS(=O)(=O)O.C=CCNC1=NC(=NC(=N1)N2CCN(CC2)C(C3=CC=C(C=C3)F)C4=CC=C(C=C4)F)NCC=C,0.73638344
C1C2CNCC1C3=CC4=NC=CN=C4C=C23.C(C(C(=O)O)O)(C(=O)O)O,0.31554312
CCC(C1=CC=CC=C1)N,0.22647528
CC(=O)NN=CC1=CC=C(O1)[N+](=O)[O-],0.7380916
CC(C)(C=NO)SC,0.24179585
CCCCN(C(=N[N+](=O)[O-])N)N=O,0.37213582
CC(=CCCC(=CC=NO)C)C,0.45838156
CON=C1CN(CC1CN)C2=C(C=C3C(=O)C(=CN(C3=N2)C4CC4)C(=O)O)F.CS(=O)(=O)O,0.10220346
C1CN2CCC1N(CC2)C(=O)OC3=CC=C(C=C3)Br,0.59729123
CCN(CC)CCC1=C(C2=C(C=C(C=C2)OCC(=O)OCC)OC1=O)C.Cl,0.14354439
C1=CC(=CC(=C1)C2=C(C=CC(=C2)CCCCCCC3=CC(=C(C=C3)OC4C(C(C(C(O4)CO)O)O)O)C5=CC=CC(=C5)CC(=O)O)OC6C(C(C(C(O6)CO)O)O)O)CC(=O)O,0.75236213
COC1=C(C=C(C=C1)OC(F)(F)F)CNC2CCCNC2C3=CC=CC=C3,0.74173975
CCOC1=NC2=C(C=C1)NC=C(C2=O)C(=O)NCC3=CC=CC=C3,0.64511645
C1=CC(=CC=C1NC(=O)CCC(C(=O)O)N)[N+](=O)[O-].Cl,0.2869171
CC1CCC=C2C1(CC(CC2)C(=C)C)C,0.4322213
CC1=CC=C(C=C1)C2=C(N=C(N2S(=O)(=O)N(C)C)C#N)Cl,0.52583414
CC(C)C1=C2C(=CC(=C1)OC)S(=O)(=O)N(C2=O)COC3=CC(=O)N4C=CC=C(C4=N3)OCCN5CCCCC5,0.60206985
CS(=O)(=O)OCC(C(COS(=O)(=O)C)O)O,0.19465968
CCCCC1=CC2=CC=CC=C2C(=N1)OCCN(C)C.Cl,0.74803525
CC1=CC(=C(C(=C1)C)C2=C(C3(CCCC3)OC2=O)OC(=O)CC(C)(C)C)C,0.8038171
CC(C)(C1=COC(=C1)S(=O)(=O)NC(=O)NC2=C3CCCC3=CC4=C2CCC4)O,0.32247695
CN1CCC(C(C1)O)C2=C(C=C(C3=C2OC(=CC3=O)C4=CC=CC=C4Cl)O)O.Cl,0.7529167
C1CN2CCC1C(C2)NC(=O)C3=CC4=C(C=C3)OCCO4,0.5263988
CCC(=O)O.CCC(=O)O.C1CN=C(N1)C2=CC(=CC=C2)NC(=O)NC3=CC=CC(=C3)C4=NCCN4,0.22128563
CCCCCCCCCCN1C=C[N+](=C1)C.F[P-](F)(F)(F)(F)F,0.9785817
CC1=C(C=C(C=C1)NC2=NC=CC(=N2)N(C)C3=CC4=NN(C(=C4C=C3)C)C)S(=O)(=O)N,0.6967711
COC(=O)C(CC1=CC(=C(C=C1)O)O)N.Cl,0.33072087
COC1=CC(=O)OC(C1)CCC2=CC=CC=C2,0.62973356
CCCCCCCCCCCCN1C=C[N+](=C1)C.F[P-](F)(F)(F)(F)F,0.9750953
CNC1CC(C2=CC=CC=C12)C3=CC(=C(C=C3)Cl)Cl.Cl,0.82447827
CC1(C(=O)N(C(=N1)SC)NC2=CC=CC=C2)C3=CC=CC=C3,0.75552267
CCN1C=C[N+](=C1)C.CC1=CC=C(C=C1)S(=O)(=O)[O-],0.22982673
C(CN)N.Cl[Pt]Cl,0.4203572
CC1=CC=C(C=C1)C(C)NC(=O)C(C(C)C)NC(=O)OC(C)C,0.365901
CCCC[N+]1=CC=C(C=C1)C.[Cl-],0.15067203
CC1=C(C(=CC=C1)C)N(C(C)C(=O)OC)C(=O)COC,0.4345072
CCN1C=C[N+](=C1)C.C(=[N-])=NC#N,0.30277488
C1=CC=C(C(=C1)C2=NC(=NO2)C3=CC(=CC=C3)C(=O)O)F,0.13521904
CCCCN1C=C[N+](=C1)C.C(F)(F)(F)S(=O)(=O)[N-]S(=O)(=O)C(F)(F)F,0.5734451
CN(C)C(=O)C1=C(C=C(C=C1)NC=O)S(=O)(=O)NC(=O)NC2=NC(=CC(=N2)OC)OC,0.1677269
C1=CC(=CC(=C1)C(F)(F)F)C(=O)CC2=CC=C(C=C2)C#N,0.73065186
[B-](F)(F)(F)F.CCCCCCCCN1C=C[N+](=C1)C,0.9879068
C1CN(CCC1(C2=CC(=CC=C2)C(F)(F)F)O)CCCC(=O)C3=CC=C(C=C3)F.Cl,0.7510636
CCN1C=C[N+](=C1)C.C(F)(F)(F)S(=O)(=O)[N-]S(=O)(=O)C(F)(F)F,0.40363663
CC(C)(C(=O)OCC=C)OC(=O)C1=C(C=CC(=C1)N2C(=O)C=C(N(C2=O)C)C(F)(F)F)Cl,0.60584074
[C-]#N.[C-]#N.[C-]#N.[C-]#N.[C-]#N.[N-]=O.O.O.[Na+].[Na+].[Fe+4],0.40761158
CON=C(C1=CSC(=N1)N)C(=O)NC2C3N(C2=O)C(=C(CS3)C[N+]4=CC=CC5=C4CCC5)C(=O)[O-].OS(=O)(=O)O,0.025054494
C1=CC(=CC(=C1)I)CN=C(N)N.C1=CC(=CC(=C1)I)CN=C(N)N.OS(=O)(=O)O,0.37582472
CN1C=CC2=CC3=C(CCN3C(=O)NC4=CN=CC=C4)C=C21.Cl,0.78618383
CCCCCCN1C=C[N+](=C1)C.[I-],0.99930906
CCCC[N+]1(CCCCC1)C.C(F)(F)(F)S(=O)(=O)[N-]S(=O)(=O)C(F)(F)F,0.2824453
C1C2C(COS(=O)O1)C3(C(=C(C2(C3(Cl)Cl)Cl)Cl)Cl)Cl,0.693268
C1C2C=CC1C3C2C4(C(=C(C3(C4(Cl)Cl)Cl)Cl)Cl)Cl,0.5656182
COC(=O)C(CC1=CN=CN1)N.Cl,0.12845667
CCCC[N+](C)(C)C.C(F)(F)(F)S(=O)(=O)[N-]S(=O)(=O)C(F)(F)F,0.22860512
CCC1(CC2=CC=CC=C2C1)C3=CN=CN3.Cl,0.5082773
CC(CCC1=CC=C(C=C1)O)NCC(C2=CC=C(C=C2)O)O.Cl,0.67678344
C(CC(C(C(C(C(F)(F)F)(F)F)(F)F)(F)F)(F)F)C(=O)O,0.22152358
CC1=C(C=CN=C1CS(=O)C2=NC3=CC=CC=C3[N-]2)OCCCOC.[Na+],0.6606016
CCC(=O)[N-]S(=O)(=O)C1=CC=C(C=C1)C2=C(ON=C2C3=CC=CC=C3)C.[Na+],0.41411
CC1=CC2=C(C=C1C(F)(F)F)N(CC2)C(=O)NC3=CN=C(C=C3)OC4=C(N=CC=C4)C.Cl,0.82819146
CC(C)CC(C(=O)NC(CCCN=C(N)N)C(=O)N1CCCC1C(=O)NNC(=O)N)NC(=O)C(COC(C)(C)C)NC(=O)C(CC2=CC=C(C=C2)O)NC(=O)C(CO)NC(=O)C(CC3=CNC4=CC=CC=C43)NC(=O)C(CC5=CN=CN5)NC(=O)C6CCC(=O)N6.CC(=O)O,0.65829784
CC(=O)CC(C1=CC=CC=C1)C2=C(C3=CC=CC=C3OC2=O)[O-].[Na+],0.41893858
CCN1C=C[N+](=C1)C.C(#N)[S-],0.32188952
COC1=CC2=C(C=CN=C2C=C1)C(C3CC4CCN3CC4C=C)O.O.O.Cl,0.4675405
[NH4+].[NH4+].Cl[Pt-2](Cl)(Cl)Cl,0.17608179
CCCCCCCCCCCCCC[P+](CCCCCC)(CCCCCC)CCCCCC.F[P-](F)(F)(F)(F)F,0.9970625
CCCCCCCCCCCCCC[P+](CCCCCC)(CCCCCC)CCCCCC.[Br-],0.9992336
C1CCC(CC1)N.C1CCC(CC1)N.C(C(COP(=O)(O)O)O)O,0.2946491
CCOC(=O)[CH-]C(=O)C(=O)OCC.[Na+],0.33665866
CCCC[Sn](CCCC)(OC(=O)C)OC(=O)C,0.8548535
C1=C(C=C2C(=C1O)O[Bi]O2)C(=O)O.O,0.098672464
CC(C)(C)CCCCCC(=O)O[Sn](C)(C)OC(=O)CCCCCC(C)(C)C,0.5396876
CCCCCCCCCCCCN1C=C[N+](=C1)C.[Br-],0.995581
CN(C)C(=O)CCSC(C1=CC=CC(=C1)C=CC2=NC3=C(C=CC(=C3)Cl)C=C2)SCCC(=O)[O-].[Na+],0.7142622
[B-](F)(F)(F)F.CCCC[N+]1=CC=CC(=C1)C,0.08733662
C1CCC2=NC3=C(CN2CC1)C(=CC(=C3)Cl)Cl.Cl,0.5585505
CCCC[N+]1=CC=CC(=C1)C.[Cl-],0.09595175
CC1(CCC(=O)C2C13CCC(C3)C2(C)C)C,0.4108614
C(CP(=O)(O)O)C(C(C(C(C(C(C(C(F)(F)F)(F)F)(F)F)(F)F)(F)F)(F)F)(F)F)(F)F,0.37793604
C1=C(C(=CC(=C1Cl)Cl)Cl)[O-].[Na+],0.4900474
CCCCCCCCCCCCC1=CC=CC=C1S(=O)(=O)[O-].[Na+],0.7086377
CN1C(=NN=N1)SCC2=C(N3C(C(C3=O)(NC(=O)CSCC(C(=O)O)N)OC)SC2)C(=O)[O-].[Na+],0.020213494
CON=C(C1=CSC(=N1)N)C(=O)NC2C3N(C2=O)C(=CCS3)C(=O)[O-].[Na+],0.0131928595
C1=CC=C(C=C1)C(=O)C2=CC=CC(=C2N)CC(=O)[O-].O.[Na+],0.25922915
CCC1=CC(=C2C1=CC=CC(=C2)C(C)C)S(=O)(=O)[O-].[Na+],0.43269894
COC1=CC=C(C=C1)C(=O)C(=CC(=O)[O-])Br.[Na+],0.385289
COC1(C2N(C1=O)C(=C(CS2)COC(=O)N)C(=O)[O-])NC(=O)CC3=CC=CS3.[Na+],0.020310946
CCOC1=C(C2=CC=CC=C2C=C1)C(=O)NC3C4N(C3=O)C(C(S4)(C)C)C(=O)[O-].[Na+],0.022680828
CC1=C(C(=NO1)C2=CC=CC=C2)C(=O)NC3C4N(C3=O)C(C(S4)(C)C)C(=O)[O-].[Na+],0.0057748994
CCCCCCCCCCCCCOS(=O)(=O)[O-].[Na+],0.5766407
CCCCCCCCCCCC(=O)N(C)CC(=O)[O-].[Na+],0.48537984
CN1C(=NN=N1)SCC2=C(N3C(C(C3=O)NC(=O)C(C4=CC=CC=C4)O)SC2)C(=O)[O-].[Na+],0.011748391
CC1(C2CCC3(C(C2(CCC1OC4C(C(C(C(O4)C(=O)[O-])O)O)OC5C(C(C(C(O5)C(=O)O)O)O)O)C)C(=O)C=C6C3(CCC7(C6CC(CC7)(C)C(=O)O)C)C)C)C.[Na+],0.32023013
CC(=O)CC(=O)NC1=CC=C(C=C1)S(=O)(=O)[O-].[K+],0.23607346
CC=CC=CC(=O)[O-].[K+],0.29468244
CC1(C(N2C(S1)C(C2=O)NC(=O)C3=C(C=CC=C3OC)OC)C(=O)[O-])C.O.[Na+],0.0052817166
CC(C)N1C2=CC=CC=C2C(=C1C=CC(CC(CC(=O)[O-])O)O)C3=CC=C(C=C3)F.[Na+],0.84773606
CC1=CC(=C(C(=O)O1)C(=O)C)[O-].[Na+],0.1492863
CCC(=O)OC(C(C)C)OP(=O)(CCCCC1=CC=CC=C1)CC(=O)N2CC(CC2C(=O)[O-])C3CCCCC3.[Na+],0.5825044
CC1(C(N2C(S1)C(C2=O)NC(=O)C(C3=CC=CC=C3)N=C)C(=O)[O-])C.[Na+],0.0048526
CC1(C(N2C(S1)C(C2=O)NC(=O)C(C3=CC=CC=C3)NC(=O)N4CCNC4=O)C(=O)[O-])C.[Na+],0.016186858
C1C(=C(N2C(S1)C(C2=O)NC(=O)CN3C=NN=N3)C(=O)[O-])CSC4=NN=CS4.[Na+],0.0062473575
CCOC(=S)[S-].[Na+],0.7910994
C1C(=NN(C1=O)C2=CC=C(C=C2)S(=O)(=O)O)C(=O)[O-].[Na+],0.27049062
CC1C=CC=C(C(=O)NC2=CC(=C3C(=C2O)C(=C(C4=C3C(=O)C(O4)(OC=CC(C(C(C(C(C(C1O)C)O)C)OC(=O)C)C)OC)C)C)O)[O-])C.[Na+],0.75240356
[Li+].C1C2N(C1=O)C(C(=CCO)O2)C(=O)[O-],0.017205125
C1=CC(=CN=C1)CC2=CC3=C(C=C2)OC(=C3)C(=O)[O-].O.[Na+],0.17913106
CCCCCCCCCCCCCCCCCCN1C=C[N+](=C1)C.F[P-](F)(F)(F)(F)F,0.9642171
CCCCN1CN(C=C1)C.Br,0.16833754
CCCCCC(C)N.CCCCCC(C)N.OS(=O)(=O)O,0.2782222
CCCCCCCCS(=O)(=O)O.[Na],0.5156819
C(=O)(C(C(C(OC(C(F)(F)F)(C(F)(F)F)F)(F)F)(F)F)(F)F)O,0.3968141
C1CC(C1)(C2=CC=C(C=C2)C3=C(C=C4C(=N3)C=CN5C4=NNC5=O)C6=CC=CC=C6)N.Cl.Cl,0.8546664
CC1CC=CC=CC(C(CC(C(C(C(CC(=O)O1)OC(=O)C)OC)OC2C(C(C(C(O2)C)OC3CC(C(C(O3)C)O)(C)O)N(C)C)O)CC=O)C)OC4CCC(C(O4)C)N(C)C,0.61662257
CCCCCCCCCCCCN1C=C[N+](=C1)C.C(F)(F)(F)S(=O)(=O)[N-]S(=O)(=O)C(F)(F)F,0.95260966
CN(C)C1C2CC3CC4=C(C=CC(=C4C(=C3C(=O)C2(C(=C(C1=O)C(=O)N)O)O)O)O)N(C)C,0.6362249
C1=CC=C2C(=C1)C(=C(C(=O)O2)CC3=C(C4=CC=CC=C4OC3=O)O)O,0.57828707
CC(=O)CC(C1=CC=C(C=C1)[N+](=O)[O-])C2=C(C3=CC=CC=C3OC2=O)O,0.5769706
C1CC(C2=CC=CC=C2C1)C3=C(C4=CC=CC=C4OC3=O)O,0.7309409
C1=CC=C(C(=C1)C(=O)O)[O-].C1=CC=C(C(=C1)C(=O)O)[O-].[Mg+2],0.042526033
CC1(C2CC3C(C(=O)C(=C(C3(C(=O)C2=C(C4=C1C=CC=C4O)O)O)O)C(=O)N)N(C)C)O.Cl,0.4077676
CC1C=CC=CC=CC=CC=CC=CC=CC(CC2C(C(CC(O2)(CC(CC(CC(CC(CC(=O)CC(CC(=O)OC1C(C)CCC(CC(=O)C3=CC=C(C=C3)N)O)O)O)O)O)O)O)O)C(=O)OC)OC4C(C(C(C(O4)C)O)N)O.CC1C=CC=CC=CC=CC=CC=CC=CC(CC2C(C(CC(O2)(CC(CC(CC(CC(CC(=O)CC(CC(=O)OC1C(C)CCC(CC(=O)C3=CC=C(C=C3)NC)O)O)O)O)O)O)O)O)C(=O)OC)OC4C(C(C(C(O4)C)O)N)O,0.47383338
C1(C2C(C(OC1C(=O)O2)O)O)O,0.1815523
CC1=CC(=CC(=C1N)S(=O)(=O)O)C(=C2C=CC(=[NH+]C3=CC=C(C=C3)S(=O)(=O)[O-])C=C2)C4=CC=C(C=C4)NC5=CC=C(C=C5)S(=O)(=O)[O-].[Na+].[Na+],0.84767646
COC1=C(C(=C(C=C1)CCN(CCC2=C(C(=C(C=C2)OC)OC)OC)C(=O)C(C3=CC=CC=C3)C4=NCCC5=CC(=C(C=C54)OC)OC)OC)OC.Cl,0.828971
C1CN=C(N1)C2=CC3=CC=CC=C3C=C2.C(=O)(C(=O)O)O,0.11303279
CCN1C2=CC=CC=C2SC1=CC=CC=CC3=[N+](C4=CC=CC=C4S3)CC.[Cl-],0.9661825
C1CNCCC1CCC2=CNC3=CC=CC=C32.Cl,0.73552257
CCCCCCCCN1CN(C=C1)C.Br,0.94474816
[B-](F)(F)(F)F.CCCC[N+]1(CCCCC1)C,0.14238447
CN1C2CCC1CC(C2)OC(=O)C(CO)C3=CC=CC=C3.CN1C2CCC1CC(C2)OC(=O)C(CO)C3=CC=CC=C3.OS(=O)(=O)O,0.22026436
[CH-]1C=CC=C1.[CH-]1C=CC=C1.[Cl-].[Cl-].[Ti+4],0.2541467
CC1=CC=C(C=C1)C(C)OC(=O)C2(CCC(C2(C)C)C(=O)O)C.C(CO)NCCO,0.23018801
C=C1C(CC(C1CO)O)N2C=NC3=C2N=C(NC3=O)N,0.21262372
C1=CC(=CC=C1C(=O)NC(CCC(=O)O)C(=O)O)NCC2=CN=C3C(=N2)C(=O)NC(=N3)N,0.2985207
CN1CCN(CC1)C2=NC3=C(C=CC(=C3)Cl)NC4=CC=CC=C42,0.7669854
C1=NNC2=C1C(=O)NC(=O)N2,0.102429055
CC1=NC2=C(C=C(C=C2)CN(C)C3=CC=C(S3)C(=O)NC(CCC(=O)O)C(=O)O)C(=O)N1,0.25496316
COC(=O)NN=CC1=[N+](C2=CC=CC=C2[N+](=C1)[O-])[O-],0.834594
C(=NO)C=NO,0.3545497
C1=CC(=CC=C1CCC2=CNC3=C2C(=O)NC(=N3)N)C(=O)NC(CCC(=O)[O-])C(=O)[O-].[Na+].[Na+],0.4855323
CC1=CC(=C(C=C1)N=NC2=C(C(=CC3=CC=CC=C32)C(=O)O)[O-])S(=O)(=O)[O-].[Ca+2],0.29932654
CC1=CC(=O)C2=C(C3=C4C5=C2C1=C(C=C5C(C(=C4C(=O)C=C3O)O)(C)C)O)O,0.8553716
CCNCC.CCN(CC)[N+](=NO)[O-],0.23930639
CCC(=NOCC)C1=C(CC(CC1=O)C2=C(C=C(C=C2C)C)C)O,0.6205023
C1C(N=C(NC1O)N)C2C(=O)NCC(C(=O)NC(C(=O)NC(C(=O)NC(=CNC(=O)N)C(=O)N2)CO)CO)NC(=O)CC(CCCN)N.OS(=O)(=O)O,0.17057475
CCC(=NOCC=CCl)C1=C(CC(CC1=O)C2CCOCC2)O,0.38060835
CC(C)[N+]1(C2CCC1CC(C2)OC(=O)C(CO)C3=CC=CC=C3)C.O.[Br-],0.13480045
